id,license_id,date,price,type,renewable
0,1,2023-01-11,1000,SIM,True
1,1,2023-01-11,5000,SUPERVISION,True
2,1,2023-01-11,5000,SUPERVISION,True
3,1,2023-01-11,1000,SIM,True
4,1,2023-01-11,1000,SIM,True
5,1,2023-01-11,1000,SIM,True
6,1,2023-01-11,5000,SUPERVISION,True
7,1,2023-01-11,100,PASS,True
8,1,2023-01-12,5000,SUPERVISION,True
9,1,2023-01-12,5000,SUPERVISION,True
10,1,2023-01-12,100,PASS,True
11,1,2023-01-12,100,PASS,True
12,1,2023-01-12,5000,SUPERVISION,True
13,1,2023-01-13,5000,SUPERVISION,True
14,1,2023-01-13,5000,SUPERVISION,True
15,1,2023-01-13,5000,SUPERVISION,True
16,1,2023-01-13,1000,SIM,True
17,1,2023-01-13,1000,SIM,True
18,1,2023-01-13,100,PASS,True
19,1,2023-01-13,100,PASS,True
20,1,2023-01-13,100,PASS,False
21,1,2023-01-13,100,PASS,False
22,1,2023-01-14,1000,SIM,False
23,1,2023-01-14,1000,SIM,False
24,1,2023-01-14,5000,SUPERVISION,False
25,1,2023-01-14,1000,SIM,False
26,1,2023-01-14,5000,SUPERVISION,False
27,1,2023-01-14,5000,SUPERVISION,False
28,1,2023-01-14,5000,SUPERVISION,True
29,1,2023-01-15,5000,SUPERVISION,True
30,1,2023-01-15,100,PASS,True
31,1,2023-01-16,5000,SUPERVISION,True
32,1,2023-01-16,5000,SUPERVISION,True
33,1,2023-01-16,1000,SIM,True
34,1,2023-01-16,1000,SIM,True
35,1,2023-01-17,1000,SIM,False
36,1,2023-01-17,1000,SIM,False
37,1,2023-01-17,100,PASS,False
38,1,2023-01-17,5000,SUPERVISION,False
39,1,2023-01-17,5000,SUPERVISION,True
40,1,2023-01-17,5000,SUPERVISION,True
41,1,2023-01-17,100,PASS,True
42,1,2023-01-17,100,PASS,True
43,1,2023-01-18,5000,SUPERVISION,True
44,1,2023-01-18,5000,SUPERVISION,True
45,1,2023-01-18,1000,SIM,True
46,1,2023-01-18,5000,SUPERVISION,True
47,1,2023-01-18,100,PASS,True
48,1,2023-01-18,1000,SIM,True
49,1,2023-01-18,100,PASS,True
50,1,2023-01-18,5000,SUPERVISION,True
51,1,2023-01-18,5000,SUPERVISION,True
52,1,2023-01-18,100,PASS,True
53,1,2023-01-18,5000,SUPERVISION,True
54,1,2023-01-19,5000,SUPERVISION,True
55,1,2023-01-19,5000,SUPERVISION,False
56,1,2023-01-19,5000,SUPERVISION,False
57,1,2023-01-19,5000,SUPERVISION,False
58,1,2023-01-19,5000,SUPERVISION,False
59,1,2023-01-19,1000,SIM,False
60,1,2023-01-20,100,PASS,False
61,1,2023-01-20,5000,SUPERVISION,False
62,1,2023-01-20,5000,SUPERVISION,False
63,1,2023-01-20,1000,SIM,False
64,1,2023-01-20,5000,SUPERVISION,False
65,1,2023-01-21,5000,SUPERVISION,True
66,1,2023-01-21,5000,SUPERVISION,True
67,1,2023-01-21,5000,SUPERVISION,True
68,1,2023-01-21,1000,SIM,True
69,1,2023-01-22,5000,SUPERVISION,True
70,1,2023-01-22,1000,SIM,True
71,1,2023-01-22,1000,SIM,True
72,1,2023-01-22,5000,SUPERVISION,True
73,1,2023-01-23,100,PASS,True
74,1,2023-01-23,5000,SUPERVISION,True
75,1,2023-01-23,5000,SUPERVISION,False
76,1,2023-01-24,5000,SUPERVISION,False
77,1,2023-01-24,5000,SUPERVISION,False
78,1,2023-01-24,5000,SUPERVISION,True
79,1,2023-01-24,5000,SUPERVISION,True
80,1,2023-01-25,5000,SUPERVISION,True
81,1,2023-01-25,5000,SUPERVISION,True
82,1,2023-01-25,5000,SUPERVISION,False
83,1,2023-01-25,5000,SUPERVISION,False
84,1,2023-01-26,5000,SUPERVISION,True
85,1,2023-01-26,5000,SUPERVISION,True
86,1,2023-01-27,5000,SUPERVISION,True
87,1,2023-01-27,1000,SIM,True
88,1,2023-01-27,1000,SIM,True
89,1,2023-01-27,1000,SIM,False
90,1,2023-01-27,1000,SIM,False
91,1,2023-01-27,1000,SIM,False
92,1,2023-01-27,5000,SUPERVISION,False
93,1,2023-01-27,1000,SIM,False
94,1,2023-01-27,1000,SIM,True
95,1,2023-01-28,1000,SIM,True
96,1,2023-01-28,5000,SUPERVISION,True
97,1,2023-01-28,5000,SUPERVISION,False
98,1,2023-01-28,5000,SUPERVISION,False
99,1,2023-01-29,5000,SUPERVISION,False
100,1,2023-01-29,100,PASS,False
101,1,2023-01-30,5000,SUPERVISION,False
102,1,2023-01-30,5000,SUPERVISION,False
103,1,2023-01-30,5000,SUPERVISION,True
104,1,2023-01-31,5000,SUPERVISION,True
105,1,2023-01-31,5000,SUPERVISION,False
106,1,2023-01-31,5000,SUPERVISION,False
107,1,2023-01-31,5000,SUPERVISION,True
108,1,2023-01-31,5000,SUPERVISION,True
109,1,2023-01-31,1000,SIM,True
110,1,2023-02-01,1000,SIM,True
111,1,2023-02-01,5000,SUPERVISION,True
112,1,2023-02-01,5000,SUPERVISION,True
113,1,2023-02-01,5000,SUPERVISION,False
114,1,2023-02-01,5000,SUPERVISION,False
115,1,2023-02-01,1000,SIM,False
116,1,2023-02-01,1000,SIM,True
117,1,2023-02-01,1000,SIM,True
118,1,2023-02-02,100,PASS,True
119,1,2023-02-02,5000,SUPERVISION,True
120,1,2023-02-02,100,PASS,True
121,1,2023-02-02,1000,SIM,True
122,1,2023-02-02,100,PASS,True
123,1,2023-02-02,5000,SUPERVISION,True
124,1,2023-02-02,5000,SUPERVISION,True
125,1,2023-02-02,100,PASS,True
126,1,2023-02-02,5000,SUPERVISION,True
127,1,2023-02-03,5000,SUPERVISION,True
128,1,2023-02-03,1000,SIM,True
129,1,2023-02-04,1000,SIM,True
130,1,2023-02-04,100,PASS,True
131,1,2023-02-04,100,PASS,True
132,1,2023-02-04,5000,SUPERVISION,True
133,1,2023-02-05,1000,SIM,True
134,1,2023-02-05,5000,SUPERVISION,True
135,1,2023-02-05,5000,SUPERVISION,True
136,1,2023-02-05,5000,SUPERVISION,True
137,1,2023-02-05,5000,SUPERVISION,False
138,1,2023-02-05,5000,SUPERVISION,False
139,1,2023-02-06,100,PASS,False
140,1,2023-02-06,5000,SUPERVISION,False
141,1,2023-02-07,1000,SIM,False
142,1,2023-02-07,100,PASS,False
143,1,2023-02-07,1000,SIM,False
144,1,2023-02-07,5000,SUPERVISION,False
145,1,2023-02-07,5000,SUPERVISION,True
146,1,2023-02-07,5000,SUPERVISION,True
147,1,2023-02-08,5000,SUPERVISION,False
148,1,2023-02-08,5000,SUPERVISION,False
149,1,2023-02-08,5000,SUPERVISION,False
150,1,2023-02-08,100,PASS,False
151,1,2023-02-09,5000,SUPERVISION,False
152,1,2023-02-09,5000,SUPERVISION,True
153,1,2023-02-09,5000,SUPERVISION,True
154,1,2023-02-09,100,PASS,True
155,1,2023-02-09,5000,SUPERVISION,True
156,1,2023-02-10,100,PASS,True
157,1,2023-02-10,100,PASS,True
158,1,2023-02-11,5000,SUPERVISION,True
159,1,2023-02-11,5000,SUPERVISION,True
160,1,2023-02-12,1000,SIM,True
161,1,2023-02-12,5000,SUPERVISION,True
162,1,2023-02-12,1000,SIM,True
163,1,2023-02-13,1000,SIM,True
164,1,2023-02-14,5000,SUPERVISION,True
165,1,2023-02-14,1000,SIM,True
166,1,2023-02-15,1000,SIM,False
167,1,2023-02-15,1000,SIM,False
168,1,2023-02-15,100,PASS,False
169,1,2023-02-15,1000,SIM,False
170,1,2023-02-16,100,PASS,False
171,1,2023-02-16,5000,SUPERVISION,False
172,1,2023-02-16,5000,SUPERVISION,False
173,1,2023-02-16,1000,SIM,False
174,1,2023-02-16,1000,SIM,False
175,1,2023-02-16,1000,SIM,False
176,1,2023-02-17,1000,SIM,False
177,1,2023-02-17,100,PASS,False
178,1,2023-02-18,100,PASS,True
179,1,2023-02-18,100,PASS,True
180,1,2023-02-18,5000,SUPERVISION,True
181,1,2023-02-18,5000,SUPERVISION,True
182,1,2023-02-18,5000,SUPERVISION,False
183,1,2023-02-19,5000,SUPERVISION,False
184,1,2023-02-19,5000,SUPERVISION,False
185,1,2023-02-19,5000,SUPERVISION,True
186,1,2023-02-19,5000,SUPERVISION,True
187,1,2023-02-19,5000,SUPERVISION,True
188,1,2023-02-19,5000,SUPERVISION,True
189,1,2023-02-19,5000,SUPERVISION,True
190,1,2023-02-20,100,PASS,True
191,1,2023-02-20,5000,SUPERVISION,True
192,1,2023-02-20,5000,SUPERVISION,True
193,1,2023-02-20,1000,SIM,True
194,1,2023-02-20,1000,SIM,True
195,1,2023-02-20,1000,SIM,False
196,1,2023-02-21,1000,SIM,False
197,1,2023-02-21,1000,SIM,True
198,1,2023-02-21,1000,SIM,True
199,1,2023-02-21,100,PASS,True
200,1,2023-02-21,5000,SUPERVISION,True
201,1,2023-02-21,5000,SUPERVISION,False
202,1,2023-02-22,5000,SUPERVISION,False
203,1,2023-02-22,5000,SUPERVISION,False
204,1,2023-02-22,5000,SUPERVISION,False
205,1,2023-02-22,100,PASS,False
206,1,2023-02-23,5000,SUPERVISION,False
207,1,2023-02-23,1000,SIM,False
208,1,2023-02-23,100,PASS,False
209,1,2023-02-23,100,PASS,False
210,1,2023-02-23,5000,SUPERVISION,False
211,1,2023-02-23,100,PASS,False
212,1,2023-02-23,5000,SUPERVISION,False
213,1,2023-02-23,5000,SUPERVISION,True
214,1,2023-02-23,5000,SUPERVISION,True
215,1,2023-02-24,5000,SUPERVISION,True
216,1,2023-02-24,5000,SUPERVISION,True
217,1,2023-02-24,100,PASS,True
218,1,2023-02-24,100,PASS,True
219,1,2023-02-25,5000,SUPERVISION,True
220,1,2023-02-25,5000,SUPERVISION,True
221,1,2023-02-25,5000,SUPERVISION,False
222,1,2023-02-25,5000,SUPERVISION,False
223,1,2023-02-25,5000,SUPERVISION,False
224,1,2023-02-26,5000,SUPERVISION,False
225,1,2023-02-26,1000,SIM,False
226,1,2023-02-26,1000,SIM,False
227,1,2023-02-26,100,PASS,False
228,1,2023-02-26,1000,SIM,False
229,1,2023-02-27,1000,SIM,False
230,1,2023-02-27,5000,SUPERVISION,False
231,1,2023-02-27,5000,SUPERVISION,False
232,1,2023-02-27,1000,SIM,False
233,1,2023-02-27,100,PASS,False
234,1,2023-02-27,5000,SUPERVISION,False
235,1,2023-02-27,5000,SUPERVISION,False
236,1,2023-02-27,100,PASS,False
237,1,2023-02-27,5000,SUPERVISION,False
238,1,2023-02-28,5000,SUPERVISION,False
239,1,2023-02-28,1000,SIM,False
240,1,2023-02-28,5000,SUPERVISION,False
241,1,2023-02-28,5000,SUPERVISION,True
242,1,2023-02-28,5000,SUPERVISION,True
243,1,2023-02-28,1000,SIM,True
244,1,2023-02-28,100,PASS,True
245,1,2023-03-01,100,PASS,True
246,1,2023-03-01,5000,SUPERVISION,True
247,1,2023-03-01,5000,SUPERVISION,True
248,1,2023-03-01,5000,SUPERVISION,False
249,1,2023-03-02,5000,SUPERVISION,False
250,1,2023-03-02,5000,SUPERVISION,True
251,1,2023-03-02,5000,SUPERVISION,True
252,1,2023-03-02,5000,SUPERVISION,True
253,1,2023-03-02,5000,SUPERVISION,False
254,1,2023-03-03,5000,SUPERVISION,False
255,1,2023-03-03,1000,SIM,False
256,1,2023-03-03,5000,SUPERVISION,False
257,1,2023-03-04,5000,SUPERVISION,True
258,1,2023-03-04,5000,SUPERVISION,True
259,1,2023-03-04,5000,SUPERVISION,True
260,1,2023-03-04,5000,SUPERVISION,False
261,1,2023-03-04,5000,SUPERVISION,False
262,1,2023-03-05,5000,SUPERVISION,True
263,1,2023-03-05,5000,SUPERVISION,True
264,1,2023-03-05,5000,SUPERVISION,False
265,1,2023-03-05,5000,SUPERVISION,False
266,1,2023-03-05,5000,SUPERVISION,False
267,1,2023-03-05,5000,SUPERVISION,False
268,1,2023-03-06,5000,SUPERVISION,True
269,1,2023-03-06,5000,SUPERVISION,True
270,1,2023-03-06,5000,SUPERVISION,True
271,1,2023-03-07,5000,SUPERVISION,True
272,1,2023-03-07,5000,SUPERVISION,True
273,1,2023-03-07,1000,SIM,True
274,1,2023-03-07,5000,SUPERVISION,True
275,1,2023-03-07,5000,SUPERVISION,True
276,1,2023-03-07,5000,SUPERVISION,False
277,1,2023-03-07,5000,SUPERVISION,False
278,1,2023-03-08,5000,SUPERVISION,False
279,1,2023-03-08,1000,SIM,False
280,1,2023-03-08,100,PASS,False
281,1,2023-03-08,5000,SUPERVISION,False
282,1,2023-03-08,5000,SUPERVISION,False
283,1,2023-03-08,5000,SUPERVISION,False
284,1,2023-03-09,5000,SUPERVISION,False
285,1,2023-03-09,5000,SUPERVISION,False
286,1,2023-03-09,1000,SIM,False
287,1,2023-03-09,1000,SIM,True
288,1,2023-03-09,1000,SIM,True
289,1,2023-03-09,1000,SIM,True
290,1,2023-03-09,100,PASS,True
291,1,2023-03-10,5000,SUPERVISION,True
292,1,2023-03-10,1000,SIM,True
293,1,2023-03-10,1000,SIM,True
294,1,2023-03-10,100,PASS,True
295,1,2023-03-10,5000,SUPERVISION,True
296,1,2023-03-11,5000,SUPERVISION,True
297,1,2023-03-11,1000,SIM,True
298,1,2023-03-11,1000,SIM,True
299,1,2023-03-11,5000,SUPERVISION,True
300,1,2023-03-11,5000,SUPERVISION,True
301,1,2023-03-11,5000,SUPERVISION,True
302,1,2023-03-11,1000,SIM,True
303,1,2023-03-11,1000,SIM,False
304,1,2023-03-12,1000,SIM,False
305,1,2023-03-12,1000,SIM,False
306,1,2023-03-12,100,PASS,False
307,1,2023-03-12,5000,SUPERVISION,False
308,1,2023-03-12,5000,SUPERVISION,False
309,1,2023-03-13,5000,SUPERVISION,False
310,1,2023-03-13,5000,SUPERVISION,True
311,1,2023-03-13,5000,SUPERVISION,True
312,1,2023-03-13,5000,SUPERVISION,True
313,1,2023-03-13,5000,SUPERVISION,True
314,1,2023-03-14,5000,SUPERVISION,True
315,1,2023-03-14,1000,SIM,True
316,1,2023-03-14,5000,SUPERVISION,True
317,1,2023-03-14,1000,SIM,True
318,1,2023-03-14,1000,SIM,False
319,1,2023-03-14,1000,SIM,False
320,1,2023-03-15,5000,SUPERVISION,False
321,1,2023-03-15,5000,SUPERVISION,False
322,1,2023-03-15,5000,SUPERVISION,True
323,1,2023-03-15,5000,SUPERVISION,True
324,1,2023-03-15,5000,SUPERVISION,True
325,1,2023-03-16,1000,SIM,True
326,1,2023-03-16,100,PASS,True
327,1,2023-03-16,100,PASS,True
328,1,2023-03-16,1000,SIM,True
329,1,2023-03-16,1000,SIM,True
330,1,2023-03-17,100,PASS,True
331,1,2023-03-17,100,PASS,False
332,1,2023-03-17,100,PASS,False
333,1,2023-03-17,5000,SUPERVISION,False
334,1,2023-03-17,1000,SIM,False
335,1,2023-03-17,5000,SUPERVISION,False
336,1,2023-03-18,5000,SUPERVISION,True
337,1,2023-03-18,5000,SUPERVISION,True
338,1,2023-03-18,100,PASS,True
339,1,2023-03-19,100,PASS,True
340,1,2023-03-19,5000,SUPERVISION,True
341,1,2023-03-19,5000,SUPERVISION,True
342,1,2023-03-19,5000,SUPERVISION,True
343,1,2023-03-19,5000,SUPERVISION,True
344,1,2023-03-20,1000,SIM,True
345,1,2023-03-20,100,PASS,True
346,1,2023-03-20,5000,SUPERVISION,True
347,1,2023-03-20,1000,SIM,True
348,1,2023-03-21,1000,SIM,True
349,1,2023-03-21,5000,SUPERVISION,True
350,1,2023-03-21,5000,SUPERVISION,True
351,1,2023-03-21,1000,SIM,True
352,1,2023-03-22,1000,SIM,True
353,1,2023-03-22,5000,SUPERVISION,True
354,1,2023-03-22,5000,SUPERVISION,True
355,1,2023-03-22,5000,SUPERVISION,True
356,1,2023-03-23,5000,SUPERVISION,True
357,1,2023-03-23,1000,SIM,True
358,1,2023-03-24,1000,SIM,True
359,1,2023-03-24,100,PASS,True
360,1,2023-03-24,5000,SUPERVISION,True
361,1,2023-03-24,100,PASS,True
362,1,2023-03-24,100,PASS,True
363,1,2023-03-24,1000,SIM,True
364,1,2023-03-25,1000,SIM,True
365,1,2023-03-25,5000,SUPERVISION,True
366,1,2023-03-25,5000,SUPERVISION,True
367,1,2023-03-25,5000,SUPERVISION,False
368,1,2023-03-26,5000,SUPERVISION,False
369,1,2023-03-26,100,PASS,False
370,1,2023-03-26,100,PASS,True
371,1,2023-03-26,100,PASS,True
372,1,2023-03-26,5000,SUPERVISION,True
373,1,2023-03-26,5000,SUPERVISION,False
374,1,2023-03-26,5000,SUPERVISION,False
375,1,2023-03-27,5000,SUPERVISION,False
376,1,2023-03-27,1000,SIM,False
377,1,2023-03-27,5000,SUPERVISION,False
378,1,2023-03-27,5000,SUPERVISION,False
379,1,2023-03-27,5000,SUPERVISION,False
380,1,2023-03-27,5000,SUPERVISION,False
381,1,2023-03-28,5000,SUPERVISION,False
382,1,2023-03-28,5000,SUPERVISION,True
383,1,2023-03-28,5000,SUPERVISION,True
384,1,2023-03-28,5000,SUPERVISION,True
385,1,2023-03-28,1000,SIM,True
386,1,2023-03-29,1000,SIM,True
387,1,2023-03-29,1000,SIM,False
388,1,2023-03-29,1000,SIM,False
389,1,2023-03-29,1000,SIM,False
390,1,2023-03-29,100,PASS,False
391,1,2023-03-29,5000,SUPERVISION,False
392,1,2023-03-29,100,PASS,False
393,1,2023-03-30,100,PASS,True
394,1,2023-03-30,100,PASS,True
395,1,2023-03-30,5000,SUPERVISION,True
396,1,2023-03-30,5000,SUPERVISION,True
397,1,2023-03-30,5000,SUPERVISION,True
398,1,2023-03-31,1000,SIM,True
399,1,2023-03-31,1000,SIM,True
400,1,2023-03-31,1000,SIM,True
401,1,2023-03-31,5000,SUPERVISION,True
402,1,2023-03-31,5000,SUPERVISION,False
403,1,2023-03-31,5000,SUPERVISION,False
404,1,2023-03-31,5000,SUPERVISION,True
405,1,2023-03-31,5000,SUPERVISION,True
406,1,2023-04-01,5000,SUPERVISION,True
407,1,2023-04-01,100,PASS,True
408,1,2023-04-01,100,PASS,True
409,1,2023-04-01,5000,SUPERVISION,True
410,1,2023-04-01,5000,SUPERVISION,True
411,1,2023-04-01,5000,SUPERVISION,True
412,1,2023-04-02,5000,SUPERVISION,True
413,1,2023-04-02,1000,SIM,True
414,1,2023-04-02,1000,SIM,True
415,1,2023-04-03,1000,SIM,True
416,1,2023-04-03,5000,SUPERVISION,True
417,1,2023-04-03,5000,SUPERVISION,True
418,1,2023-04-03,5000,SUPERVISION,True
419,1,2023-04-03,5000,SUPERVISION,True
420,1,2023-04-03,5000,SUPERVISION,True
421,1,2023-04-03,5000,SUPERVISION,True
422,1,2023-04-04,5000,SUPERVISION,True
423,1,2023-04-04,5000,SUPERVISION,False
424,1,2023-04-04,5000,SUPERVISION,False
425,1,2023-04-04,1000,SIM,False
426,1,2023-04-04,100,PASS,False
427,1,2023-04-04,5000,SUPERVISION,False
428,1,2023-04-04,5000,SUPERVISION,False
429,1,2023-04-04,5000,SUPERVISION,False
430,1,2023-04-04,100,PASS,False
431,1,2023-04-05,5000,SUPERVISION,False
432,1,2023-04-05,100,PASS,False
433,1,2023-04-05,1000,SIM,False
434,1,2023-04-05,100,PASS,False
435,1,2023-04-05,5000,SUPERVISION,False
436,1,2023-04-05,5000,SUPERVISION,False
437,1,2023-04-05,5000,SUPERVISION,False
438,1,2023-04-05,5000,SUPERVISION,False
439,1,2023-04-05,1000,SIM,False
440,1,2023-04-06,100,PASS,False
441,1,2023-04-06,5000,SUPERVISION,False
442,1,2023-04-06,5000,SUPERVISION,False
443,1,2023-04-06,1000,SIM,False
444,1,2023-04-06,1000,SIM,False
445,1,2023-04-07,5000,SUPERVISION,False
446,1,2023-04-07,5000,SUPERVISION,False
447,1,2023-04-07,5000,SUPERVISION,False
448,1,2023-04-07,1000,SIM,False
449,1,2023-04-07,100,PASS,False
450,1,2023-04-08,5000,SUPERVISION,False
451,1,2023-04-08,5000,SUPERVISION,True
452,1,2023-04-08,5000,SUPERVISION,True
453,1,2023-04-08,5000,SUPERVISION,True
454,1,2023-04-08,1000,SIM,True
455,1,2023-04-08,100,PASS,True
456,1,2023-04-09,100,PASS,False
457,1,2023-04-10,100,PASS,False
458,1,2023-04-10,100,PASS,False
459,1,2023-04-10,100,PASS,False
460,1,2023-04-10,5000,SUPERVISION,False
461,1,2023-04-10,5000,SUPERVISION,False
462,1,2023-04-10,5000,SUPERVISION,False
463,1,2023-04-11,5000,SUPERVISION,False
464,1,2023-04-11,5000,SUPERVISION,False
465,1,2023-04-11,1000,SIM,False
466,1,2023-04-12,100,PASS,False
467,1,2023-04-12,5000,SUPERVISION,False
468,1,2023-04-12,5000,SUPERVISION,False
469,1,2023-04-12,100,PASS,False
470,1,2023-04-12,5000,SUPERVISION,False
471,1,2023-04-13,5000,SUPERVISION,False
472,1,2023-04-13,5000,SUPERVISION,False
473,1,2023-04-13,5000,SUPERVISION,True
474,1,2023-04-13,5000,SUPERVISION,True
475,1,2023-04-13,100,PASS,True
476,1,2023-04-14,100,PASS,False
477,1,2023-04-14,100,PASS,False
478,1,2023-04-14,5000,SUPERVISION,False
479,1,2023-04-15,5000,SUPERVISION,False
480,1,2023-04-16,100,PASS,False
481,1,2023-04-16,5000,SUPERVISION,False
482,1,2023-04-16,1000,SIM,False
483,1,2023-04-17,1000,SIM,True
484,1,2023-04-17,1000,SIM,True
485,1,2023-04-17,5000,SUPERVISION,True
486,1,2023-04-17,100,PASS,True
487,1,2023-04-17,100,PASS,True
488,1,2023-04-18,5000,SUPERVISION,True
489,1,2023-04-18,5000,SUPERVISION,False
490,1,2023-04-18,5000,SUPERVISION,False
491,1,2023-04-18,100,PASS,False
492,1,2023-04-18,1000,SIM,False
493,1,2023-04-18,5000,SUPERVISION,False
494,1,2023-04-18,5000,SUPERVISION,False
495,1,2023-04-19,1000,SIM,False
496,1,2023-04-19,100,PASS,False
497,1,2023-04-19,1000,SIM,False
498,1,2023-04-19,1000,SIM,False
499,1,2023-04-19,5000,SUPERVISION,False
500,1,2023-04-19,1000,SIM,False
501,1,2023-04-19,1000,SIM,True
502,1,2023-04-20,1000,SIM,True
503,1,2023-04-20,100,PASS,True
504,1,2023-04-20,5000,SUPERVISION,True
505,1,2023-04-20,5000,SUPERVISION,True
506,1,2023-04-20,5000,SUPERVISION,True
507,1,2023-04-20,5000,SUPERVISION,True
508,1,2023-04-20,1000,SIM,True
509,1,2023-04-21,1000,SIM,True
510,1,2023-04-21,5000,SUPERVISION,True
511,1,2023-04-21,5000,SUPERVISION,True
512,1,2023-04-21,1000,SIM,True
513,1,2023-04-22,100,PASS,True
514,1,2023-04-22,100,PASS,False
515,1,2023-04-22,100,PASS,False
516,1,2023-04-22,5000,SUPERVISION,False
517,1,2023-04-22,1000,SIM,False
518,1,2023-04-23,1000,SIM,False
519,1,2023-04-23,1000,SIM,False
520,1,2023-04-23,1000,SIM,False
521,1,2023-04-23,1000,SIM,False
522,1,2023-04-23,5000,SUPERVISION,False
523,1,2023-04-23,5000,SUPERVISION,False
524,1,2023-04-24,1000,SIM,False
525,1,2023-04-24,5000,SUPERVISION,False
526,1,2023-04-24,1000,SIM,False
527,1,2023-04-24,1000,SIM,False
528,1,2023-04-24,1000,SIM,False
529,1,2023-04-25,5000,SUPERVISION,False
530,1,2023-04-25,5000,SUPERVISION,True
531,1,2023-04-25,5000,SUPERVISION,True
532,1,2023-04-25,5000,SUPERVISION,True
533,1,2023-04-25,5000,SUPERVISION,True
534,1,2023-04-25,5000,SUPERVISION,False
535,1,2023-04-25,5000,SUPERVISION,False
536,1,2023-04-26,100,PASS,False
537,1,2023-04-26,5000,SUPERVISION,False
538,1,2023-04-26,1000,SIM,False
539,1,2023-04-26,5000,SUPERVISION,False
540,1,2023-04-26,5000,SUPERVISION,True
541,1,2023-04-26,5000,SUPERVISION,True
542,1,2023-04-26,5000,SUPERVISION,True
543,1,2023-04-26,100,PASS,True
544,1,2023-04-26,100,PASS,False
545,1,2023-04-27,100,PASS,False
546,1,2023-04-27,5000,SUPERVISION,False
547,1,2023-04-27,5000,SUPERVISION,False
548,1,2023-04-27,5000,SUPERVISION,True
549,1,2023-04-27,5000,SUPERVISION,True
550,1,2023-04-27,5000,SUPERVISION,True
551,1,2023-04-27,5000,SUPERVISION,True
552,1,2023-04-27,100,PASS,True
553,1,2023-04-28,100,PASS,False
554,1,2023-04-28,100,PASS,False
555,1,2023-04-28,100,PASS,False
556,1,2023-04-28,5000,SUPERVISION,False
557,1,2023-04-28,5000,SUPERVISION,False
558,1,2023-04-28,1000,SIM,False
559,1,2023-04-29,5000,SUPERVISION,False
560,1,2023-04-29,5000,SUPERVISION,True
561,1,2023-04-29,5000,SUPERVISION,True
562,1,2023-04-29,5000,SUPERVISION,False
563,1,2023-04-30,5000,SUPERVISION,False
564,1,2023-04-30,5000,SUPERVISION,True
565,1,2023-04-30,5000,SUPERVISION,True
566,1,2023-04-30,100,PASS,True
567,1,2023-04-30,100,PASS,True
568,1,2023-05-01,1000,SIM,True
569,1,2023-05-01,100,PASS,True
570,1,2023-05-01,5000,SUPERVISION,True
571,1,2023-05-01,100,PASS,True
572,1,2023-05-01,100,PASS,False
573,1,2023-05-01,100,PASS,False
574,1,2023-05-01,5000,SUPERVISION,False
575,1,2023-05-02,1000,SIM,False
576,1,2023-05-02,100,PASS,False
577,1,2023-05-02,100,PASS,True
578,1,2023-05-02,100,PASS,True
579,1,2023-05-02,100,PASS,False
580,1,2023-05-02,100,PASS,False
581,1,2023-05-03,100,PASS,False
582,1,2023-05-03,5000,SUPERVISION,False
583,1,2023-05-03,5000,SUPERVISION,False
584,1,2023-05-03,100,PASS,False
585,1,2023-05-04,5000,SUPERVISION,False
586,1,2023-05-04,5000,SUPERVISION,True
587,1,2023-05-05,5000,SUPERVISION,True
588,1,2023-05-06,1000,SIM,True
589,1,2023-05-06,1000,SIM,True
590,1,2023-05-07,1000,SIM,True
591,1,2023-05-07,100,PASS,True
592,1,2023-05-07,100,PASS,False
593,1,2023-05-07,100,PASS,False
594,1,2023-05-07,5000,SUPERVISION,False
595,1,2023-05-07,5000,SUPERVISION,True
596,1,2023-05-08,5000,SUPERVISION,True
597,1,2023-05-08,5000,SUPERVISION,True
598,1,2023-05-08,5000,SUPERVISION,True
599,1,2023-05-08,5000,SUPERVISION,False
600,1,2023-05-08,5000,SUPERVISION,False
601,1,2023-05-08,5000,SUPERVISION,False
602,1,2023-05-09,5000,SUPERVISION,False
603,1,2023-05-09,1000,SIM,False
604,1,2023-05-09,1000,SIM,True
605,1,2023-05-10,1000,SIM,True
606,1,2023-05-10,5000,SUPERVISION,True
607,1,2023-05-10,1000,SIM,True
608,1,2023-05-10,5000,SUPERVISION,True
609,1,2023-05-10,5000,SUPERVISION,False
610,1,2023-05-11,5000,SUPERVISION,False
611,1,2023-05-11,5000,SUPERVISION,True
612,1,2023-05-11,5000,SUPERVISION,True
613,1,2023-05-11,1000,SIM,True
614,1,2023-05-11,1000,SIM,True
615,1,2023-05-11,1000,SIM,True
616,1,2023-05-12,100,PASS,True
617,1,2023-05-12,5000,SUPERVISION,True
618,1,2023-05-12,5000,SUPERVISION,True
619,1,2023-05-12,100,PASS,True
620,1,2023-05-12,5000,SUPERVISION,True
621,1,2023-05-12,5000,SUPERVISION,False
622,1,2023-05-12,5000,SUPERVISION,False
623,1,2023-05-13,5000,SUPERVISION,False
624,1,2023-05-13,5000,SUPERVISION,False
625,1,2023-05-13,5000,SUPERVISION,False
626,1,2023-05-14,5000,SUPERVISION,False
627,1,2023-05-14,100,PASS,False
628,1,2023-05-14,5000,SUPERVISION,False
629,1,2023-05-14,1000,SIM,False
630,1,2023-05-15,1000,SIM,False
631,1,2023-05-15,1000,SIM,False
632,1,2023-05-15,1000,SIM,False
633,1,2023-05-15,1000,SIM,False
634,1,2023-05-15,5000,SUPERVISION,False
635,1,2023-05-15,5000,SUPERVISION,True
636,1,2023-05-15,5000,SUPERVISION,True
637,1,2023-05-15,5000,SUPERVISION,True
638,1,2023-05-15,100,PASS,True
639,1,2023-05-15,5000,SUPERVISION,True
640,1,2023-05-15,1000,SIM,True
641,1,2023-05-15,100,PASS,True
642,1,2023-05-16,5000,SUPERVISION,True
643,1,2023-05-16,5000,SUPERVISION,True
644,1,2023-05-16,1000,SIM,True
645,1,2023-05-16,5000,SUPERVISION,True
646,1,2023-05-16,5000,SUPERVISION,True
647,1,2023-05-16,5000,SUPERVISION,False
648,1,2023-05-16,5000,SUPERVISION,False
649,1,2023-05-17,5000,SUPERVISION,False
650,1,2023-05-17,5000,SUPERVISION,False
651,1,2023-05-17,5000,SUPERVISION,False
652,1,2023-05-17,5000,SUPERVISION,True
653,1,2023-05-17,5000,SUPERVISION,True
654,1,2023-05-17,5000,SUPERVISION,True
655,1,2023-05-18,100,PASS,True
656,1,2023-05-18,1000,SIM,True
657,1,2023-05-18,100,PASS,True
658,1,2023-05-18,5000,SUPERVISION,True
659,1,2023-05-18,5000,SUPERVISION,True
660,1,2023-05-18,5000,SUPERVISION,True
661,1,2023-05-18,5000,SUPERVISION,False
662,1,2023-05-18,5000,SUPERVISION,False
663,1,2023-05-18,5000,SUPERVISION,False
664,1,2023-05-18,5000,SUPERVISION,False
665,1,2023-05-19,5000,SUPERVISION,False
666,1,2023-05-19,5000,SUPERVISION,False
667,1,2023-05-19,1000,SIM,False
668,1,2023-05-20,100,PASS,False
669,1,2023-05-20,5000,SUPERVISION,False
670,1,2023-05-20,1000,SIM,False
671,1,2023-05-20,5000,SUPERVISION,False
672,1,2023-05-20,5000,SUPERVISION,False
673,1,2023-05-21,5000,SUPERVISION,False
674,1,2023-05-21,1000,SIM,False
675,1,2023-05-21,100,PASS,False
676,1,2023-05-21,5000,SUPERVISION,False
677,1,2023-05-22,100,PASS,False
678,1,2023-05-22,100,PASS,False
679,1,2023-05-22,5000,SUPERVISION,False
680,1,2023-05-22,1000,SIM,False
681,1,2023-05-22,5000,SUPERVISION,False
682,1,2023-05-22,5000,SUPERVISION,False
683,1,2023-05-22,100,PASS,False
684,1,2023-05-22,5000,SUPERVISION,False
685,1,2023-05-23,5000,SUPERVISION,False
686,1,2023-05-23,5000,SUPERVISION,False
687,1,2023-05-23,5000,SUPERVISION,False
688,1,2023-05-24,5000,SUPERVISION,False
689,1,2023-05-24,1000,SIM,False
690,1,2023-05-24,100,PASS,False
691,1,2023-05-25,1000,SIM,False
692,1,2023-05-25,1000,SIM,False
693,1,2023-05-25,5000,SUPERVISION,False
694,1,2023-05-25,5000,SUPERVISION,True
695,1,2023-05-25,5000,SUPERVISION,True
696,1,2023-05-26,5000,SUPERVISION,True
697,1,2023-05-26,5000,SUPERVISION,False
698,1,2023-05-26,5000,SUPERVISION,False
699,1,2023-05-26,5000,SUPERVISION,False
700,1,2023-05-26,5000,SUPERVISION,False
701,1,2023-05-27,5000,SUPERVISION,True
702,1,2023-05-27,5000,SUPERVISION,True
703,1,2023-05-27,5000,SUPERVISION,True
704,1,2023-05-27,1000,SIM,True
705,1,2023-05-27,5000,SUPERVISION,True
706,1,2023-05-27,5000,SUPERVISION,True
707,1,2023-05-27,5000,SUPERVISION,True
708,1,2023-05-27,1000,SIM,True
709,1,2023-05-28,5000,SUPERVISION,True
710,1,2023-05-28,100,PASS,True
711,1,2023-05-28,5000,SUPERVISION,True
712,1,2023-05-28,1000,SIM,True
713,1,2023-05-29,100,PASS,True
714,1,2023-05-29,5000,SUPERVISION,True
715,1,2023-05-29,5000,SUPERVISION,True
716,1,2023-05-29,1000,SIM,True
717,1,2023-05-29,1000,SIM,True
718,1,2023-05-29,1000,SIM,True
719,1,2023-05-30,5000,SUPERVISION,True
720,1,2023-05-30,5000,SUPERVISION,False
721,1,2023-05-30,5000,SUPERVISION,False
722,1,2023-05-30,100,PASS,False
723,1,2023-05-30,100,PASS,False
724,1,2023-05-30,100,PASS,True
725,1,2023-05-30,100,PASS,True
726,1,2023-05-31,5000,SUPERVISION,True
727,1,2023-05-31,5000,SUPERVISION,True
728,1,2023-05-31,5000,SUPERVISION,True
729,1,2023-05-31,5000,SUPERVISION,False
730,1,2023-05-31,5000,SUPERVISION,False
731,1,2023-05-31,5000,SUPERVISION,False
732,1,2023-05-31,5000,SUPERVISION,False
733,1,2023-06-01,1000,SIM,False
734,1,2023-06-01,1000,SIM,True
735,1,2023-06-01,1000,SIM,True
736,1,2023-06-01,1000,SIM,True
737,1,2023-06-02,1000,SIM,False
738,1,2023-06-02,1000,SIM,False
739,1,2023-06-02,5000,SUPERVISION,False
740,1,2023-06-02,5000,SUPERVISION,False
741,1,2023-06-02,5000,SUPERVISION,False
742,1,2023-06-02,1000,SIM,False
743,1,2023-06-02,1000,SIM,False
744,1,2023-06-03,5000,SUPERVISION,False
745,1,2023-06-03,5000,SUPERVISION,False
746,1,2023-06-05,5000,SUPERVISION,True
747,1,2023-06-05,5000,SUPERVISION,True
748,1,2023-06-05,5000,SUPERVISION,True
749,1,2023-06-05,100,PASS,True
750,1,2023-06-06,100,PASS,False
751,1,2023-06-06,100,PASS,False
752,1,2023-06-06,5000,SUPERVISION,False
753,1,2023-06-06,5000,SUPERVISION,True
754,1,2023-06-06,5000,SUPERVISION,True
755,1,2023-06-06,5000,SUPERVISION,True
756,1,2023-06-06,100,PASS,True
757,1,2023-06-06,5000,SUPERVISION,True
758,1,2023-06-06,5000,SUPERVISION,True
759,1,2023-06-06,1000,SIM,True
760,1,2023-06-06,1000,SIM,True
761,1,2023-06-06,1000,SIM,True
762,1,2023-06-06,5000,SUPERVISION,True
763,1,2023-06-07,5000,SUPERVISION,False
764,1,2023-06-07,5000,SUPERVISION,False
765,1,2023-06-07,5000,SUPERVISION,False
766,1,2023-06-07,1000,SIM,False
767,1,2023-06-07,5000,SUPERVISION,False
768,1,2023-06-07,1000,SIM,False
769,1,2023-06-07,1000,SIM,False
770,1,2023-06-07,100,PASS,False
771,1,2023-06-08,100,PASS,False
772,1,2023-06-08,5000,SUPERVISION,False
773,1,2023-06-08,5000,SUPERVISION,False
774,1,2023-06-08,5000,SUPERVISION,False
775,1,2023-06-08,5000,SUPERVISION,False
776,1,2023-06-08,100,PASS,False
777,1,2023-06-08,5000,SUPERVISION,False
778,1,2023-06-08,5000,SUPERVISION,True
779,1,2023-06-09,5000,SUPERVISION,True
780,1,2023-06-09,5000,SUPERVISION,True
781,1,2023-06-09,5000,SUPERVISION,True
782,1,2023-06-09,1000,SIM,True
783,1,2023-06-09,100,PASS,True
784,1,2023-06-09,100,PASS,False
785,1,2023-06-10,100,PASS,False
786,1,2023-06-10,100,PASS,False
787,1,2023-06-10,100,PASS,False
788,1,2023-06-10,100,PASS,True
789,1,2023-06-10,100,PASS,True
790,1,2023-06-10,100,PASS,True
791,1,2023-06-10,100,PASS,True
792,1,2023-06-10,5000,SUPERVISION,True
793,1,2023-06-10,1000,SIM,True
794,1,2023-06-11,1000,SIM,True
795,1,2023-06-11,1000,SIM,True
796,1,2023-06-11,1000,SIM,True
797,1,2023-06-12,5000,SUPERVISION,True
798,1,2023-06-12,5000,SUPERVISION,True
799,1,2023-06-12,1000,SIM,True
800,1,2023-06-12,5000,SUPERVISION,True
801,1,2023-06-12,1000,SIM,True
802,1,2023-06-12,5000,SUPERVISION,True
803,1,2023-06-12,5000,SUPERVISION,True
804,1,2023-06-12,5000,SUPERVISION,False
805,1,2023-06-13,5000,SUPERVISION,False
806,1,2023-06-13,5000,SUPERVISION,True
807,1,2023-06-13,5000,SUPERVISION,True
808,1,2023-06-13,1000,SIM,True
809,1,2023-06-14,1000,SIM,False
810,1,2023-06-14,1000,SIM,False
811,1,2023-06-14,100,PASS,False
812,1,2023-06-14,5000,SUPERVISION,False
813,1,2023-06-14,5000,SUPERVISION,True
814,1,2023-06-14,5000,SUPERVISION,True
815,1,2023-06-14,5000,SUPERVISION,False
816,1,2023-06-14,5000,SUPERVISION,False
817,1,2023-06-15,5000,SUPERVISION,False
818,1,2023-06-15,5000,SUPERVISION,False
819,1,2023-06-15,5000,SUPERVISION,False
820,1,2023-06-15,5000,SUPERVISION,False
821,1,2023-06-15,5000,SUPERVISION,True
822,1,2023-06-15,5000,SUPERVISION,True
823,1,2023-06-16,5000,SUPERVISION,True
824,1,2023-06-16,5000,SUPERVISION,False
825,1,2023-06-16,5000,SUPERVISION,False
826,1,2023-06-16,1000,SIM,False
827,1,2023-06-17,5000,SUPERVISION,False
828,1,2023-06-17,5000,SUPERVISION,False
829,1,2023-06-17,1000,SIM,False
830,1,2023-06-17,5000,SUPERVISION,False
831,1,2023-06-17,5000,SUPERVISION,False
832,1,2023-06-18,100,PASS,False
833,1,2023-06-18,1000,SIM,False
834,1,2023-06-18,5000,SUPERVISION,False
835,1,2023-06-18,100,PASS,False
836,1,2023-06-18,5000,SUPERVISION,False
837,1,2023-06-19,1000,SIM,False
838,1,2023-06-19,100,PASS,False
839,1,2023-06-19,5000,SUPERVISION,False
840,1,2023-06-19,5000,SUPERVISION,False
841,1,2023-06-19,5000,SUPERVISION,True
842,1,2023-06-20,5000,SUPERVISION,True
843,1,2023-06-20,5000,SUPERVISION,True
844,1,2023-06-20,5000,SUPERVISION,False
845,1,2023-06-20,5000,SUPERVISION,False
846,1,2023-06-20,5000,SUPERVISION,False
847,1,2023-06-21,5000,SUPERVISION,False
848,1,2023-06-21,5000,SUPERVISION,False
849,1,2023-06-21,100,PASS,False
850,1,2023-06-21,1000,SIM,False
851,1,2023-06-21,5000,SUPERVISION,False
852,1,2023-06-21,5000,SUPERVISION,False
853,1,2023-06-22,5000,SUPERVISION,True
854,1,2023-06-22,5000,SUPERVISION,True
855,1,2023-06-22,100,PASS,True
856,1,2023-06-23,100,PASS,True
857,1,2023-06-23,100,PASS,True
858,1,2023-06-23,5000,SUPERVISION,True
859,1,2023-06-23,5000,SUPERVISION,True
860,1,2023-06-24,1000,SIM,True
861,1,2023-06-24,100,PASS,True
862,1,2023-06-24,1000,SIM,True
863,1,2023-06-24,100,PASS,True
864,1,2023-06-24,5000,SUPERVISION,True
865,1,2023-06-24,100,PASS,True
866,1,2023-06-25,100,PASS,True
867,1,2023-06-25,5000,SUPERVISION,True
868,1,2023-06-25,100,PASS,True
869,1,2023-06-25,5000,SUPERVISION,True
870,1,2023-06-25,1000,SIM,True
871,1,2023-06-25,100,PASS,True
872,1,2023-06-25,5000,SUPERVISION,True
873,1,2023-06-25,5000,SUPERVISION,True
874,1,2023-06-25,1000,SIM,True
875,1,2023-06-25,5000,SUPERVISION,True
876,1,2023-06-26,5000,SUPERVISION,True
877,1,2023-06-26,5000,SUPERVISION,True
878,1,2023-06-27,5000,SUPERVISION,True
879,1,2023-06-27,5000,SUPERVISION,True
880,1,2023-06-28,1000,SIM,True
881,1,2023-06-28,1000,SIM,False
882,1,2023-06-28,1000,SIM,False
883,1,2023-06-28,5000,SUPERVISION,False
884,1,2023-06-28,5000,SUPERVISION,False
885,1,2023-06-28,5000,SUPERVISION,False
886,1,2023-06-29,5000,SUPERVISION,True
887,1,2023-06-29,5000,SUPERVISION,True
888,1,2023-06-29,5000,SUPERVISION,True
889,1,2023-06-29,1000,SIM,True
890,1,2023-06-29,5000,SUPERVISION,True
891,1,2023-06-29,5000,SUPERVISION,True
892,1,2023-06-30,5000,SUPERVISION,True
893,1,2023-06-30,5000,SUPERVISION,False
894,1,2023-06-30,5000,SUPERVISION,False
895,1,2023-06-30,1000,SIM,False
896,1,2023-06-30,1000,SIM,True
897,1,2023-07-01,1000,SIM,True
898,1,2023-07-01,1000,SIM,True
899,1,2023-07-01,100,PASS,True
900,1,2023-07-01,100,PASS,True
901,1,2023-07-01,100,PASS,False
902,1,2023-07-01,100,PASS,False
903,1,2023-07-01,1000,SIM,False
904,1,2023-07-01,1000,SIM,False
905,1,2023-07-01,5000,SUPERVISION,False
906,1,2023-07-01,5000,SUPERVISION,False
907,1,2023-07-02,5000,SUPERVISION,False
908,1,2023-07-02,5000,SUPERVISION,False
909,1,2023-07-02,5000,SUPERVISION,False
910,1,2023-07-03,1000,SIM,False
911,1,2023-07-03,100,PASS,False
912,1,2023-07-03,5000,SUPERVISION,False
913,1,2023-07-03,5000,SUPERVISION,True
914,1,2023-07-03,5000,SUPERVISION,True
915,1,2023-07-03,5000,SUPERVISION,True
916,1,2023-07-03,1000,SIM,True
917,1,2023-07-04,5000,SUPERVISION,True
918,1,2023-07-04,5000,SUPERVISION,True
919,1,2023-07-04,1000,SIM,True
920,1,2023-07-04,5000,SUPERVISION,True
921,1,2023-07-04,1000,SIM,True
922,1,2023-07-04,5000,SUPERVISION,True
923,1,2023-07-04,5000,SUPERVISION,False
924,1,2023-07-04,5000,SUPERVISION,False
925,1,2023-07-05,100,PASS,False
926,1,2023-07-05,5000,SUPERVISION,False
927,1,2023-07-05,5000,SUPERVISION,False
928,1,2023-07-05,5000,SUPERVISION,False
929,1,2023-07-05,5000,SUPERVISION,True
930,1,2023-07-06,5000,SUPERVISION,True
931,1,2023-07-06,5000,SUPERVISION,True
932,1,2023-07-06,5000,SUPERVISION,False
933,1,2023-07-06,5000,SUPERVISION,False
934,1,2023-07-07,100,PASS,False
935,1,2023-07-07,5000,SUPERVISION,False
936,1,2023-07-07,5000,SUPERVISION,True
937,1,2023-07-07,5000,SUPERVISION,True
938,1,2023-07-07,5000,SUPERVISION,True
939,1,2023-07-07,1000,SIM,True
940,1,2023-07-07,100,PASS,True
941,1,2023-07-07,5000,SUPERVISION,True
942,1,2023-07-07,5000,SUPERVISION,True
943,1,2023-07-08,5000,SUPERVISION,True
944,1,2023-07-08,5000,SUPERVISION,True
945,1,2023-07-08,5000,SUPERVISION,False
946,1,2023-07-08,5000,SUPERVISION,False
947,1,2023-07-08,5000,SUPERVISION,False
948,1,2023-07-08,5000,SUPERVISION,True
949,1,2023-07-08,5000,SUPERVISION,True
950,1,2023-07-08,100,PASS,True
951,1,2023-07-09,5000,SUPERVISION,True
952,1,2023-07-09,5000,SUPERVISION,False
953,1,2023-07-09,5000,SUPERVISION,False
954,1,2023-07-09,100,PASS,False
955,1,2023-07-09,5000,SUPERVISION,False
956,1,2023-07-09,5000,SUPERVISION,False
957,1,2023-07-09,5000,SUPERVISION,False
958,1,2023-07-09,1000,SIM,False
959,1,2023-07-09,1000,SIM,False
960,1,2023-07-10,1000,SIM,True
961,1,2023-07-10,1000,SIM,True
962,1,2023-07-10,1000,SIM,False
963,1,2023-07-11,1000,SIM,False
964,1,2023-07-11,100,PASS,False
965,1,2023-07-11,5000,SUPERVISION,False
966,1,2023-07-12,5000,SUPERVISION,False
967,1,2023-07-12,1000,SIM,False
968,1,2023-07-12,100,PASS,False
969,1,2023-07-12,1000,SIM,False
970,1,2023-07-12,5000,SUPERVISION,False
971,1,2023-07-12,5000,SUPERVISION,True
972,1,2023-07-12,5000,SUPERVISION,True
973,1,2023-07-13,5000,SUPERVISION,False
974,1,2023-07-13,5000,SUPERVISION,False
975,1,2023-07-13,5000,SUPERVISION,False
976,1,2023-07-13,1000,SIM,False
977,1,2023-07-13,1000,SIM,False
978,1,2023-07-13,1000,SIM,False
979,1,2023-07-14,100,PASS,False
980,1,2023-07-14,5000,SUPERVISION,False
981,1,2023-07-14,5000,SUPERVISION,False
982,1,2023-07-14,1000,SIM,False
983,1,2023-07-14,100,PASS,False
984,1,2023-07-14,5000,SUPERVISION,False
985,1,2023-07-14,5000,SUPERVISION,False
986,1,2023-07-14,5000,SUPERVISION,True
987,1,2023-07-15,5000,SUPERVISION,True
988,1,2023-07-15,100,PASS,True
989,1,2023-07-15,100,PASS,True
990,1,2023-07-16,100,PASS,True
991,1,2023-07-16,5000,SUPERVISION,True
992,1,2023-07-16,5000,SUPERVISION,True
993,1,2023-07-16,1000,SIM,True
994,1,2023-07-16,5000,SUPERVISION,True
995,1,2023-07-16,5000,SUPERVISION,True
996,1,2023-07-16,5000,SUPERVISION,True
997,1,2023-07-16,5000,SUPERVISION,True
998,1,2023-07-17,100,PASS,True
999,1,2023-07-17,5000,SUPERVISION,True
1000,1,2023-07-17,5000,SUPERVISION,True
1001,1,2023-07-17,5000,SUPERVISION,False
1002,1,2023-07-17,5000,SUPERVISION,False
1003,1,2023-07-17,5000,SUPERVISION,False
1004,1,2023-07-17,5000,SUPERVISION,True
1005,1,2023-07-18,5000,SUPERVISION,True
1006,1,2023-07-18,5000,SUPERVISION,True
1007,1,2023-07-18,1000,SIM,True
1008,1,2023-07-18,100,PASS,True
1009,1,2023-07-18,5000,SUPERVISION,True
1010,1,2023-07-18,5000,SUPERVISION,True
1011,1,2023-07-19,5000,SUPERVISION,False
1012,1,2023-07-19,5000,SUPERVISION,False
1013,1,2023-07-19,100,PASS,False
1014,1,2023-07-19,1000,SIM,False
1015,1,2023-07-20,100,PASS,False
1016,1,2023-07-20,5000,SUPERVISION,False
1017,1,2023-07-20,1000,SIM,False
1018,1,2023-07-21,1000,SIM,False
1019,1,2023-07-21,1000,SIM,True
1020,1,2023-07-21,1000,SIM,True
1021,1,2023-07-21,5000,SUPERVISION,True
1022,1,2023-07-21,5000,SUPERVISION,True
1023,1,2023-07-21,1000,SIM,True
1024,1,2023-07-21,100,PASS,True
1025,1,2023-07-21,1000,SIM,True
1026,1,2023-07-22,5000,SUPERVISION,True
1027,1,2023-07-22,1000,SIM,True
1028,1,2023-07-22,100,PASS,True
1029,1,2023-07-22,5000,SUPERVISION,True
1030,1,2023-07-23,100,PASS,True
1031,1,2023-07-23,5000,SUPERVISION,True
1032,1,2023-07-23,5000,SUPERVISION,False
1033,1,2023-07-23,5000,SUPERVISION,False
1034,1,2023-07-23,5000,SUPERVISION,False
1035,1,2023-07-23,5000,SUPERVISION,False
1036,1,2023-07-23,5000,SUPERVISION,True
1037,1,2023-07-23,5000,SUPERVISION,True
1038,1,2023-07-24,5000,SUPERVISION,True
1039,1,2023-07-24,1000,SIM,True
1040,1,2023-07-24,1000,SIM,True
1041,1,2023-07-24,1000,SIM,True
1042,1,2023-07-24,5000,SUPERVISION,True
1043,1,2023-07-24,5000,SUPERVISION,True
1044,1,2023-07-24,5000,SUPERVISION,False
1045,1,2023-07-24,5000,SUPERVISION,False
1046,1,2023-07-24,5000,SUPERVISION,True
1047,1,2023-07-24,5000,SUPERVISION,True
1048,1,2023-07-24,1000,SIM,True
1049,1,2023-07-24,100,PASS,True
1050,1,2023-07-24,1000,SIM,True
1051,1,2023-07-25,1000,SIM,True
1052,1,2023-07-26,5000,SUPERVISION,True
1053,1,2023-07-26,5000,SUPERVISION,False
1054,1,2023-07-26,5000,SUPERVISION,False
1055,1,2023-07-26,5000,SUPERVISION,False
1056,1,2023-07-26,5000,SUPERVISION,False
1057,1,2023-07-26,5000,SUPERVISION,False
1058,1,2023-07-26,5000,SUPERVISION,False
1059,1,2023-07-26,5000,SUPERVISION,False
1060,1,2023-07-26,5000,SUPERVISION,False
1061,1,2023-07-27,5000,SUPERVISION,False
1062,1,2023-07-27,100,PASS,False
1063,1,2023-07-27,5000,SUPERVISION,False
1064,1,2023-07-27,5000,SUPERVISION,False
1065,1,2023-07-28,5000,SUPERVISION,False
1066,1,2023-07-28,1000,SIM,False
1067,1,2023-07-29,100,PASS,False
1068,1,2023-07-29,5000,SUPERVISION,False
1069,1,2023-07-29,5000,SUPERVISION,True
1070,1,2023-07-29,5000,SUPERVISION,True
1071,1,2023-07-29,5000,SUPERVISION,True
1072,1,2023-07-30,1000,SIM,True
1073,1,2023-07-30,1000,SIM,True
1074,1,2023-07-30,5000,SUPERVISION,True
1075,1,2023-07-30,5000,SUPERVISION,False
1076,1,2023-07-30,5000,SUPERVISION,False
1077,1,2023-07-30,5000,SUPERVISION,True
1078,1,2023-07-30,5000,SUPERVISION,True
1079,1,2023-07-31,5000,SUPERVISION,True
1080,1,2023-07-31,5000,SUPERVISION,True
1081,1,2023-07-31,5000,SUPERVISION,True
1082,1,2023-07-31,5000,SUPERVISION,True
1083,1,2023-07-31,5000,SUPERVISION,False
1084,1,2023-07-31,5000,SUPERVISION,False
1085,1,2023-07-31,5000,SUPERVISION,False
1086,1,2023-07-31,5000,SUPERVISION,False
1087,1,2023-08-01,5000,SUPERVISION,False
1088,1,2023-08-01,100,PASS,False
1089,1,2023-08-01,100,PASS,False
1090,1,2023-08-01,5000,SUPERVISION,False
1091,1,2023-08-01,5000,SUPERVISION,False
1092,1,2023-08-01,1000,SIM,False
1093,1,2023-08-01,1000,SIM,False
1094,1,2023-08-01,5000,SUPERVISION,False
1095,1,2023-08-01,5000,SUPERVISION,False
1096,1,2023-08-02,5000,SUPERVISION,False
1097,1,2023-08-02,5000,SUPERVISION,True
1098,1,2023-08-02,5000,SUPERVISION,True
1099,1,2023-08-02,5000,SUPERVISION,False
1100,1,2023-08-02,5000,SUPERVISION,False
1101,1,2023-08-02,5000,SUPERVISION,False
1102,1,2023-08-02,5000,SUPERVISION,False
1103,1,2023-08-03,5000,SUPERVISION,False
1104,1,2023-08-03,5000,SUPERVISION,False
1105,1,2023-08-03,5000,SUPERVISION,False
1106,1,2023-08-03,5000,SUPERVISION,False
1107,1,2023-08-03,5000,SUPERVISION,True
1108,1,2023-08-04,5000,SUPERVISION,True
1109,1,2023-08-04,5000,SUPERVISION,True
1110,1,2023-08-04,5000,SUPERVISION,False
1111,1,2023-08-04,5000,SUPERVISION,False
1112,1,2023-08-04,1000,SIM,False
1113,1,2023-08-05,1000,SIM,False
1114,1,2023-08-05,5000,SUPERVISION,False
1115,1,2023-08-05,5000,SUPERVISION,False
1116,1,2023-08-05,5000,SUPERVISION,False
1117,1,2023-08-05,5000,SUPERVISION,True
1118,1,2023-08-05,5000,SUPERVISION,True
1119,1,2023-08-05,5000,SUPERVISION,True
1120,1,2023-08-05,1000,SIM,True
1121,1,2023-08-05,5000,SUPERVISION,True
1122,1,2023-08-05,5000,SUPERVISION,True
1123,1,2023-08-06,100,PASS,True
1124,1,2023-08-06,100,PASS,True
1125,1,2023-08-06,100,PASS,True
1126,1,2023-08-06,5000,SUPERVISION,True
1127,1,2023-08-06,100,PASS,True
1128,1,2023-08-07,5000,SUPERVISION,True
1129,1,2023-08-07,5000,SUPERVISION,True
1130,1,2023-08-07,1000,SIM,True
1131,1,2023-08-07,1000,SIM,False
1132,1,2023-08-07,1000,SIM,False
1133,1,2023-08-07,1000,SIM,False
1134,1,2023-08-08,1000,SIM,True
1135,1,2023-08-08,1000,SIM,True
1136,1,2023-08-08,5000,SUPERVISION,True
1137,1,2023-08-09,5000,SUPERVISION,False
1138,1,2023-08-09,5000,SUPERVISION,False
1139,1,2023-08-09,5000,SUPERVISION,False
1140,1,2023-08-09,5000,SUPERVISION,False
1141,1,2023-08-09,5000,SUPERVISION,True
1142,1,2023-08-09,5000,SUPERVISION,True
1143,1,2023-08-09,5000,SUPERVISION,True
1144,1,2023-08-09,1000,SIM,True
1145,1,2023-08-10,1000,SIM,False
1146,1,2023-08-10,1000,SIM,False
1147,1,2023-08-10,1000,SIM,False
1148,1,2023-08-11,100,PASS,False
1149,1,2023-08-11,100,PASS,False
1150,1,2023-08-12,5000,SUPERVISION,False
1151,1,2023-08-12,5000,SUPERVISION,False
1152,1,2023-08-12,5000,SUPERVISION,False
1153,1,2023-08-12,1000,SIM,False
1154,1,2023-08-12,100,PASS,False
1155,1,2023-08-12,5000,SUPERVISION,False
1156,1,2023-08-12,5000,SUPERVISION,False
1157,1,2023-08-13,5000,SUPERVISION,True
1158,1,2023-08-13,5000,SUPERVISION,True
1159,1,2023-08-13,100,PASS,True
1160,1,2023-08-13,100,PASS,True
1161,1,2023-08-13,5000,SUPERVISION,True
1162,1,2023-08-14,5000,SUPERVISION,True
1163,1,2023-08-14,5000,SUPERVISION,True
1164,1,2023-08-14,100,PASS,True
1165,1,2023-08-14,5000,SUPERVISION,True
1166,1,2023-08-14,5000,SUPERVISION,True
1167,1,2023-08-14,1000,SIM,True
1168,1,2023-08-14,1000,SIM,False
1169,1,2023-08-14,1000,SIM,False
1170,1,2023-08-15,100,PASS,False
1171,1,2023-08-15,100,PASS,True
1172,1,2023-08-15,100,PASS,True
1173,1,2023-08-15,5000,SUPERVISION,True
1174,1,2023-08-16,5000,SUPERVISION,True
1175,1,2023-08-16,1000,SIM,True
1176,1,2023-08-16,5000,SUPERVISION,True
1177,1,2023-08-16,5000,SUPERVISION,False
1178,1,2023-08-16,5000,SUPERVISION,False
1179,1,2023-08-16,5000,SUPERVISION,False
1180,1,2023-08-16,5000,SUPERVISION,True
1181,1,2023-08-17,5000,SUPERVISION,True
1182,1,2023-08-17,100,PASS,True
1183,1,2023-08-17,100,PASS,False
1184,1,2023-08-17,100,PASS,False
1185,1,2023-08-17,100,PASS,False
1186,1,2023-08-17,5000,SUPERVISION,False
1187,1,2023-08-17,5000,SUPERVISION,True
1188,1,2023-08-18,5000,SUPERVISION,True
1189,1,2023-08-18,1000,SIM,True
1190,1,2023-08-18,5000,SUPERVISION,True
1191,1,2023-08-18,5000,SUPERVISION,True
1192,1,2023-08-18,5000,SUPERVISION,True
1193,1,2023-08-18,5000,SUPERVISION,False
1194,1,2023-08-18,5000,SUPERVISION,False
1195,1,2023-08-19,5000,SUPERVISION,True
1196,1,2023-08-19,5000,SUPERVISION,True
1197,1,2023-08-19,5000,SUPERVISION,True
1198,1,2023-08-19,5000,SUPERVISION,True
1199,1,2023-08-19,5000,SUPERVISION,True
1200,1,2023-08-19,5000,SUPERVISION,True
1201,1,2023-08-19,1000,SIM,True
1202,1,2023-08-20,5000,SUPERVISION,True
1203,1,2023-08-20,1000,SIM,True
1204,1,2023-08-20,1000,SIM,True
1205,1,2023-08-20,5000,SUPERVISION,True
1206,1,2023-08-20,5000,SUPERVISION,True
1207,1,2023-08-20,5000,SUPERVISION,True
1208,1,2023-08-21,5000,SUPERVISION,True
1209,1,2023-08-21,5000,SUPERVISION,True
1210,1,2023-08-21,5000,SUPERVISION,True
1211,1,2023-08-22,5000,SUPERVISION,True
1212,1,2023-08-22,5000,SUPERVISION,True
1213,1,2023-08-22,5000,SUPERVISION,True
1214,1,2023-08-22,1000,SIM,True
1215,1,2023-08-22,1000,SIM,True
1216,1,2023-08-23,1000,SIM,True
1217,1,2023-08-23,5000,SUPERVISION,True
1218,1,2023-08-23,5000,SUPERVISION,True
1219,1,2023-08-23,1000,SIM,True
1220,1,2023-08-23,100,PASS,True
1221,1,2023-08-23,1000,SIM,True
1222,1,2023-08-23,5000,SUPERVISION,True
1223,1,2023-08-24,5000,SUPERVISION,False
1224,1,2023-08-24,5000,SUPERVISION,False
1225,1,2023-08-24,5000,SUPERVISION,False
1226,1,2023-08-24,5000,SUPERVISION,False
1227,1,2023-08-24,5000,SUPERVISION,False
1228,1,2023-08-24,5000,SUPERVISION,False
1229,1,2023-08-24,1000,SIM,False
1230,1,2023-08-24,5000,SUPERVISION,False
1231,1,2023-08-24,5000,SUPERVISION,False
1232,1,2023-08-25,5000,SUPERVISION,False
1233,1,2023-08-25,5000,SUPERVISION,False
1234,1,2023-08-25,100,PASS,False
1235,1,2023-08-25,100,PASS,True
1236,1,2023-08-26,100,PASS,True
1237,1,2023-08-26,5000,SUPERVISION,True
1238,1,2023-08-27,5000,SUPERVISION,False
1239,1,2023-08-27,5000,SUPERVISION,False
1240,1,2023-08-27,100,PASS,False
1241,1,2023-08-27,5000,SUPERVISION,False
1242,1,2023-08-28,5000,SUPERVISION,False
1243,1,2023-08-28,5000,SUPERVISION,False
1244,1,2023-08-28,5000,SUPERVISION,True
1245,1,2023-08-28,5000,SUPERVISION,True
1246,1,2023-08-29,5000,SUPERVISION,True
1247,1,2023-08-29,5000,SUPERVISION,False
1248,1,2023-08-29,5000,SUPERVISION,False
1249,1,2023-08-29,5000,SUPERVISION,True
1250,1,2023-08-29,5000,SUPERVISION,True
1251,1,2023-08-29,1000,SIM,True
1252,1,2023-08-29,100,PASS,True
1253,1,2023-08-29,5000,SUPERVISION,True
1254,1,2023-08-29,5000,SUPERVISION,True
1255,1,2023-08-29,5000,SUPERVISION,True
1256,1,2023-08-29,5000,SUPERVISION,True
1257,1,2023-08-29,5000,SUPERVISION,True
1258,1,2023-08-29,5000,SUPERVISION,False
1259,1,2023-08-30,5000,SUPERVISION,False
1260,1,2023-08-30,1000,SIM,False
1261,1,2023-08-30,100,PASS,False
1262,1,2023-08-30,100,PASS,False
1263,1,2023-08-30,5000,SUPERVISION,False
1264,1,2023-08-31,5000,SUPERVISION,False
1265,1,2023-08-31,5000,SUPERVISION,False
1266,1,2023-08-31,5000,SUPERVISION,True
1267,1,2023-08-31,5000,SUPERVISION,True
1268,1,2023-09-01,5000,SUPERVISION,True
1269,1,2023-09-01,5000,SUPERVISION,True
1270,1,2023-09-01,1000,SIM,True
1271,1,2023-09-01,1000,SIM,True
1272,1,2023-09-02,5000,SUPERVISION,True
1273,1,2023-09-02,5000,SUPERVISION,True
1274,1,2023-09-03,5000,SUPERVISION,False
1275,1,2023-09-03,5000,SUPERVISION,False
1276,1,2023-09-03,1000,SIM,False
1277,1,2023-09-03,5000,SUPERVISION,False
1278,1,2023-09-03,5000,SUPERVISION,False
1279,1,2023-09-04,5000,SUPERVISION,True
1280,1,2023-09-04,5000,SUPERVISION,True
1281,1,2023-09-04,5000,SUPERVISION,True
1282,1,2023-09-04,5000,SUPERVISION,True
1283,1,2023-09-04,5000,SUPERVISION,True
1284,1,2023-09-04,100,PASS,True
1285,1,2023-09-05,100,PASS,True
1286,1,2023-09-05,5000,SUPERVISION,True
1287,1,2023-09-05,100,PASS,True
1288,1,2023-09-05,5000,SUPERVISION,True
1289,1,2023-09-05,5000,SUPERVISION,True
1290,1,2023-09-05,1000,SIM,True
1291,1,2023-09-05,5000,SUPERVISION,True
1292,1,2023-09-06,5000,SUPERVISION,True
1293,1,2023-09-06,1000,SIM,True
1294,1,2023-09-06,1000,SIM,False
1295,1,2023-09-06,1000,SIM,False
1296,1,2023-09-06,5000,SUPERVISION,False
1297,1,2023-09-06,5000,SUPERVISION,True
1298,1,2023-09-06,5000,SUPERVISION,True
1299,1,2023-09-06,5000,SUPERVISION,False
1300,1,2023-09-06,5000,SUPERVISION,False
1301,1,2023-09-06,5000,SUPERVISION,True
1302,1,2023-09-07,5000,SUPERVISION,True
1303,1,2023-09-07,1000,SIM,True
1304,1,2023-09-07,5000,SUPERVISION,True
1305,1,2023-09-07,5000,SUPERVISION,False
1306,1,2023-09-07,5000,SUPERVISION,False
1307,1,2023-09-08,1000,SIM,False
1308,1,2023-09-08,100,PASS,False
1309,1,2023-09-08,5000,SUPERVISION,False
1310,1,2023-09-08,5000,SUPERVISION,True
1311,1,2023-09-08,5000,SUPERVISION,True
1312,1,2023-09-08,5000,SUPERVISION,True
1313,1,2023-09-09,5000,SUPERVISION,True
1314,1,2023-09-09,5000,SUPERVISION,True
1315,1,2023-09-10,100,PASS,True
1316,1,2023-09-10,1000,SIM,True
1317,1,2023-09-10,1000,SIM,False
1318,1,2023-09-10,1000,SIM,False
1319,1,2023-09-10,1000,SIM,False
1320,1,2023-09-10,1000,SIM,False
1321,1,2023-09-10,1000,SIM,True
1322,1,2023-09-10,1000,SIM,True
1323,1,2023-09-10,1000,SIM,False
1324,1,2023-09-10,1000,SIM,False
1325,1,2023-09-10,1000,SIM,False
1326,1,2023-09-11,100,PASS,False
1327,1,2023-09-11,100,PASS,False
1328,1,2023-09-11,100,PASS,False
1329,1,2023-09-11,5000,SUPERVISION,False
1330,1,2023-09-11,5000,SUPERVISION,True
1331,1,2023-09-11,5000,SUPERVISION,True
1332,1,2023-09-11,100,PASS,True
1333,1,2023-09-11,100,PASS,True
1334,1,2023-09-11,5000,SUPERVISION,True
1335,1,2023-09-12,1000,SIM,True
1336,1,2023-09-12,1000,SIM,False
1337,1,2023-09-12,1000,SIM,False
1338,1,2023-09-12,100,PASS,False
1339,1,2023-09-12,1000,SIM,False
1340,1,2023-09-13,1000,SIM,True
1341,1,2023-09-13,1000,SIM,True
1342,1,2023-09-13,5000,SUPERVISION,True
1343,1,2023-09-14,5000,SUPERVISION,False
1344,1,2023-09-14,5000,SUPERVISION,False
1345,1,2023-09-14,1000,SIM,False
1346,1,2023-09-14,100,PASS,False
1347,1,2023-09-14,100,PASS,False
1348,1,2023-09-14,100,PASS,False
1349,1,2023-09-14,1000,SIM,False
1350,1,2023-09-15,1000,SIM,True
1351,1,2023-09-15,1000,SIM,True
1352,1,2023-09-15,5000,SUPERVISION,True
1353,1,2023-09-15,5000,SUPERVISION,True
1354,1,2023-09-15,5000,SUPERVISION,True
1355,1,2023-09-16,5000,SUPERVISION,True
1356,1,2023-09-16,5000,SUPERVISION,True
1357,1,2023-09-16,100,PASS,True
1358,1,2023-09-16,5000,SUPERVISION,True
1359,1,2023-09-16,5000,SUPERVISION,False
1360,1,2023-09-17,5000,SUPERVISION,False
1361,1,2023-09-17,1000,SIM,False
1362,1,2023-09-17,5000,SUPERVISION,False
1363,1,2023-09-17,5000,SUPERVISION,False
1364,1,2023-09-18,5000,SUPERVISION,False
1365,1,2023-09-18,5000,SUPERVISION,False
1366,1,2023-09-18,5000,SUPERVISION,False
1367,1,2023-09-18,5000,SUPERVISION,False
1368,1,2023-09-18,1000,SIM,False
1369,1,2023-09-18,1000,SIM,True
1370,1,2023-09-18,1000,SIM,True
1371,1,2023-09-18,5000,SUPERVISION,True
1372,1,2023-09-18,5000,SUPERVISION,False
1373,1,2023-09-19,5000,SUPERVISION,False
1374,1,2023-09-19,5000,SUPERVISION,True
1375,1,2023-09-19,5000,SUPERVISION,True
1376,1,2023-09-19,5000,SUPERVISION,True
1377,1,2023-09-19,5000,SUPERVISION,True
1378,1,2023-09-19,5000,SUPERVISION,False
1379,1,2023-09-20,5000,SUPERVISION,False
1380,1,2023-09-20,1000,SIM,False
1381,1,2023-09-20,1000,SIM,False
1382,1,2023-09-20,5000,SUPERVISION,False
1383,1,2023-09-20,5000,SUPERVISION,False
1384,1,2023-09-21,5000,SUPERVISION,False
1385,1,2023-09-21,5000,SUPERVISION,False
1386,1,2023-09-21,100,PASS,False
1387,1,2023-09-22,1000,SIM,False
1388,1,2023-09-22,5000,SUPERVISION,False
1389,1,2023-09-22,5000,SUPERVISION,False
1390,1,2023-09-22,5000,SUPERVISION,False
1391,1,2023-09-22,5000,SUPERVISION,False
1392,1,2023-09-23,5000,SUPERVISION,False
1393,1,2023-09-23,5000,SUPERVISION,False
1394,1,2023-09-23,5000,SUPERVISION,False
1395,1,2023-09-23,5000,SUPERVISION,False
1396,1,2023-09-23,5000,SUPERVISION,True
1397,1,2023-09-23,5000,SUPERVISION,True
1398,1,2023-09-24,1000,SIM,True
1399,1,2023-09-24,5000,SUPERVISION,True
1400,1,2023-09-24,100,PASS,True
1401,1,2023-09-24,5000,SUPERVISION,True
1402,1,2023-09-24,5000,SUPERVISION,True
1403,1,2023-09-25,1000,SIM,True
1404,1,2023-09-25,5000,SUPERVISION,True
1405,1,2023-09-26,5000,SUPERVISION,True
1406,1,2023-09-26,5000,SUPERVISION,True
1407,1,2023-09-26,1000,SIM,True
1408,1,2023-09-26,5000,SUPERVISION,True
1409,1,2023-09-26,5000,SUPERVISION,True
1410,1,2023-09-26,5000,SUPERVISION,True
1411,1,2023-09-27,100,PASS,True
1412,1,2023-09-27,100,PASS,False
1413,1,2023-09-28,100,PASS,False
1414,1,2023-09-28,5000,SUPERVISION,False
1415,1,2023-09-28,1000,SIM,False
1416,1,2023-09-28,100,PASS,False
1417,1,2023-09-29,100,PASS,False
1418,1,2023-09-29,5000,SUPERVISION,False
1419,1,2023-09-29,1000,SIM,False
1420,1,2023-09-29,100,PASS,False
1421,1,2023-09-29,5000,SUPERVISION,False
1422,1,2023-09-29,5000,SUPERVISION,True
1423,1,2023-09-30,5000,SUPERVISION,True
1424,1,2023-09-30,5000,SUPERVISION,True
1425,1,2023-09-30,1000,SIM,True
1426,1,2023-09-30,5000,SUPERVISION,True
1427,1,2023-09-30,5000,SUPERVISION,True
1428,1,2023-10-01,5000,SUPERVISION,True
1429,1,2023-10-01,100,PASS,True
1430,1,2023-10-01,5000,SUPERVISION,True
1431,1,2023-10-01,5000,SUPERVISION,True
1432,1,2023-10-01,5000,SUPERVISION,True
1433,1,2023-10-02,1000,SIM,True
1434,1,2023-10-02,1000,SIM,True
1435,1,2023-10-03,5000,SUPERVISION,True
1436,1,2023-10-03,5000,SUPERVISION,True
1437,1,2023-10-03,5000,SUPERVISION,True
1438,1,2023-10-04,5000,SUPERVISION,False
1439,1,2023-10-04,5000,SUPERVISION,False
1440,1,2023-10-04,5000,SUPERVISION,True
1441,1,2023-10-04,5000,SUPERVISION,True
1442,1,2023-10-05,5000,SUPERVISION,True
1443,1,2023-10-05,5000,SUPERVISION,True
1444,1,2023-10-05,5000,SUPERVISION,True
1445,1,2023-10-06,100,PASS,True
1446,1,2023-10-06,5000,SUPERVISION,True
1447,1,2023-10-06,5000,SUPERVISION,True
1448,1,2023-10-06,5000,SUPERVISION,False
1449,1,2023-10-06,5000,SUPERVISION,False
1450,1,2023-10-07,5000,SUPERVISION,False
1451,1,2023-10-07,5000,SUPERVISION,False
1452,1,2023-10-07,1000,SIM,False
1453,1,2023-10-07,1000,SIM,False
1454,1,2023-10-07,1000,SIM,True
1455,1,2023-10-07,1000,SIM,True
1456,1,2023-10-07,100,PASS,True
1457,1,2023-10-07,100,PASS,True
1458,1,2023-10-08,5000,SUPERVISION,True
1459,1,2023-10-08,5000,SUPERVISION,False
1460,1,2023-10-08,5000,SUPERVISION,False
1461,1,2023-10-08,5000,SUPERVISION,False
1462,1,2023-10-08,5000,SUPERVISION,False
1463,1,2023-10-08,5000,SUPERVISION,False
1464,1,2023-10-08,1000,SIM,False
1465,1,2023-10-09,5000,SUPERVISION,False
1466,1,2023-10-09,1000,SIM,False
1467,1,2023-10-09,1000,SIM,False
1468,1,2023-10-09,1000,SIM,False
1469,1,2023-10-09,1000,SIM,False
1470,1,2023-10-09,5000,SUPERVISION,False
1471,1,2023-10-10,100,PASS,False
1472,1,2023-10-10,5000,SUPERVISION,False
1473,1,2023-10-10,5000,SUPERVISION,True
1474,1,2023-10-10,5000,SUPERVISION,True
1475,1,2023-10-10,5000,SUPERVISION,False
1476,1,2023-10-10,5000,SUPERVISION,False
1477,1,2023-10-10,5000,SUPERVISION,False
1478,1,2023-10-10,1000,SIM,False
1479,1,2023-10-10,5000,SUPERVISION,False
1480,1,2023-10-11,100,PASS,False
1481,1,2023-10-11,5000,SUPERVISION,False
1482,1,2023-10-11,1000,SIM,False
1483,1,2023-10-12,5000,SUPERVISION,False
1484,1,2023-10-12,1000,SIM,False
1485,1,2023-10-12,5000,SUPERVISION,False
1486,1,2023-10-12,1000,SIM,False
1487,1,2023-10-12,1000,SIM,True
1488,1,2023-10-13,1000,SIM,True
1489,1,2023-10-13,100,PASS,True
1490,1,2023-10-13,1000,SIM,True
1491,1,2023-10-13,1000,SIM,True
1492,1,2023-10-13,5000,SUPERVISION,True
1493,1,2023-10-14,5000,SUPERVISION,True
1494,1,2023-10-14,1000,SIM,True
1495,1,2023-10-14,100,PASS,True
1496,1,2023-10-14,100,PASS,True
1497,1,2023-10-15,100,PASS,True
1498,1,2023-10-15,100,PASS,True
1499,1,2023-10-15,5000,SUPERVISION,True
1500,1,2023-10-15,5000,SUPERVISION,True
1501,1,2023-10-15,1000,SIM,True
1502,1,2023-10-15,5000,SUPERVISION,True
1503,1,2023-10-15,5000,SUPERVISION,True
1504,1,2023-10-16,5000,SUPERVISION,True
1505,1,2023-10-16,5000,SUPERVISION,False
1506,1,2023-10-16,5000,SUPERVISION,False
1507,1,2023-10-16,5000,SUPERVISION,False
1508,1,2023-10-16,1000,SIM,False
1509,1,2023-10-16,5000,SUPERVISION,False
1510,1,2023-10-16,5000,SUPERVISION,False
1511,1,2023-10-17,5000,SUPERVISION,False
1512,1,2023-10-17,1000,SIM,False
1513,1,2023-10-17,1000,SIM,False
1514,1,2023-10-17,1000,SIM,True
1515,1,2023-10-17,1000,SIM,True
1516,1,2023-10-17,100,PASS,True
1517,1,2023-10-18,5000,SUPERVISION,True
1518,1,2023-10-18,1000,SIM,True
1519,1,2023-10-19,5000,SUPERVISION,True
1520,1,2023-10-19,1000,SIM,True
1521,1,2023-10-19,1000,SIM,True
1522,1,2023-10-19,1000,SIM,True
1523,1,2023-10-19,100,PASS,True
1524,1,2023-10-19,1000,SIM,True
1525,1,2023-10-20,1000,SIM,False
1526,1,2023-10-20,1000,SIM,False
1527,1,2023-10-20,5000,SUPERVISION,False
1528,1,2023-10-20,5000,SUPERVISION,True
1529,1,2023-10-20,5000,SUPERVISION,True
1530,1,2023-10-20,5000,SUPERVISION,True
1531,1,2023-10-20,5000,SUPERVISION,False
1532,1,2023-10-20,5000,SUPERVISION,False
1533,1,2023-10-20,5000,SUPERVISION,False
1534,1,2023-10-21,5000,SUPERVISION,False
1535,1,2023-10-21,5000,SUPERVISION,True
1536,1,2023-10-21,5000,SUPERVISION,True
1537,1,2023-10-21,5000,SUPERVISION,False
1538,1,2023-10-21,5000,SUPERVISION,False
1539,1,2023-10-21,1000,SIM,False
1540,1,2023-10-21,1000,SIM,False
1541,1,2023-10-21,100,PASS,False
1542,1,2023-10-21,5000,SUPERVISION,False
1543,1,2023-10-21,100,PASS,False
1544,1,2023-10-21,5000,SUPERVISION,False
1545,1,2023-10-21,5000,SUPERVISION,False
1546,1,2023-10-21,5000,SUPERVISION,False
1547,1,2023-10-22,5000,SUPERVISION,False
1548,1,2023-10-22,5000,SUPERVISION,True
1549,1,2023-10-22,5000,SUPERVISION,True
1550,1,2023-10-22,5000,SUPERVISION,False
1551,1,2023-10-23,5000,SUPERVISION,False
1552,1,2023-10-23,1000,SIM,False
1553,1,2023-10-23,1000,SIM,False
1554,1,2023-10-23,5000,SUPERVISION,False
1555,1,2023-10-23,5000,SUPERVISION,False
1556,1,2023-10-23,1000,SIM,False
1557,1,2023-10-24,100,PASS,False
1558,1,2023-10-24,100,PASS,False
1559,1,2023-10-24,1000,SIM,False
1560,1,2023-10-24,5000,SUPERVISION,False
1561,1,2023-10-24,100,PASS,False
1562,1,2023-10-25,5000,SUPERVISION,False
1563,1,2023-10-25,5000,SUPERVISION,False
1564,1,2023-10-25,5000,SUPERVISION,False
1565,1,2023-10-25,5000,SUPERVISION,False
1566,1,2023-10-25,5000,SUPERVISION,False
1567,1,2023-10-25,5000,SUPERVISION,True
1568,1,2023-10-26,5000,SUPERVISION,True
1569,1,2023-10-26,5000,SUPERVISION,True
1570,1,2023-10-26,5000,SUPERVISION,True
1571,1,2023-10-26,100,PASS,True
1572,1,2023-10-26,100,PASS,True
1573,1,2023-10-26,5000,SUPERVISION,True
1574,1,2023-10-26,5000,SUPERVISION,True
1575,1,2023-10-27,5000,SUPERVISION,True
1576,1,2023-10-27,5000,SUPERVISION,False
1577,1,2023-10-27,5000,SUPERVISION,False
1578,1,2023-10-27,5000,SUPERVISION,False
1579,1,2023-10-27,1000,SIM,False
1580,1,2023-10-27,5000,SUPERVISION,False
1581,1,2023-10-27,5000,SUPERVISION,False
1582,1,2023-10-28,5000,SUPERVISION,False
1583,1,2023-10-28,5000,SUPERVISION,False
1584,1,2023-10-28,5000,SUPERVISION,False
1585,1,2023-10-28,5000,SUPERVISION,True
1586,1,2023-10-28,5000,SUPERVISION,True
1587,1,2023-10-28,5000,SUPERVISION,True
1588,1,2023-10-28,5000,SUPERVISION,False
1589,1,2023-10-29,5000,SUPERVISION,False
1590,1,2023-10-29,5000,SUPERVISION,False
1591,1,2023-10-29,5000,SUPERVISION,True
1592,1,2023-10-29,5000,SUPERVISION,True
1593,1,2023-10-30,5000,SUPERVISION,True
1594,1,2023-10-31,5000,SUPERVISION,True
1595,1,2023-10-31,5000,SUPERVISION,False
1596,1,2023-10-31,5000,SUPERVISION,False
1597,1,2023-11-01,100,PASS,False
1598,1,2023-11-01,5000,SUPERVISION,False
1599,1,2023-11-01,100,PASS,False
1600,1,2023-11-01,100,PASS,True
1601,1,2023-11-01,100,PASS,True
1602,1,2023-11-01,5000,SUPERVISION,True
1603,1,2023-11-01,5000,SUPERVISION,True
1604,1,2023-11-01,5000,SUPERVISION,False
1605,1,2023-11-01,5000,SUPERVISION,False
1606,1,2023-11-02,5000,SUPERVISION,False
1607,1,2023-11-02,5000,SUPERVISION,True
1608,1,2023-11-03,5000,SUPERVISION,True
1609,1,2023-11-03,5000,SUPERVISION,True
1610,1,2023-11-03,1000,SIM,True
1611,1,2023-11-03,1000,SIM,False
1612,1,2023-11-03,1000,SIM,False
1613,1,2023-11-04,1000,SIM,True
1614,1,2023-11-04,1000,SIM,True
1615,1,2023-11-04,5000,SUPERVISION,True
1616,1,2023-11-05,5000,SUPERVISION,False
1617,1,2023-11-05,5000,SUPERVISION,False
1618,1,2023-11-05,5000,SUPERVISION,True
1619,1,2023-11-06,5000,SUPERVISION,True
1620,1,2023-11-06,5000,SUPERVISION,True
1621,1,2023-11-07,5000,SUPERVISION,True
1622,1,2023-11-08,100,PASS,True
1623,1,2023-11-08,1000,SIM,True
1624,1,2023-11-08,1000,SIM,True
1625,1,2023-11-08,1000,SIM,True
1626,1,2023-11-08,100,PASS,True
1627,1,2023-11-09,5000,SUPERVISION,True
1628,1,2023-11-09,5000,SUPERVISION,True
1629,1,2023-11-09,5000,SUPERVISION,True
1630,1,2023-11-09,5000,SUPERVISION,True
1631,1,2023-11-09,5000,SUPERVISION,True
1632,1,2023-11-09,100,PASS,True
1633,1,2023-11-09,5000,SUPERVISION,True
1634,1,2023-11-10,1000,SIM,True
1635,1,2023-11-10,100,PASS,True
1636,1,2023-11-10,5000,SUPERVISION,True
1637,1,2023-11-10,5000,SUPERVISION,True
1638,1,2023-11-10,1000,SIM,True
1639,1,2023-11-10,5000,SUPERVISION,True
1640,1,2023-11-10,5000,SUPERVISION,True
1641,1,2023-11-10,1000,SIM,True
1642,1,2023-11-10,5000,SUPERVISION,True
1643,1,2023-11-10,1000,SIM,True
1644,1,2023-11-10,1000,SIM,True
1645,1,2023-11-11,1000,SIM,True
1646,1,2023-11-11,100,PASS,True
1647,1,2023-11-11,5000,SUPERVISION,True
1648,1,2023-11-11,5000,SUPERVISION,True
1649,1,2023-11-11,1000,SIM,True
1650,1,2023-11-12,100,PASS,True
1651,1,2023-11-12,5000,SUPERVISION,True
1652,1,2023-11-12,5000,SUPERVISION,False
1653,1,2023-11-13,5000,SUPERVISION,False
1654,1,2023-11-13,5000,SUPERVISION,True
1655,1,2023-11-15,5000,SUPERVISION,True
1656,1,2023-11-15,1000,SIM,True
1657,1,2023-11-15,1000,SIM,True
1658,1,2023-11-16,100,PASS,True
1659,1,2023-11-16,5000,SUPERVISION,True
1660,1,2023-11-16,5000,SUPERVISION,True
1661,1,2023-11-16,5000,SUPERVISION,False
1662,1,2023-11-17,5000,SUPERVISION,False
1663,1,2023-11-17,5000,SUPERVISION,True
1664,1,2023-11-17,5000,SUPERVISION,True
1665,1,2023-11-17,5000,SUPERVISION,True
1666,1,2023-11-17,5000,SUPERVISION,True
1667,1,2023-11-17,5000,SUPERVISION,False
1668,1,2023-11-18,5000,SUPERVISION,False
1669,1,2023-11-18,5000,SUPERVISION,False
1670,1,2023-11-18,5000,SUPERVISION,False
1671,1,2023-11-19,5000,SUPERVISION,True
1672,1,2023-11-19,5000,SUPERVISION,True
1673,1,2023-11-19,5000,SUPERVISION,False
1674,1,2023-11-19,5000,SUPERVISION,False
1675,1,2023-11-19,5000,SUPERVISION,False
1676,1,2023-11-20,100,PASS,False
1677,1,2023-11-20,5000,SUPERVISION,False
1678,1,2023-11-20,100,PASS,False
1679,1,2023-11-20,5000,SUPERVISION,False
1680,1,2023-11-21,5000,SUPERVISION,False
1681,1,2023-11-21,5000,SUPERVISION,False
1682,1,2023-11-21,1000,SIM,False
1683,1,2023-11-21,5000,SUPERVISION,False
1684,1,2023-11-22,1000,SIM,False
1685,1,2023-11-22,1000,SIM,False
1686,1,2023-11-22,100,PASS,False
1687,1,2023-11-22,1000,SIM,False
1688,1,2023-11-23,1000,SIM,False
1689,1,2023-11-23,1000,SIM,False
1690,1,2023-11-23,100,PASS,False
1691,1,2023-11-23,100,PASS,False
1692,1,2023-11-24,100,PASS,False
1693,1,2023-11-24,1000,SIM,False
1694,1,2023-11-24,5000,SUPERVISION,False
1695,1,2023-11-24,1000,SIM,False
1696,1,2023-11-24,1000,SIM,False
1697,1,2023-11-24,100,PASS,False
1698,1,2023-11-24,5000,SUPERVISION,False
1699,1,2023-11-24,5000,SUPERVISION,False
1700,1,2023-11-25,5000,SUPERVISION,False
1701,1,2023-11-25,5000,SUPERVISION,False
1702,1,2023-11-25,5000,SUPERVISION,True
1703,1,2023-11-25,5000,SUPERVISION,True
1704,1,2023-11-25,5000,SUPERVISION,True
1705,1,2023-11-25,5000,SUPERVISION,True
1706,1,2023-11-25,1000,SIM,True
1707,1,2023-11-25,100,PASS,True
1708,1,2023-11-26,5000,SUPERVISION,True
1709,1,2023-11-26,1000,SIM,True
1710,1,2023-11-26,1000,SIM,True
1711,1,2023-11-26,1000,SIM,True
1712,1,2023-11-26,1000,SIM,True
1713,1,2023-11-26,1000,SIM,False
1714,1,2023-11-27,1000,SIM,False
1715,1,2023-11-27,1000,SIM,False
1716,1,2023-11-27,1000,SIM,False
1717,1,2023-11-27,5000,SUPERVISION,False
1718,1,2023-11-27,5000,SUPERVISION,False
1719,1,2023-11-27,5000,SUPERVISION,False
1720,1,2023-11-27,5000,SUPERVISION,False
1721,1,2023-11-28,5000,SUPERVISION,False
1722,1,2023-11-29,1000,SIM,False
1723,1,2023-11-29,5000,SUPERVISION,False
1724,1,2023-11-29,100,PASS,False
1725,1,2023-11-29,5000,SUPERVISION,False
1726,1,2023-11-29,5000,SUPERVISION,False
1727,1,2023-11-29,5000,SUPERVISION,True
1728,1,2023-11-29,5000,SUPERVISION,True
1729,1,2023-11-30,100,PASS,True
1730,1,2023-11-30,100,PASS,False
1731,1,2023-11-30,100,PASS,False
1732,1,2023-11-30,100,PASS,False
1733,1,2023-11-30,100,PASS,False
1734,1,2023-11-30,5000,SUPERVISION,False
1735,1,2023-11-30,5000,SUPERVISION,False
1736,1,2023-12-01,5000,SUPERVISION,False
1737,1,2023-12-01,100,PASS,False
1738,1,2023-12-01,5000,SUPERVISION,False
1739,1,2023-12-01,5000,SUPERVISION,False
1740,1,2023-12-02,5000,SUPERVISION,False
1741,1,2023-12-02,5000,SUPERVISION,True
1742,1,2023-12-02,5000,SUPERVISION,True
1743,1,2023-12-02,5000,SUPERVISION,False
1744,1,2023-12-02,5000,SUPERVISION,False
1745,1,2023-12-03,5000,SUPERVISION,False
1746,1,2023-12-03,5000,SUPERVISION,True
1747,1,2023-12-03,5000,SUPERVISION,True
1748,1,2023-12-03,1000,SIM,True
1749,1,2023-12-03,1000,SIM,True
1750,1,2023-12-04,1000,SIM,False
1751,1,2023-12-04,1000,SIM,False
1752,1,2023-12-04,1000,SIM,False
1753,1,2023-12-04,100,PASS,False
1754,1,2023-12-05,5000,SUPERVISION,False
1755,1,2023-12-05,5000,SUPERVISION,False
1756,1,2023-12-05,100,PASS,False
1757,1,2023-12-05,5000,SUPERVISION,False
1758,1,2023-12-06,100,PASS,False
1759,1,2023-12-06,5000,SUPERVISION,False
1760,1,2023-12-06,1000,SIM,False
1761,1,2023-12-06,5000,SUPERVISION,False
1762,1,2023-12-06,5000,SUPERVISION,False
1763,1,2023-12-06,5000,SUPERVISION,False
1764,1,2023-12-06,5000,SUPERVISION,False
1765,1,2023-12-06,100,PASS,False
1766,1,2023-12-07,100,PASS,True
1767,1,2023-12-07,100,PASS,True
1768,1,2023-12-07,5000,SUPERVISION,True
1769,1,2023-12-07,5000,SUPERVISION,True
1770,1,2023-12-07,5000,SUPERVISION,True
1771,1,2023-12-08,5000,SUPERVISION,True
1772,1,2023-12-08,5000,SUPERVISION,True
1773,1,2023-12-09,1000,SIM,True
1774,1,2023-12-09,100,PASS,True
1775,1,2023-12-09,100,PASS,True
1776,1,2023-12-09,5000,SUPERVISION,True
1777,1,2023-12-10,5000,SUPERVISION,True
1778,1,2023-12-10,1000,SIM,True
1779,1,2023-12-10,1000,SIM,False
1780,1,2023-12-10,1000,SIM,False
1781,1,2023-12-10,1000,SIM,True
1782,1,2023-12-10,1000,SIM,True
1783,1,2023-12-11,100,PASS,True
1784,1,2023-12-11,100,PASS,False
1785,1,2023-12-11,100,PASS,False
1786,1,2023-12-11,100,PASS,False
1787,1,2023-12-11,5000,SUPERVISION,False
1788,1,2023-12-11,5000,SUPERVISION,False
1789,1,2023-12-11,5000,SUPERVISION,False
1790,1,2023-12-11,5000,SUPERVISION,False
1791,1,2023-12-12,5000,SUPERVISION,False
1792,1,2023-12-12,5000,SUPERVISION,False
1793,1,2023-12-13,5000,SUPERVISION,True
1794,1,2023-12-13,5000,SUPERVISION,True
1795,1,2023-12-13,5000,SUPERVISION,True
1796,1,2023-12-13,5000,SUPERVISION,False
1797,1,2023-12-13,5000,SUPERVISION,False
1798,1,2023-12-14,5000,SUPERVISION,False
1799,1,2023-12-14,5000,SUPERVISION,False
1800,1,2023-12-14,5000,SUPERVISION,False
1801,1,2023-12-15,5000,SUPERVISION,True
1802,1,2023-12-15,5000,SUPERVISION,True
1803,1,2023-12-15,5000,SUPERVISION,False
1804,1,2023-12-15,5000,SUPERVISION,False
1805,1,2023-12-15,5000,SUPERVISION,True
1806,1,2023-12-15,5000,SUPERVISION,True
1807,1,2023-12-16,5000,SUPERVISION,True
1808,1,2023-12-16,5000,SUPERVISION,True
1809,1,2023-12-16,5000,SUPERVISION,True
1810,1,2023-12-16,5000,SUPERVISION,False
1811,1,2023-12-16,5000,SUPERVISION,False
1812,1,2023-12-16,1000,SIM,False
1813,1,2023-12-16,5000,SUPERVISION,False
1814,1,2023-12-17,1000,SIM,False
1815,1,2023-12-17,1000,SIM,False
1816,1,2023-12-17,1000,SIM,False
1817,1,2023-12-17,1000,SIM,False
1818,1,2023-12-17,5000,SUPERVISION,False
1819,1,2023-12-17,5000,SUPERVISION,False
1820,1,2023-12-18,5000,SUPERVISION,True
1821,1,2023-12-18,5000,SUPERVISION,True
1822,1,2023-12-18,5000,SUPERVISION,False
1823,1,2023-12-18,5000,SUPERVISION,False
1824,1,2023-12-19,1000,SIM,False
1825,1,2023-12-19,100,PASS,False
1826,1,2023-12-19,100,PASS,False
1827,1,2023-12-19,100,PASS,False
1828,1,2023-12-19,5000,SUPERVISION,False
1829,1,2023-12-19,5000,SUPERVISION,False
1830,1,2023-12-19,100,PASS,False
1831,1,2023-12-20,5000,SUPERVISION,False
1832,1,2023-12-20,5000,SUPERVISION,False
1833,1,2023-12-20,1000,SIM,False
1834,1,2023-12-20,100,PASS,False
1835,1,2023-12-20,1000,SIM,False
1836,1,2023-12-20,100,PASS,False
1837,1,2023-12-20,5000,SUPERVISION,False
1838,1,2023-12-20,1000,SIM,False
1839,1,2023-12-20,1000,SIM,False
1840,1,2023-12-20,1000,SIM,True
1841,1,2023-12-21,1000,SIM,True
1842,1,2023-12-21,100,PASS,True
1843,1,2023-12-21,1000,SIM,True
1844,1,2023-12-21,5000,SUPERVISION,True
1845,1,2023-12-21,5000,SUPERVISION,False
1846,1,2023-12-22,5000,SUPERVISION,False
1847,1,2023-12-22,5000,SUPERVISION,False
1848,1,2023-12-22,5000,SUPERVISION,False
1849,1,2023-12-22,5000,SUPERVISION,False
1850,1,2023-12-23,5000,SUPERVISION,False
1851,1,2023-12-23,5000,SUPERVISION,True
1852,1,2023-12-23,5000,SUPERVISION,True
1853,1,2023-12-23,5000,SUPERVISION,True
1854,1,2023-12-24,5000,SUPERVISION,True
1855,1,2023-12-24,5000,SUPERVISION,True
1856,1,2023-12-24,5000,SUPERVISION,False
1857,1,2023-12-24,5000,SUPERVISION,False
1858,1,2023-12-24,5000,SUPERVISION,False
1859,1,2023-12-24,100,PASS,False
1860,1,2023-12-25,5000,SUPERVISION,False
1861,1,2023-12-25,5000,SUPERVISION,False
1862,1,2023-12-25,5000,SUPERVISION,False
1863,1,2023-12-25,5000,SUPERVISION,True
1864,1,2023-12-25,5000,SUPERVISION,True
1865,1,2023-12-25,5000,SUPERVISION,False
1866,1,2023-12-26,5000,SUPERVISION,False
1867,1,2023-12-26,1000,SIM,False
1868,1,2023-12-26,1000,SIM,False
1869,1,2023-12-26,100,PASS,False
1870,1,2023-12-26,100,PASS,True
1871,1,2023-12-26,100,PASS,True
1872,1,2023-12-26,100,PASS,False
1873,1,2023-12-27,100,PASS,False
1874,1,2023-12-27,5000,SUPERVISION,False
1875,1,2023-12-27,100,PASS,False
1876,1,2023-12-27,5000,SUPERVISION,False
1877,1,2023-12-27,5000,SUPERVISION,False
1878,1,2023-12-27,5000,SUPERVISION,False
1879,1,2023-12-28,5000,SUPERVISION,False
1880,1,2023-12-28,5000,SUPERVISION,False
1881,1,2023-12-28,5000,SUPERVISION,True
1882,1,2023-12-28,5000,SUPERVISION,True
1883,1,2023-12-28,1000,SIM,True
1884,1,2023-12-28,100,PASS,True
1885,1,2023-12-28,100,PASS,True
1886,1,2023-12-29,5000,SUPERVISION,True
1887,1,2023-12-29,1000,SIM,True
1888,1,2023-12-29,1000,SIM,False
1889,1,2023-12-29,1000,SIM,False
1890,1,2023-12-29,1000,SIM,False
1891,1,2023-12-29,5000,SUPERVISION,False
1892,1,2023-12-30,5000,SUPERVISION,False
1893,1,2023-12-30,5000,SUPERVISION,False
1894,1,2023-12-30,5000,SUPERVISION,False
1895,1,2023-12-30,5000,SUPERVISION,False
1896,1,2023-12-30,5000,SUPERVISION,False
1897,1,2023-12-30,100,PASS,False
1898,1,2023-12-30,5000,SUPERVISION,False
1899,1,2023-12-30,5000,SUPERVISION,False
1900,1,2023-12-30,5000,SUPERVISION,True
1901,1,2023-12-31,5000,SUPERVISION,True
1902,1,2023-12-31,5000,SUPERVISION,True
1903,1,2023-12-31,100,PASS,True
1904,1,2023-12-31,1000,SIM,True
1905,1,2024-01-01,1000,SIM,True
1906,1,2024-01-01,100,PASS,True
1907,1,2024-01-01,5000,SUPERVISION,True
1908,1,2024-01-01,5000,SUPERVISION,False
1909,1,2024-01-01,5000,SUPERVISION,False
1910,1,2024-01-02,100,PASS,False
1911,1,2024-01-02,5000,SUPERVISION,False
1912,1,2024-01-02,5000,SUPERVISION,False
1913,1,2024-01-02,5000,SUPERVISION,False
1914,1,2024-01-02,1000,SIM,False
1915,1,2024-01-02,5000,SUPERVISION,False
1916,1,2024-01-02,5000,SUPERVISION,True
1917,1,2024-01-02,5000,SUPERVISION,True
1918,1,2024-01-03,5000,SUPERVISION,False
1919,1,2024-01-03,5000,SUPERVISION,False
1920,1,2024-01-03,5000,SUPERVISION,False
1921,1,2024-01-03,5000,SUPERVISION,False
1922,1,2024-01-04,5000,SUPERVISION,False
1923,1,2024-01-04,5000,SUPERVISION,False
1924,1,2024-01-04,1000,SIM,False
1925,1,2024-01-04,5000,SUPERVISION,False
1926,1,2024-01-04,5000,SUPERVISION,False
1927,1,2024-01-04,5000,SUPERVISION,False
1928,1,2024-01-04,1000,SIM,False
1929,1,2024-01-04,100,PASS,False
1930,1,2024-01-05,100,PASS,True
1931,1,2024-01-05,100,PASS,True
1932,1,2024-01-05,5000,SUPERVISION,True
1933,1,2024-01-05,100,PASS,True
1934,1,2024-01-05,1000,SIM,True
1935,1,2024-01-05,1000,SIM,True
1936,1,2024-01-05,5000,SUPERVISION,True
1937,1,2024-01-05,1000,SIM,True
1938,1,2024-01-06,1000,SIM,True
1939,1,2024-01-06,1000,SIM,True
1940,1,2024-01-06,5000,SUPERVISION,True
1941,1,2024-01-06,100,PASS,True
1942,1,2024-01-06,1000,SIM,True
1943,1,2024-01-07,1000,SIM,True
1944,1,2024-01-07,5000,SUPERVISION,True
1945,1,2024-01-07,5000,SUPERVISION,True
1946,1,2024-01-07,1000,SIM,True
1947,1,2024-01-07,5000,SUPERVISION,True
1948,1,2024-01-07,1000,SIM,True
1949,1,2024-01-08,100,PASS,True
1950,1,2024-01-08,100,PASS,True
1951,1,2024-01-09,5000,SUPERVISION,True
1952,1,2024-01-09,1000,SIM,True
1953,1,2024-01-09,100,PASS,True
1954,1,2024-01-09,5000,SUPERVISION,True
1955,1,2024-01-09,5000,SUPERVISION,False
1956,1,2024-01-09,5000,SUPERVISION,False
1957,1,2024-01-10,5000,SUPERVISION,False
1958,1,2024-01-10,1000,SIM,False
1959,1,2024-01-10,100,PASS,False
1960,1,2024-01-10,5000,SUPERVISION,False
1961,1,2024-01-10,5000,SUPERVISION,False
1962,1,2024-01-10,5000,SUPERVISION,False
1963,1,2024-01-10,1000,SIM,False
1964,1,2024-01-11,100,PASS,False
1965,1,2024-01-11,5000,SUPERVISION,False
1966,1,2024-01-11,5000,SUPERVISION,False
1967,1,2024-01-11,5000,SUPERVISION,False
1968,1,2024-01-11,5000,SUPERVISION,True
1969,1,2024-01-12,5000,SUPERVISION,True
1970,1,2024-01-12,5000,SUPERVISION,True
1971,1,2024-01-12,5000,SUPERVISION,True
1972,1,2024-01-13,5000,SUPERVISION,False
1973,1,2024-01-13,5000,SUPERVISION,False
1974,1,2024-01-13,1000,SIM,False
1975,1,2024-01-13,100,PASS,False
1976,1,2024-01-13,5000,SUPERVISION,False
1977,1,2024-01-14,5000,SUPERVISION,True
1978,1,2024-01-14,5000,SUPERVISION,True
1979,1,2024-01-14,1000,SIM,True
1980,1,2024-01-14,100,PASS,True
1981,1,2024-01-14,5000,SUPERVISION,True
1982,1,2024-01-15,5000,SUPERVISION,True
1983,1,2024-01-15,5000,SUPERVISION,True
1984,1,2024-01-15,1000,SIM,True
1985,1,2024-01-15,5000,SUPERVISION,True
1986,1,2024-01-15,5000,SUPERVISION,True
1987,1,2024-01-15,1000,SIM,True
1988,1,2024-01-15,100,PASS,True
1989,1,2024-01-15,5000,SUPERVISION,True
1990,1,2024-01-15,5000,SUPERVISION,True
1991,1,2024-01-16,1000,SIM,True
1992,1,2024-01-16,1000,SIM,False
1993,1,2024-01-16,1000,SIM,False
1994,1,2024-01-17,1000,SIM,False
1995,1,2024-01-17,5000,SUPERVISION,False
1996,1,2024-01-17,5000,SUPERVISION,False
1997,1,2024-01-18,5000,SUPERVISION,False
1998,1,2024-01-18,5000,SUPERVISION,False
1999,1,2024-01-18,5000,SUPERVISION,False
2000,1,2024-01-18,5000,SUPERVISION,False
2001,1,2024-01-18,5000,SUPERVISION,False
2002,1,2024-01-19,5000,SUPERVISION,False
2003,1,2024-01-19,5000,SUPERVISION,False
2004,1,2024-01-19,5000,SUPERVISION,True
2005,1,2024-01-19,5000,SUPERVISION,True
2006,1,2024-01-19,5000,SUPERVISION,True
2007,1,2024-01-19,1000,SIM,True
2008,1,2024-01-20,5000,SUPERVISION,True
2009,1,2024-01-20,5000,SUPERVISION,True
2010,1,2024-01-21,5000,SUPERVISION,True
2011,1,2024-01-21,5000,SUPERVISION,True
2012,1,2024-01-21,5000,SUPERVISION,False
2013,1,2024-01-22,5000,SUPERVISION,False
2014,1,2024-01-22,5000,SUPERVISION,False
2015,1,2024-01-22,5000,SUPERVISION,True
2016,1,2024-01-22,5000,SUPERVISION,True
2017,1,2024-01-23,5000,SUPERVISION,True
2018,1,2024-01-23,5000,SUPERVISION,True
2019,1,2024-01-23,5000,SUPERVISION,True
2020,1,2024-01-23,5000,SUPERVISION,False
2021,1,2024-01-23,5000,SUPERVISION,False
2022,1,2024-01-23,1000,SIM,False
2023,1,2024-01-24,1000,SIM,False
2024,1,2024-01-24,1000,SIM,False
2025,1,2024-01-24,100,PASS,False
2026,1,2024-01-24,5000,SUPERVISION,False
2027,1,2024-01-25,1000,SIM,False
2028,1,2024-01-25,1000,SIM,True
2029,1,2024-01-25,1000,SIM,True
2030,1,2024-01-25,5000,SUPERVISION,True
2031,1,2024-01-25,5000,SUPERVISION,False
2032,1,2024-01-25,5000,SUPERVISION,False
2033,1,2024-01-25,5000,SUPERVISION,False
2034,1,2024-01-26,5000,SUPERVISION,True
2035,1,2024-01-26,5000,SUPERVISION,True
2036,1,2024-01-26,5000,SUPERVISION,True
2037,1,2024-01-26,5000,SUPERVISION,False
2038,1,2024-01-26,5000,SUPERVISION,False
2039,1,2024-01-26,5000,SUPERVISION,False
2040,1,2024-01-27,1000,SIM,False
2041,1,2024-01-27,100,PASS,False
2042,1,2024-01-27,5000,SUPERVISION,False
2043,1,2024-01-27,100,PASS,False
2044,1,2024-01-27,5000,SUPERVISION,False
2045,1,2024-01-27,5000,SUPERVISION,False
2046,1,2024-01-27,5000,SUPERVISION,True
2047,1,2024-01-28,5000,SUPERVISION,True
2048,1,2024-01-28,5000,SUPERVISION,True
2049,1,2024-01-28,100,PASS,True
2050,1,2024-01-28,5000,SUPERVISION,True
2051,1,2024-01-28,1000,SIM,True
2052,1,2024-01-29,1000,SIM,False
2053,1,2024-01-29,1000,SIM,False
2054,1,2024-01-29,5000,SUPERVISION,False
2055,1,2024-01-29,5000,SUPERVISION,True
2056,1,2024-01-30,5000,SUPERVISION,True
2057,1,2024-01-30,5000,SUPERVISION,True
2058,1,2024-01-30,5000,SUPERVISION,False
2059,1,2024-01-30,5000,SUPERVISION,False
2060,1,2024-01-30,5000,SUPERVISION,False
2061,1,2024-01-31,5000,SUPERVISION,False
2062,1,2024-01-31,1000,SIM,False
2063,1,2024-01-31,100,PASS,False
2064,1,2024-01-31,5000,SUPERVISION,False
2065,1,2024-01-31,5000,SUPERVISION,False
2066,1,2024-01-31,5000,SUPERVISION,False
2067,1,2024-01-31,5000,SUPERVISION,False
2068,1,2024-01-31,1000,SIM,False
2069,1,2024-01-31,1000,SIM,True
2070,1,2024-02-01,1000,SIM,True
2071,1,2024-02-01,5000,SUPERVISION,True
2072,1,2024-02-02,5000,SUPERVISION,True
2073,1,2024-02-02,5000,SUPERVISION,True
2074,1,2024-02-02,5000,SUPERVISION,True
2075,1,2024-02-02,1000,SIM,True
2076,1,2024-02-02,5000,SUPERVISION,True
2077,1,2024-02-02,100,PASS,True
2078,1,2024-02-02,100,PASS,True
2079,1,2024-02-02,5000,SUPERVISION,True
2080,1,2024-02-03,5000,SUPERVISION,True
2081,1,2024-02-03,5000,SUPERVISION,True
2082,1,2024-02-03,100,PASS,True
2083,1,2024-02-03,5000,SUPERVISION,True
2084,1,2024-02-03,1000,SIM,True
2085,1,2024-02-03,1000,SIM,True
2086,1,2024-02-03,1000,SIM,True
2087,1,2024-02-03,1000,SIM,True
2088,1,2024-02-03,100,PASS,True
2089,1,2024-02-03,5000,SUPERVISION,True
2090,1,2024-02-04,1000,SIM,True
2091,1,2024-02-04,100,PASS,True
2092,1,2024-02-04,5000,SUPERVISION,True
2093,1,2024-02-04,1000,SIM,True
2094,1,2024-02-04,100,PASS,True
2095,1,2024-02-04,5000,SUPERVISION,True
2096,1,2024-02-04,100,PASS,True
2097,1,2024-02-04,100,PASS,True
2098,1,2024-02-05,5000,SUPERVISION,True
2099,1,2024-02-05,100,PASS,True
2100,1,2024-02-05,5000,SUPERVISION,True
2101,1,2024-02-05,5000,SUPERVISION,True
2102,1,2024-02-05,5000,SUPERVISION,True
2103,1,2024-02-05,5000,SUPERVISION,False
2104,1,2024-02-05,5000,SUPERVISION,False
2105,1,2024-02-06,5000,SUPERVISION,False
2106,1,2024-02-06,1000,SIM,False
2107,1,2024-02-06,5000,SUPERVISION,False
2108,1,2024-02-06,5000,SUPERVISION,False
2109,1,2024-02-06,5000,SUPERVISION,False
2110,1,2024-02-06,100,PASS,False
2111,1,2024-02-06,5000,SUPERVISION,False
2112,1,2024-02-06,5000,SUPERVISION,False
2113,1,2024-02-07,5000,SUPERVISION,False
2114,1,2024-02-07,5000,SUPERVISION,False
2115,1,2024-02-07,5000,SUPERVISION,False
2116,1,2024-02-07,5000,SUPERVISION,True
2117,1,2024-02-07,5000,SUPERVISION,True
2118,1,2024-02-07,5000,SUPERVISION,True
2119,1,2024-02-07,1000,SIM,True
2120,1,2024-02-07,1000,SIM,True
2121,1,2024-02-08,1000,SIM,True
2122,1,2024-02-08,1000,SIM,True
2123,1,2024-02-08,100,PASS,True
2124,1,2024-02-08,5000,SUPERVISION,True
2125,1,2024-02-08,1000,SIM,True
2126,1,2024-02-09,100,PASS,True
2127,1,2024-02-09,5000,SUPERVISION,True
2128,1,2024-02-09,5000,SUPERVISION,True
2129,1,2024-02-09,5000,SUPERVISION,True
2130,1,2024-02-09,5000,SUPERVISION,True
2131,1,2024-02-09,5000,SUPERVISION,True
2132,1,2024-02-10,5000,SUPERVISION,True
2133,1,2024-02-10,1000,SIM,True
2134,1,2024-02-11,5000,SUPERVISION,True
2135,1,2024-02-11,1000,SIM,True
2136,1,2024-02-11,5000,SUPERVISION,True
2137,1,2024-02-11,5000,SUPERVISION,True
2138,1,2024-02-12,100,PASS,True
2139,1,2024-02-12,5000,SUPERVISION,True
2140,1,2024-02-12,5000,SUPERVISION,True
2141,1,2024-02-12,100,PASS,True
2142,1,2024-02-12,5000,SUPERVISION,True
2143,1,2024-02-12,5000,SUPERVISION,True
2144,1,2024-02-12,100,PASS,True
2145,1,2024-02-12,1000,SIM,True
2146,1,2024-02-12,5000,SUPERVISION,True
2147,1,2024-02-12,5000,SUPERVISION,False
2148,1,2024-02-12,5000,SUPERVISION,False
2149,1,2024-02-13,1000,SIM,False
2150,1,2024-02-13,1000,SIM,False
2151,1,2024-02-13,1000,SIM,False
2152,1,2024-02-13,100,PASS,False
2153,1,2024-02-14,100,PASS,False
2154,1,2024-02-14,100,PASS,False
2155,1,2024-02-14,100,PASS,False
2156,1,2024-02-14,5000,SUPERVISION,False
2157,1,2024-02-14,5000,SUPERVISION,False
2158,1,2024-02-14,5000,SUPERVISION,False
2159,1,2024-02-14,100,PASS,False
2160,1,2024-02-14,100,PASS,False
2161,1,2024-02-15,5000,SUPERVISION,False
2162,1,2024-02-15,5000,SUPERVISION,True
2163,1,2024-02-15,5000,SUPERVISION,True
2164,1,2024-02-15,5000,SUPERVISION,True
2165,1,2024-02-15,5000,SUPERVISION,False
2166,1,2024-02-15,5000,SUPERVISION,False
2167,1,2024-02-15,5000,SUPERVISION,True
2168,1,2024-02-15,5000,SUPERVISION,True
2169,1,2024-02-16,5000,SUPERVISION,True
2170,1,2024-02-16,5000,SUPERVISION,True
2171,1,2024-02-16,100,PASS,True
2172,1,2024-02-16,100,PASS,False
2173,1,2024-02-16,100,PASS,False
2174,1,2024-02-17,5000,SUPERVISION,False
2175,1,2024-02-17,5000,SUPERVISION,True
2176,1,2024-02-17,5000,SUPERVISION,True
2177,1,2024-02-17,5000,SUPERVISION,True
2178,1,2024-02-17,100,PASS,True
2179,1,2024-02-17,5000,SUPERVISION,True
2180,1,2024-02-18,1000,SIM,True
2181,1,2024-02-18,1000,SIM,True
2182,1,2024-02-18,100,PASS,True
2183,1,2024-02-18,5000,SUPERVISION,True
2184,1,2024-02-18,5000,SUPERVISION,True
2185,1,2024-02-18,5000,SUPERVISION,True
2186,1,2024-02-18,1000,SIM,True
2187,1,2024-02-18,1000,SIM,True
2188,1,2024-02-18,100,PASS,True
2189,1,2024-02-19,100,PASS,False
2190,1,2024-02-19,100,PASS,False
2191,1,2024-02-19,5000,SUPERVISION,False
2192,1,2024-02-19,1000,SIM,False
2193,1,2024-02-19,100,PASS,False
2194,1,2024-02-19,5000,SUPERVISION,False
2195,1,2024-02-19,1000,SIM,False
2196,1,2024-02-20,5000,SUPERVISION,False
2197,1,2024-02-20,5000,SUPERVISION,False
2198,1,2024-02-20,5000,SUPERVISION,False
2199,1,2024-02-20,100,PASS,False
2200,1,2024-02-20,5000,SUPERVISION,False
2201,1,2024-02-20,5000,SUPERVISION,False
2202,1,2024-02-21,1000,SIM,False
2203,1,2024-02-21,5000,SUPERVISION,False
2204,1,2024-02-21,5000,SUPERVISION,False
2205,1,2024-02-21,1000,SIM,False
2206,1,2024-02-21,5000,SUPERVISION,False
2207,1,2024-02-22,5000,SUPERVISION,False
2208,1,2024-02-22,1000,SIM,False
2209,1,2024-02-22,1000,SIM,False
2210,1,2024-02-22,1000,SIM,False
2211,1,2024-02-22,1000,SIM,False
2212,1,2024-02-23,100,PASS,False
2213,1,2024-02-23,1000,SIM,False
2214,1,2024-02-23,1000,SIM,True
2215,1,2024-02-24,1000,SIM,True
2216,1,2024-02-24,100,PASS,True
2217,1,2024-02-24,1000,SIM,True
2218,1,2024-02-24,5000,SUPERVISION,True
2219,1,2024-02-25,100,PASS,True
2220,1,2024-02-25,5000,SUPERVISION,True
2221,1,2024-02-25,5000,SUPERVISION,True
2222,1,2024-02-25,5000,SUPERVISION,True
2223,1,2024-02-25,5000,SUPERVISION,True
2224,1,2024-02-26,1000,SIM,True
2225,1,2024-02-26,100,PASS,True
2226,1,2024-02-26,5000,SUPERVISION,True
2227,1,2024-02-26,5000,SUPERVISION,True
2228,1,2024-02-26,5000,SUPERVISION,False
2229,1,2024-02-26,5000,SUPERVISION,False
2230,1,2024-02-26,1000,SIM,False
2231,1,2024-02-26,1000,SIM,True
2232,1,2024-02-26,1000,SIM,True
2233,1,2024-02-26,1000,SIM,True
2234,1,2024-02-27,5000,SUPERVISION,True
2235,1,2024-02-27,1000,SIM,True
2236,1,2024-02-27,1000,SIM,True
2237,1,2024-02-27,100,PASS,True
2238,1,2024-02-27,5000,SUPERVISION,True
2239,1,2024-02-27,5000,SUPERVISION,True
2240,1,2024-02-27,5000,SUPERVISION,False
2241,1,2024-02-28,5000,SUPERVISION,False
2242,1,2024-02-28,5000,SUPERVISION,True
2243,1,2024-02-28,5000,SUPERVISION,True
2244,1,2024-02-28,5000,SUPERVISION,True
2245,1,2024-02-29,5000,SUPERVISION,True
2246,1,2024-02-29,5000,SUPERVISION,True
2247,1,2024-02-29,5000,SUPERVISION,True
2248,1,2024-02-29,5000,SUPERVISION,False
2249,1,2024-02-29,5000,SUPERVISION,False
2250,1,2024-02-29,1000,SIM,False
2251,1,2024-03-01,100,PASS,False
2252,1,2024-03-01,100,PASS,False
2253,1,2024-03-01,5000,SUPERVISION,False
2254,1,2024-03-01,100,PASS,False
2255,1,2024-03-01,5000,SUPERVISION,False
2256,1,2024-03-01,5000,SUPERVISION,False
2257,1,2024-03-01,1000,SIM,False
2258,1,2024-03-01,1000,SIM,False
2259,1,2024-03-01,5000,SUPERVISION,False
2260,1,2024-03-01,1000,SIM,False
2261,1,2024-03-02,100,PASS,False
2262,1,2024-03-02,100,PASS,False
2263,1,2024-03-02,100,PASS,True
2264,1,2024-03-02,100,PASS,True
2265,1,2024-03-02,5000,SUPERVISION,True
2266,1,2024-03-02,5000,SUPERVISION,True
2267,1,2024-03-02,5000,SUPERVISION,True
2268,1,2024-03-02,100,PASS,True
2269,1,2024-03-03,1000,SIM,True
2270,1,2024-03-03,5000,SUPERVISION,True
2271,1,2024-03-03,5000,SUPERVISION,True
2272,1,2024-03-03,1000,SIM,True
2273,1,2024-03-03,1000,SIM,False
2274,1,2024-03-03,1000,SIM,False
2275,1,2024-03-03,1000,SIM,True
2276,1,2024-03-04,1000,SIM,True
2277,1,2024-03-04,1000,SIM,True
2278,1,2024-03-04,5000,SUPERVISION,True
2279,1,2024-03-04,100,PASS,True
2280,1,2024-03-04,5000,SUPERVISION,True
2281,1,2024-03-05,5000,SUPERVISION,True
2282,1,2024-03-05,5000,SUPERVISION,True
2283,1,2024-03-06,5000,SUPERVISION,True
2284,1,2024-03-06,1000,SIM,True
2285,1,2024-03-06,100,PASS,True
2286,1,2024-03-07,1000,SIM,True
2287,1,2024-03-07,5000,SUPERVISION,True
2288,1,2024-03-07,5000,SUPERVISION,False
2289,1,2024-03-07,5000,SUPERVISION,False
2290,1,2024-03-07,5000,SUPERVISION,False
2291,1,2024-03-07,5000,SUPERVISION,False
2292,1,2024-03-07,5000,SUPERVISION,True
2293,1,2024-03-08,5000,SUPERVISION,True
2294,1,2024-03-09,5000,SUPERVISION,False
2295,1,2024-03-09,5000,SUPERVISION,False
2296,1,2024-03-09,100,PASS,False
2297,1,2024-03-09,1000,SIM,False
2298,1,2024-03-09,5000,SUPERVISION,False
2299,1,2024-03-09,5000,SUPERVISION,False
2300,1,2024-03-10,1000,SIM,False
2301,1,2024-03-10,5000,SUPERVISION,False
2302,1,2024-03-10,5000,SUPERVISION,True
2303,1,2024-03-10,5000,SUPERVISION,True
2304,1,2024-03-10,5000,SUPERVISION,True
2305,1,2024-03-10,5000,SUPERVISION,True
2306,1,2024-03-11,100,PASS,True
2307,1,2024-03-11,5000,SUPERVISION,True
2308,1,2024-03-12,5000,SUPERVISION,True
2309,1,2024-03-12,5000,SUPERVISION,True
2310,1,2024-03-12,5000,SUPERVISION,True
2311,1,2024-03-12,5000,SUPERVISION,False
2312,1,2024-03-12,5000,SUPERVISION,False
2313,1,2024-03-12,5000,SUPERVISION,False
2314,1,2024-03-12,5000,SUPERVISION,False
2315,1,2024-03-13,5000,SUPERVISION,False
2316,1,2024-03-13,5000,SUPERVISION,False
2317,1,2024-03-13,5000,SUPERVISION,False
2318,1,2024-03-14,1000,SIM,False
2319,1,2024-03-14,5000,SUPERVISION,False
2320,1,2024-03-14,1000,SIM,False
2321,1,2024-03-15,1000,SIM,False
2322,1,2024-03-15,1000,SIM,False
2323,1,2024-03-15,1000,SIM,True
2324,1,2024-03-15,1000,SIM,True
2325,1,2024-03-15,1000,SIM,False
2326,1,2024-03-15,1000,SIM,False
2327,1,2024-03-15,1000,SIM,False
2328,1,2024-03-15,1000,SIM,True
2329,1,2024-03-16,1000,SIM,True
2330,1,2024-03-16,1000,SIM,False
2331,1,2024-03-16,1000,SIM,False
2332,1,2024-03-16,5000,SUPERVISION,False
2333,1,2024-03-16,100,PASS,False
2334,1,2024-03-16,100,PASS,True
2335,1,2024-03-16,100,PASS,True
2336,1,2024-03-17,5000,SUPERVISION,True
2337,1,2024-03-17,100,PASS,True
2338,1,2024-03-17,5000,SUPERVISION,True
2339,1,2024-03-17,5000,SUPERVISION,True
2340,1,2024-03-18,5000,SUPERVISION,True
2341,1,2024-03-18,5000,SUPERVISION,False
2342,1,2024-03-18,5000,SUPERVISION,False
2343,1,2024-03-19,5000,SUPERVISION,False
2344,1,2024-03-19,5000,SUPERVISION,True
2345,1,2024-03-19,5000,SUPERVISION,True
2346,1,2024-03-19,100,PASS,True
2347,1,2024-03-19,100,PASS,False
2348,1,2024-03-19,100,PASS,False
2349,1,2024-03-19,100,PASS,True
2350,1,2024-03-20,100,PASS,True
2351,1,2024-03-20,5000,SUPERVISION,True
2352,1,2024-03-20,5000,SUPERVISION,True
2353,1,2024-03-20,5000,SUPERVISION,True
2354,1,2024-03-21,1000,SIM,True
2355,1,2024-03-21,5000,SUPERVISION,True
2356,1,2024-03-21,1000,SIM,True
2357,1,2024-03-21,100,PASS,True
2358,1,2024-03-21,100,PASS,True
2359,1,2024-03-22,5000,SUPERVISION,True
2360,1,2024-03-22,5000,SUPERVISION,True
2361,1,2024-03-22,100,PASS,True
2362,1,2024-03-22,5000,SUPERVISION,True
2363,1,2024-03-22,5000,SUPERVISION,False
2364,1,2024-03-23,5000,SUPERVISION,False
2365,1,2024-03-23,5000,SUPERVISION,False
2366,1,2024-03-23,5000,SUPERVISION,True
2367,1,2024-03-23,5000,SUPERVISION,True
2368,1,2024-03-24,1000,SIM,True
2369,1,2024-03-24,100,PASS,True
2370,1,2024-03-25,100,PASS,True
2371,1,2024-03-25,1000,SIM,True
2372,1,2024-03-25,5000,SUPERVISION,True
2373,1,2024-03-25,1000,SIM,True
2374,1,2024-03-26,1000,SIM,False
2375,1,2024-03-26,1000,SIM,False
2376,1,2024-03-26,100,PASS,False
2377,1,2024-03-26,5000,SUPERVISION,False
2378,1,2024-03-26,5000,SUPERVISION,False
2379,1,2024-03-26,5000,SUPERVISION,True
2380,1,2024-03-26,5000,SUPERVISION,True
2381,1,2024-03-26,100,PASS,True
2382,1,2024-03-27,5000,SUPERVISION,True
2383,1,2024-03-27,1000,SIM,True
2384,1,2024-03-27,1000,SIM,True
2385,1,2024-03-28,100,PASS,True
2386,1,2024-03-28,5000,SUPERVISION,True
2387,1,2024-03-29,5000,SUPERVISION,True
2388,1,2024-03-29,5000,SUPERVISION,True
2389,1,2024-03-29,5000,SUPERVISION,True
2390,1,2024-03-29,1000,SIM,True
2391,1,2024-03-29,1000,SIM,True
2392,1,2024-03-29,5000,SUPERVISION,True
2393,1,2024-03-29,5000,SUPERVISION,False
2394,1,2024-03-29,5000,SUPERVISION,False
2395,1,2024-03-30,1000,SIM,False
2396,1,2024-03-30,1000,SIM,False
2397,1,2024-03-30,100,PASS,False
2398,1,2024-03-31,5000,SUPERVISION,False
2399,1,2024-03-31,5000,SUPERVISION,True
2400,1,2024-03-31,5000,SUPERVISION,True
2401,1,2024-03-31,5000,SUPERVISION,True
2402,1,2024-04-01,5000,SUPERVISION,True
2403,1,2024-04-01,5000,SUPERVISION,True
2404,1,2024-04-01,100,PASS,True
2405,1,2024-04-01,5000,SUPERVISION,True
2406,1,2024-04-02,5000,SUPERVISION,False
2407,1,2024-04-02,5000,SUPERVISION,False
2408,1,2024-04-02,5000,SUPERVISION,False
2409,1,2024-04-03,5000,SUPERVISION,False
2410,1,2024-04-03,5000,SUPERVISION,False
2411,1,2024-04-03,100,PASS,False
2412,1,2024-04-03,5000,SUPERVISION,False
2413,1,2024-04-03,5000,SUPERVISION,False
2414,1,2024-04-03,5000,SUPERVISION,False
2415,1,2024-04-03,5000,SUPERVISION,True
2416,1,2024-04-03,5000,SUPERVISION,True
2417,1,2024-04-03,5000,SUPERVISION,True
2418,1,2024-04-04,5000,SUPERVISION,True
2419,1,2024-04-04,5000,SUPERVISION,False
2420,1,2024-04-05,5000,SUPERVISION,False
2421,1,2024-04-05,5000,SUPERVISION,True
2422,1,2024-04-06,5000,SUPERVISION,True
2423,1,2024-04-06,100,PASS,True
2424,1,2024-04-06,5000,SUPERVISION,True
2425,1,2024-04-07,5000,SUPERVISION,False
2426,1,2024-04-07,5000,SUPERVISION,False
2427,1,2024-04-07,5000,SUPERVISION,False
2428,1,2024-04-07,5000,SUPERVISION,False
2429,1,2024-04-07,1000,SIM,False
2430,1,2024-04-07,1000,SIM,False
2431,1,2024-04-07,1000,SIM,False
2432,1,2024-04-07,1000,SIM,False
2433,1,2024-04-08,1000,SIM,False
2434,1,2024-04-08,1000,SIM,False
2435,1,2024-04-08,5000,SUPERVISION,False
2436,1,2024-04-08,100,PASS,False
2437,1,2024-04-08,5000,SUPERVISION,False
2438,1,2024-04-08,5000,SUPERVISION,False
2439,1,2024-04-08,5000,SUPERVISION,False
2440,1,2024-04-09,100,PASS,False
2441,1,2024-04-09,5000,SUPERVISION,False
2442,1,2024-04-09,5000,SUPERVISION,False
2443,1,2024-04-09,5000,SUPERVISION,False
2444,1,2024-04-09,1000,SIM,False
2445,1,2024-04-10,100,PASS,False
2446,1,2024-04-10,5000,SUPERVISION,False
2447,1,2024-04-10,5000,SUPERVISION,True
2448,1,2024-04-10,5000,SUPERVISION,True
2449,1,2024-04-10,5000,SUPERVISION,True
2450,1,2024-04-10,5000,SUPERVISION,True
2451,1,2024-04-11,5000,SUPERVISION,True
2452,1,2024-04-11,5000,SUPERVISION,True
2453,1,2024-04-12,5000,SUPERVISION,False
2454,1,2024-04-12,5000,SUPERVISION,False
2455,1,2024-04-12,5000,SUPERVISION,False
2456,1,2024-04-12,1000,SIM,False
2457,1,2024-04-13,100,PASS,False
2458,1,2024-04-13,5000,SUPERVISION,False
2459,1,2024-04-13,5000,SUPERVISION,True
2460,1,2024-04-13,5000,SUPERVISION,True
2461,1,2024-04-14,5000,SUPERVISION,True
2462,1,2024-04-14,1000,SIM,True
2463,1,2024-04-14,1000,SIM,True
2464,1,2024-04-14,100,PASS,True
2465,1,2024-04-14,100,PASS,False
2466,1,2024-04-14,100,PASS,False
2467,1,2024-04-15,5000,SUPERVISION,False
2468,1,2024-04-16,5000,SUPERVISION,False
2469,1,2024-04-16,5000,SUPERVISION,False
2470,1,2024-04-16,5000,SUPERVISION,False
2471,1,2024-04-16,5000,SUPERVISION,True
2472,1,2024-04-16,5000,SUPERVISION,True
2473,1,2024-04-16,5000,SUPERVISION,True
2474,1,2024-04-16,5000,SUPERVISION,True
2475,1,2024-04-16,5000,SUPERVISION,True
2476,1,2024-04-16,5000,SUPERVISION,False
2477,1,2024-04-16,5000,SUPERVISION,False
2478,1,2024-04-17,5000,SUPERVISION,True
2479,1,2024-04-17,5000,SUPERVISION,True
2480,1,2024-04-17,5000,SUPERVISION,True
2481,1,2024-04-17,1000,SIM,True
2482,1,2024-04-17,5000,SUPERVISION,True
2483,1,2024-04-17,5000,SUPERVISION,True
2484,1,2024-04-18,5000,SUPERVISION,False
2485,1,2024-04-19,5000,SUPERVISION,False
2486,1,2024-04-19,5000,SUPERVISION,True
2487,1,2024-04-20,5000,SUPERVISION,True
2488,1,2024-04-20,5000,SUPERVISION,True
2489,1,2024-04-20,1000,SIM,True
2490,1,2024-04-20,5000,SUPERVISION,True
2491,1,2024-04-20,5000,SUPERVISION,True
2492,1,2024-04-20,1000,SIM,True
2493,1,2024-04-20,100,PASS,True
2494,1,2024-04-20,5000,SUPERVISION,True
2495,1,2024-04-20,1000,SIM,True
2496,1,2024-04-21,1000,SIM,True
2497,1,2024-04-21,1000,SIM,True
2498,1,2024-04-21,1000,SIM,True
2499,1,2024-04-21,1000,SIM,True
2500,1,2024-04-21,100,PASS,True
2501,1,2024-04-21,5000,SUPERVISION,True
2502,1,2024-04-22,5000,SUPERVISION,True
2503,1,2024-04-22,5000,SUPERVISION,True
2504,1,2024-04-22,5000,SUPERVISION,True
2505,1,2024-04-22,5000,SUPERVISION,True
2506,1,2024-04-22,5000,SUPERVISION,True
2507,1,2024-04-23,1000,SIM,True
2508,1,2024-04-23,5000,SUPERVISION,True
2509,1,2024-04-23,5000,SUPERVISION,True
2510,1,2024-04-23,5000,SUPERVISION,True
2511,1,2024-04-23,5000,SUPERVISION,True
2512,1,2024-04-23,5000,SUPERVISION,True
2513,1,2024-04-23,5000,SUPERVISION,True
2514,1,2024-04-24,5000,SUPERVISION,True
2515,1,2024-04-24,5000,SUPERVISION,False
2516,1,2024-04-24,5000,SUPERVISION,False
2517,1,2024-04-24,5000,SUPERVISION,False
2518,1,2024-04-24,5000,SUPERVISION,False
2519,1,2024-04-25,5000,SUPERVISION,False
2520,1,2024-04-25,5000,SUPERVISION,False
2521,1,2024-04-25,1000,SIM,False
2522,1,2024-04-26,5000,SUPERVISION,False
2523,1,2024-04-26,5000,SUPERVISION,False
2524,1,2024-04-26,5000,SUPERVISION,True
2525,1,2024-04-26,5000,SUPERVISION,True
2526,1,2024-04-27,5000,SUPERVISION,True
2527,1,2024-04-27,1000,SIM,True
2528,1,2024-04-27,5000,SUPERVISION,True
2529,1,2024-04-28,5000,SUPERVISION,True
2530,1,2024-04-28,5000,SUPERVISION,True
2531,1,2024-04-28,5000,SUPERVISION,True
2532,1,2024-04-28,5000,SUPERVISION,True
2533,1,2024-04-28,100,PASS,True
2534,1,2024-04-28,5000,SUPERVISION,True
2535,1,2024-04-28,5000,SUPERVISION,False
2536,1,2024-04-28,5000,SUPERVISION,False
2537,1,2024-04-29,5000,SUPERVISION,False
2538,1,2024-04-29,5000,SUPERVISION,False
2539,1,2024-04-30,5000,SUPERVISION,False
2540,1,2024-04-30,5000,SUPERVISION,False
2541,1,2024-04-30,5000,SUPERVISION,False
2542,1,2024-04-30,5000,SUPERVISION,False
2543,1,2024-04-30,5000,SUPERVISION,True
2544,1,2024-05-01,5000,SUPERVISION,True
2545,1,2024-05-01,5000,SUPERVISION,True
2546,1,2024-05-01,1000,SIM,True
2547,1,2024-05-01,5000,SUPERVISION,True
2548,1,2024-05-01,100,PASS,True
2549,1,2024-05-01,1000,SIM,True
2550,1,2024-05-01,1000,SIM,True
2551,1,2024-05-01,100,PASS,True
2552,1,2024-05-02,5000,SUPERVISION,True
2553,1,2024-05-02,5000,SUPERVISION,False
2554,1,2024-05-02,5000,SUPERVISION,False
2555,1,2024-05-02,5000,SUPERVISION,False
2556,1,2024-05-03,5000,SUPERVISION,False
2557,1,2024-05-03,5000,SUPERVISION,False
2558,1,2024-05-03,5000,SUPERVISION,False
2559,1,2024-05-03,5000,SUPERVISION,False
2560,1,2024-05-04,5000,SUPERVISION,False
2561,1,2024-05-04,5000,SUPERVISION,False
2562,1,2024-05-04,5000,SUPERVISION,False
2563,1,2024-05-04,5000,SUPERVISION,True
2564,1,2024-05-04,5000,SUPERVISION,True
2565,1,2024-05-04,1000,SIM,True
2566,1,2024-05-05,1000,SIM,True
2567,1,2024-05-05,5000,SUPERVISION,True
2568,1,2024-05-05,1000,SIM,True
2569,1,2024-05-05,1000,SIM,False
2570,1,2024-05-05,1000,SIM,False
2571,1,2024-05-05,100,PASS,False
2572,1,2024-05-05,5000,SUPERVISION,False
2573,1,2024-05-06,5000,SUPERVISION,True
2574,1,2024-05-06,5000,SUPERVISION,True
2575,1,2024-05-06,5000,SUPERVISION,True
2576,1,2024-05-06,5000,SUPERVISION,False
2577,1,2024-05-07,5000,SUPERVISION,False
2578,1,2024-05-07,5000,SUPERVISION,False
2579,1,2024-05-07,1000,SIM,False
2580,1,2024-05-07,5000,SUPERVISION,False
2581,1,2024-05-07,100,PASS,False
2582,1,2024-05-07,100,PASS,False
2583,1,2024-05-07,5000,SUPERVISION,False
2584,1,2024-05-07,5000,SUPERVISION,False
2585,1,2024-05-07,5000,SUPERVISION,False
2586,1,2024-05-08,1000,SIM,False
2587,1,2024-05-08,5000,SUPERVISION,False
2588,1,2024-05-08,5000,SUPERVISION,False
2589,1,2024-05-09,5000,SUPERVISION,False
2590,1,2024-05-09,100,PASS,False
2591,1,2024-05-09,1000,SIM,False
2592,1,2024-05-10,1000,SIM,False
2593,1,2024-05-10,5000,SUPERVISION,False
2594,1,2024-05-10,5000,SUPERVISION,True
2595,1,2024-05-10,5000,SUPERVISION,True
2596,1,2024-05-11,1000,SIM,True
2597,1,2024-05-11,100,PASS,True
2598,1,2024-05-11,5000,SUPERVISION,True
2599,1,2024-05-11,1000,SIM,True
2600,1,2024-05-11,5000,SUPERVISION,True
2601,1,2024-05-11,5000,SUPERVISION,True
2602,1,2024-05-12,5000,SUPERVISION,True
2603,1,2024-05-12,5000,SUPERVISION,True
2604,1,2024-05-12,5000,SUPERVISION,True
2605,1,2024-05-12,100,PASS,True
2606,1,2024-05-12,100,PASS,False
2607,1,2024-05-13,100,PASS,False
2608,1,2024-05-13,1000,SIM,False
2609,1,2024-05-13,1000,SIM,True
2610,1,2024-05-13,1000,SIM,True
2611,1,2024-05-14,5000,SUPERVISION,True
2612,1,2024-05-14,5000,SUPERVISION,False
2613,1,2024-05-14,5000,SUPERVISION,False
2614,1,2024-05-14,1000,SIM,False
2615,1,2024-05-14,1000,SIM,False
2616,1,2024-05-15,5000,SUPERVISION,False
2617,1,2024-05-15,5000,SUPERVISION,False
2618,1,2024-05-15,5000,SUPERVISION,False
2619,1,2024-05-15,5000,SUPERVISION,False
2620,1,2024-05-15,1000,SIM,False
2621,1,2024-05-16,1000,SIM,False
2622,1,2024-05-16,1000,SIM,False
2623,1,2024-05-16,1000,SIM,False
2624,1,2024-05-16,100,PASS,False
2625,1,2024-05-16,100,PASS,False
2626,1,2024-05-16,100,PASS,True
2627,1,2024-05-16,100,PASS,True
2628,1,2024-05-16,100,PASS,True
2629,1,2024-05-17,100,PASS,True
2630,1,2024-05-17,100,PASS,False
2631,1,2024-05-17,100,PASS,False
2632,1,2024-05-17,100,PASS,False
2633,1,2024-05-17,5000,SUPERVISION,False
2634,1,2024-05-18,5000,SUPERVISION,False
2635,1,2024-05-18,5000,SUPERVISION,False
2636,1,2024-05-18,5000,SUPERVISION,False
2637,1,2024-05-18,1000,SIM,False
2638,1,2024-05-18,1000,SIM,False
2639,1,2024-05-18,100,PASS,False
2640,1,2024-05-19,5000,SUPERVISION,False
2641,1,2024-05-19,5000,SUPERVISION,True
2642,1,2024-05-19,5000,SUPERVISION,True
2643,1,2024-05-20,5000,SUPERVISION,True
2644,1,2024-05-20,1000,SIM,True
2645,1,2024-05-20,1000,SIM,False
2646,1,2024-05-22,1000,SIM,False
2647,1,2024-05-22,5000,SUPERVISION,False
2648,1,2024-05-22,1000,SIM,False
2649,1,2024-05-22,100,PASS,False
2650,1,2024-05-22,5000,SUPERVISION,False
2651,1,2024-05-22,1000,SIM,False
2652,1,2024-05-22,5000,SUPERVISION,False
2653,1,2024-05-22,5000,SUPERVISION,False
2654,1,2024-05-22,1000,SIM,False
2655,1,2024-05-23,5000,SUPERVISION,False
2656,1,2024-05-23,5000,SUPERVISION,False
2657,1,2024-05-23,5000,SUPERVISION,False
2658,1,2024-05-23,5000,SUPERVISION,True
2659,1,2024-05-24,5000,SUPERVISION,True
2660,1,2024-05-24,100,PASS,True
2661,1,2024-05-24,100,PASS,True
2662,1,2024-05-24,100,PASS,False
2663,1,2024-05-25,100,PASS,False
2664,1,2024-05-25,100,PASS,False
2665,1,2024-05-25,100,PASS,True
2666,1,2024-05-26,100,PASS,True
2667,1,2024-05-26,5000,SUPERVISION,True
2668,1,2024-05-27,1000,SIM,True
2669,1,2024-05-27,1000,SIM,True
2670,1,2024-05-27,100,PASS,True
2671,1,2024-05-28,100,PASS,True
2672,1,2024-05-28,5000,SUPERVISION,True
2673,1,2024-05-28,5000,SUPERVISION,True
2674,1,2024-05-28,5000,SUPERVISION,False
2675,1,2024-05-29,5000,SUPERVISION,False
2676,1,2024-05-29,5000,SUPERVISION,True
2677,1,2024-05-29,5000,SUPERVISION,True
2678,1,2024-05-29,5000,SUPERVISION,True
2679,1,2024-05-29,5000,SUPERVISION,True
2680,1,2024-05-29,5000,SUPERVISION,True
2681,1,2024-05-29,1000,SIM,True
2682,1,2024-05-29,5000,SUPERVISION,True
2683,1,2024-05-30,5000,SUPERVISION,False
2684,1,2024-05-30,5000,SUPERVISION,False
2685,1,2024-05-30,1000,SIM,False
2686,1,2024-05-30,1000,SIM,False
2687,1,2024-05-30,5000,SUPERVISION,False
2688,1,2024-05-31,5000,SUPERVISION,False
2689,1,2024-05-31,5000,SUPERVISION,False
2690,1,2024-05-31,5000,SUPERVISION,True
2691,1,2024-05-31,5000,SUPERVISION,True
2692,1,2024-05-31,5000,SUPERVISION,True
2693,1,2024-05-31,5000,SUPERVISION,True
2694,1,2024-05-31,5000,SUPERVISION,True
2695,1,2024-05-31,5000,SUPERVISION,True
2696,1,2024-05-31,5000,SUPERVISION,True
2697,1,2024-06-01,100,PASS,True
2698,1,2024-06-01,1000,SIM,True
2699,1,2024-06-01,100,PASS,True
2700,1,2024-06-01,5000,SUPERVISION,True
2701,1,2024-06-01,5000,SUPERVISION,False
2702,1,2024-06-01,5000,SUPERVISION,False
2703,1,2024-06-01,1000,SIM,False
2704,1,2024-06-01,100,PASS,False
2705,1,2024-06-01,5000,SUPERVISION,False
2706,1,2024-06-01,5000,SUPERVISION,False
2707,1,2024-06-02,5000,SUPERVISION,True
2708,1,2024-06-02,5000,SUPERVISION,True
2709,1,2024-06-02,5000,SUPERVISION,False
2710,1,2024-06-02,5000,SUPERVISION,False
2711,1,2024-06-02,5000,SUPERVISION,True
2712,1,2024-06-03,5000,SUPERVISION,True
2713,1,2024-06-03,5000,SUPERVISION,False
2714,1,2024-06-03,5000,SUPERVISION,False
2715,1,2024-06-03,1000,SIM,False
2716,1,2024-06-04,1000,SIM,False
2717,1,2024-06-04,1000,SIM,True
2718,1,2024-06-04,1000,SIM,True
2719,1,2024-06-04,1000,SIM,True
2720,1,2024-06-05,5000,SUPERVISION,True
2721,1,2024-06-05,5000,SUPERVISION,True
2722,1,2024-06-05,5000,SUPERVISION,True
2723,1,2024-06-05,1000,SIM,True
2724,1,2024-06-05,5000,SUPERVISION,True
2725,1,2024-06-06,1000,SIM,True
2726,1,2024-06-06,100,PASS,True
2727,1,2024-06-06,1000,SIM,True
2728,1,2024-06-06,1000,SIM,False
2729,1,2024-06-06,1000,SIM,False
2730,1,2024-06-07,5000,SUPERVISION,False
2731,1,2024-06-07,5000,SUPERVISION,True
2732,1,2024-06-07,5000,SUPERVISION,True
2733,1,2024-06-07,5000,SUPERVISION,False
2734,1,2024-06-07,5000,SUPERVISION,False
2735,1,2024-06-07,5000,SUPERVISION,False
2736,1,2024-06-08,5000,SUPERVISION,False
2737,1,2024-06-08,5000,SUPERVISION,False
2738,1,2024-06-08,1000,SIM,False
2739,1,2024-06-08,1000,SIM,False
2740,1,2024-06-08,5000,SUPERVISION,False
2741,1,2024-06-08,5000,SUPERVISION,False
2742,1,2024-06-08,5000,SUPERVISION,True
2743,1,2024-06-08,5000,SUPERVISION,True
2744,1,2024-06-09,5000,SUPERVISION,True
2745,1,2024-06-09,5000,SUPERVISION,False
2746,1,2024-06-09,5000,SUPERVISION,False
2747,1,2024-06-09,5000,SUPERVISION,True
2748,1,2024-06-09,5000,SUPERVISION,True
2749,1,2024-06-09,5000,SUPERVISION,False
2750,1,2024-06-10,5000,SUPERVISION,False
2751,1,2024-06-10,5000,SUPERVISION,False
2752,1,2024-06-10,1000,SIM,False
2753,1,2024-06-10,5000,SUPERVISION,False
2754,1,2024-06-10,5000,SUPERVISION,True
2755,1,2024-06-11,5000,SUPERVISION,True
2756,1,2024-06-11,1000,SIM,True
2757,1,2024-06-11,5000,SUPERVISION,True
2758,1,2024-06-11,1000,SIM,True
2759,1,2024-06-11,1000,SIM,True
2760,1,2024-06-12,100,PASS,True
2761,1,2024-06-12,5000,SUPERVISION,True
2762,1,2024-06-12,5000,SUPERVISION,True
2763,1,2024-06-12,5000,SUPERVISION,True
2764,1,2024-06-12,1000,SIM,True
2765,1,2024-06-12,1000,SIM,False
2766,1,2024-06-12,1000,SIM,False
2767,1,2024-06-13,1000,SIM,False
2768,1,2024-06-13,5000,SUPERVISION,False
2769,1,2024-06-13,5000,SUPERVISION,False
2770,1,2024-06-13,5000,SUPERVISION,False
2771,1,2024-06-13,1000,SIM,False
2772,1,2024-06-14,5000,SUPERVISION,False
2773,1,2024-06-14,100,PASS,False
2774,1,2024-06-14,5000,SUPERVISION,False
2775,1,2024-06-15,5000,SUPERVISION,False
2776,1,2024-06-15,1000,SIM,False
2777,1,2024-06-15,1000,SIM,False
2778,1,2024-06-15,1000,SIM,False
2779,1,2024-06-15,5000,SUPERVISION,False
2780,1,2024-06-15,5000,SUPERVISION,False
2781,1,2024-06-15,5000,SUPERVISION,False
2782,1,2024-06-16,5000,SUPERVISION,False
2783,1,2024-06-16,5000,SUPERVISION,False
2784,1,2024-06-16,5000,SUPERVISION,False
2785,1,2024-06-16,5000,SUPERVISION,False
2786,1,2024-06-16,1000,SIM,False
2787,1,2024-06-16,100,PASS,False
2788,1,2024-06-16,100,PASS,False
2789,1,2024-06-16,1000,SIM,False
2790,1,2024-06-18,5000,SUPERVISION,False
2791,1,2024-06-18,100,PASS,False
2792,1,2024-06-18,5000,SUPERVISION,False
2793,1,2024-06-18,100,PASS,False
2794,1,2024-06-19,100,PASS,True
2795,1,2024-06-19,100,PASS,True
2796,1,2024-06-19,5000,SUPERVISION,True
2797,1,2024-06-19,1000,SIM,True
2798,1,2024-06-20,5000,SUPERVISION,True
2799,1,2024-06-21,1000,SIM,True
2800,1,2024-06-21,100,PASS,True
2801,1,2024-06-21,5000,SUPERVISION,True
2802,1,2024-06-21,5000,SUPERVISION,False
2803,1,2024-06-21,5000,SUPERVISION,False
2804,1,2024-06-21,5000,SUPERVISION,False
2805,1,2024-06-21,1000,SIM,False
2806,1,2024-06-22,5000,SUPERVISION,False
2807,1,2024-06-22,100,PASS,False
2808,1,2024-06-22,5000,SUPERVISION,False
2809,1,2024-06-22,100,PASS,False
2810,1,2024-06-22,5000,SUPERVISION,False
2811,1,2024-06-22,1000,SIM,False
2812,1,2024-06-23,5000,SUPERVISION,False
2813,1,2024-06-23,1000,SIM,False
2814,1,2024-06-23,5000,SUPERVISION,False
2815,1,2024-06-23,5000,SUPERVISION,False
2816,1,2024-06-23,1000,SIM,False
2817,1,2024-06-23,1000,SIM,False
2818,1,2024-06-23,1000,SIM,True
2819,1,2024-06-24,1000,SIM,True
2820,1,2024-06-24,100,PASS,True
2821,1,2024-06-25,5000,SUPERVISION,True
2822,1,2024-06-26,5000,SUPERVISION,True
2823,1,2024-06-26,1000,SIM,True
2824,1,2024-06-26,1000,SIM,True
2825,1,2024-06-26,5000,SUPERVISION,True
2826,1,2024-06-26,5000,SUPERVISION,True
2827,1,2024-06-26,5000,SUPERVISION,True
2828,1,2024-06-26,5000,SUPERVISION,True
2829,1,2024-06-26,1000,SIM,True
2830,1,2024-06-26,100,PASS,True
2831,1,2024-06-27,5000,SUPERVISION,True
2832,1,2024-06-27,5000,SUPERVISION,True
2833,1,2024-06-27,5000,SUPERVISION,True
2834,1,2024-06-28,5000,SUPERVISION,False
2835,1,2024-06-28,5000,SUPERVISION,False
2836,1,2024-06-28,5000,SUPERVISION,True
2837,1,2024-06-28,5000,SUPERVISION,True
2838,1,2024-06-29,5000,SUPERVISION,True
2839,1,2024-06-29,5000,SUPERVISION,True
2840,1,2024-06-29,5000,SUPERVISION,True
2841,1,2024-06-29,5000,SUPERVISION,True
2842,1,2024-06-29,5000,SUPERVISION,True
2843,1,2024-06-30,5000,SUPERVISION,False
2844,1,2024-06-30,5000,SUPERVISION,False
2845,1,2024-07-01,5000,SUPERVISION,False
2846,1,2024-07-01,5000,SUPERVISION,False
2847,1,2024-07-01,1000,SIM,False
2848,1,2024-07-02,5000,SUPERVISION,False
2849,1,2024-07-02,5000,SUPERVISION,False
2850,1,2024-07-02,5000,SUPERVISION,False
2851,1,2024-07-02,5000,SUPERVISION,False
2852,1,2024-07-02,5000,SUPERVISION,False
2853,1,2024-07-02,5000,SUPERVISION,False
2854,1,2024-07-03,5000,SUPERVISION,True
2855,1,2024-07-03,5000,SUPERVISION,True
2856,1,2024-07-03,5000,SUPERVISION,False
2857,1,2024-07-03,5000,SUPERVISION,False
2858,1,2024-07-03,5000,SUPERVISION,False
2859,1,2024-07-03,5000,SUPERVISION,False
2860,1,2024-07-03,1000,SIM,False
2861,1,2024-07-03,100,PASS,False
2862,1,2024-07-04,5000,SUPERVISION,False
2863,1,2024-07-04,5000,SUPERVISION,False
2864,1,2024-07-04,5000,SUPERVISION,True
2865,1,2024-07-04,5000,SUPERVISION,True
2866,1,2024-07-04,5000,SUPERVISION,True
2867,1,2024-07-05,5000,SUPERVISION,True
2868,1,2024-07-05,5000,SUPERVISION,True
2869,1,2024-07-05,5000,SUPERVISION,False
2870,1,2024-07-05,5000,SUPERVISION,False
2871,1,2024-07-05,5000,SUPERVISION,False
2872,1,2024-07-06,1000,SIM,False
2873,1,2024-07-06,100,PASS,False
2874,1,2024-07-06,5000,SUPERVISION,False
2875,1,2024-07-06,5000,SUPERVISION,False
2876,1,2024-07-07,5000,SUPERVISION,False
2877,1,2024-07-07,5000,SUPERVISION,False
2878,1,2024-07-07,5000,SUPERVISION,False
2879,1,2024-07-07,5000,SUPERVISION,False
2880,1,2024-07-07,1000,SIM,False
2881,1,2024-07-07,100,PASS,False
2882,1,2024-07-07,5000,SUPERVISION,False
2883,1,2024-07-07,5000,SUPERVISION,False
2884,1,2024-07-07,100,PASS,False
2885,1,2024-07-07,5000,SUPERVISION,False
2886,1,2024-07-08,1000,SIM,False
2887,1,2024-07-08,1000,SIM,False
2888,1,2024-07-08,1000,SIM,False
2889,1,2024-07-08,5000,SUPERVISION,False
2890,1,2024-07-08,1000,SIM,False
2891,1,2024-07-08,1000,SIM,False
2892,1,2024-07-08,1000,SIM,False
2893,1,2024-07-09,1000,SIM,False
2894,1,2024-07-09,100,PASS,False
2895,1,2024-07-09,100,PASS,False
2896,1,2024-07-10,100,PASS,False
2897,1,2024-07-10,100,PASS,False
2898,1,2024-07-10,5000,SUPERVISION,False
2899,1,2024-07-10,5000,SUPERVISION,False
2900,1,2024-07-11,5000,SUPERVISION,True
2901,1,2024-07-11,5000,SUPERVISION,True
2902,1,2024-07-11,5000,SUPERVISION,True
2903,1,2024-07-12,5000,SUPERVISION,True
2904,1,2024-07-12,5000,SUPERVISION,True
2905,1,2024-07-12,5000,SUPERVISION,False
2906,1,2024-07-12,5000,SUPERVISION,False
2907,1,2024-07-12,5000,SUPERVISION,False
2908,1,2024-07-12,5000,SUPERVISION,False
2909,1,2024-07-13,5000,SUPERVISION,True
2910,1,2024-07-13,5000,SUPERVISION,True
2911,1,2024-07-13,5000,SUPERVISION,True
2912,1,2024-07-14,1000,SIM,True
2913,1,2024-07-14,5000,SUPERVISION,True
2914,1,2024-07-14,5000,SUPERVISION,True
2915,1,2024-07-14,5000,SUPERVISION,True
2916,1,2024-07-14,1000,SIM,True
2917,1,2024-07-14,100,PASS,True
2918,1,2024-07-15,1000,SIM,True
2919,1,2024-07-15,1000,SIM,True
2920,1,2024-07-15,5000,SUPERVISION,True
2921,1,2024-07-16,5000,SUPERVISION,True
2922,1,2024-07-16,5000,SUPERVISION,False
2923,1,2024-07-16,5000,SUPERVISION,False
2924,1,2024-07-16,100,PASS,False
2925,1,2024-07-16,100,PASS,True
2926,1,2024-07-17,100,PASS,True
2927,1,2024-07-17,5000,SUPERVISION,True
2928,1,2024-07-17,1000,SIM,True
2929,1,2024-07-17,1000,SIM,False
2930,1,2024-07-17,1000,SIM,False
2931,1,2024-07-17,5000,SUPERVISION,False
2932,1,2024-07-17,5000,SUPERVISION,False
2933,1,2024-07-17,5000,SUPERVISION,False
2934,1,2024-07-17,5000,SUPERVISION,False
2935,1,2024-07-17,1000,SIM,False
2936,1,2024-07-18,1000,SIM,False
2937,1,2024-07-18,5000,SUPERVISION,False
2938,1,2024-07-19,5000,SUPERVISION,False
2939,1,2024-07-19,5000,SUPERVISION,False
2940,1,2024-07-19,5000,SUPERVISION,False
2941,1,2024-07-20,5000,SUPERVISION,True
2942,1,2024-07-20,5000,SUPERVISION,True
2943,1,2024-07-20,5000,SUPERVISION,True
2944,1,2024-07-21,1000,SIM,True
2945,1,2024-07-21,1000,SIM,True
2946,1,2024-07-21,100,PASS,True
2947,1,2024-07-21,5000,SUPERVISION,True
2948,1,2024-07-21,5000,SUPERVISION,False
2949,1,2024-07-21,5000,SUPERVISION,False
2950,1,2024-07-21,5000,SUPERVISION,False
2951,1,2024-07-22,5000,SUPERVISION,False
2952,1,2024-07-22,5000,SUPERVISION,False
2953,1,2024-07-22,5000,SUPERVISION,True
2954,1,2024-07-23,5000,SUPERVISION,True
2955,1,2024-07-23,5000,SUPERVISION,False
2956,1,2024-07-23,5000,SUPERVISION,False
2957,1,2024-07-23,5000,SUPERVISION,False
2958,1,2024-07-24,5000,SUPERVISION,True
2959,1,2024-07-24,5000,SUPERVISION,True
2960,1,2024-07-24,5000,SUPERVISION,True
2961,1,2024-07-24,5000,SUPERVISION,True
2962,1,2024-07-25,5000,SUPERVISION,True
2963,1,2024-07-25,5000,SUPERVISION,True
2964,1,2024-07-25,5000,SUPERVISION,True
2965,1,2024-07-25,5000,SUPERVISION,True
2966,1,2024-07-26,1000,SIM,True
2967,1,2024-07-26,100,PASS,True
2968,1,2024-07-26,5000,SUPERVISION,True
2969,1,2024-07-26,1000,SIM,True
2970,1,2024-07-26,100,PASS,True
2971,1,2024-07-26,100,PASS,True
2972,1,2024-07-26,5000,SUPERVISION,True
2973,1,2024-07-26,1000,SIM,True
2974,1,2024-07-27,1000,SIM,True
2975,1,2024-07-27,5000,SUPERVISION,True
2976,1,2024-07-27,5000,SUPERVISION,True
2977,1,2024-07-27,5000,SUPERVISION,True
2978,1,2024-07-27,100,PASS,True
2979,1,2024-07-27,5000,SUPERVISION,True
2980,1,2024-07-27,5000,SUPERVISION,False
2981,1,2024-07-28,5000,SUPERVISION,False
2982,1,2024-07-28,1000,SIM,False
2983,1,2024-07-28,100,PASS,False
2984,1,2024-07-28,5000,SUPERVISION,False
2985,1,2024-07-28,5000,SUPERVISION,False
2986,1,2024-07-28,5000,SUPERVISION,True
2987,1,2024-07-28,5000,SUPERVISION,True
2988,1,2024-07-29,5000,SUPERVISION,True
2989,1,2024-07-29,1000,SIM,True
2990,1,2024-07-29,1000,SIM,True
2991,1,2024-07-29,1000,SIM,False
2992,1,2024-07-30,1000,SIM,False
2993,1,2024-07-30,1000,SIM,False
2994,1,2024-07-30,5000,SUPERVISION,False
2995,1,2024-07-30,5000,SUPERVISION,False
2996,1,2024-07-31,100,PASS,False
2997,1,2024-07-31,100,PASS,True
2998,1,2024-07-31,100,PASS,True
2999,1,2024-07-31,1000,SIM,True
3000,1,2024-07-31,100,PASS,True
3001,1,2024-07-31,5000,SUPERVISION,True
3002,1,2024-07-31,1000,SIM,True
3003,1,2024-08-01,100,PASS,True
3004,1,2024-08-01,5000,SUPERVISION,True
3005,1,2024-08-01,100,PASS,True
3006,1,2024-08-01,100,PASS,True
3007,1,2024-08-02,100,PASS,False
3008,1,2024-08-02,100,PASS,False
3009,1,2024-08-02,5000,SUPERVISION,False
3010,1,2024-08-02,5000,SUPERVISION,False
3011,1,2024-08-02,1000,SIM,False
3012,1,2024-08-02,100,PASS,False
3013,1,2024-08-02,100,PASS,False
3014,1,2024-08-02,5000,SUPERVISION,False
3015,1,2024-08-03,5000,SUPERVISION,False
3016,1,2024-08-03,5000,SUPERVISION,True
3017,1,2024-08-03,5000,SUPERVISION,True
3018,1,2024-08-03,5000,SUPERVISION,True
3019,1,2024-08-03,5000,SUPERVISION,False
3020,1,2024-08-03,5000,SUPERVISION,False
3021,1,2024-08-03,5000,SUPERVISION,False
3022,1,2024-08-03,5000,SUPERVISION,True
3023,1,2024-08-03,5000,SUPERVISION,True
3024,1,2024-08-04,5000,SUPERVISION,True
3025,1,2024-08-04,5000,SUPERVISION,True
3026,1,2024-08-04,5000,SUPERVISION,True
3027,1,2024-08-04,1000,SIM,True
3028,1,2024-08-04,1000,SIM,True
3029,1,2024-08-05,5000,SUPERVISION,True
3030,1,2024-08-05,1000,SIM,True
3031,1,2024-08-06,100,PASS,True
3032,1,2024-08-06,5000,SUPERVISION,True
3033,1,2024-08-06,5000,SUPERVISION,True
3034,1,2024-08-06,5000,SUPERVISION,True
3035,1,2024-08-06,5000,SUPERVISION,True
3036,1,2024-08-07,1000,SIM,True
3037,1,2024-08-07,1000,SIM,True
3038,1,2024-08-07,1000,SIM,True
3039,1,2024-08-07,5000,SUPERVISION,True
3040,1,2024-08-07,5000,SUPERVISION,False
3041,1,2024-08-08,5000,SUPERVISION,False
3042,1,2024-08-08,1000,SIM,False
3043,1,2024-08-08,1000,SIM,False
3044,1,2024-08-08,1000,SIM,False
3045,1,2024-08-09,5000,SUPERVISION,False
3046,1,2024-08-09,5000,SUPERVISION,True
3047,1,2024-08-10,5000,SUPERVISION,True
3048,1,2024-08-10,1000,SIM,True
3049,1,2024-08-10,1000,SIM,True
3050,1,2024-08-10,5000,SUPERVISION,True
3051,1,2024-08-11,5000,SUPERVISION,True
3052,1,2024-08-11,5000,SUPERVISION,False
3053,1,2024-08-11,5000,SUPERVISION,False
3054,1,2024-08-11,1000,SIM,False
3055,1,2024-08-11,100,PASS,False
3056,1,2024-08-11,100,PASS,False
3057,1,2024-08-11,5000,SUPERVISION,False
3058,1,2024-08-12,5000,SUPERVISION,True
3059,1,2024-08-12,5000,SUPERVISION,True
3060,1,2024-08-12,5000,SUPERVISION,True
3061,1,2024-08-12,5000,SUPERVISION,False
3062,1,2024-08-13,5000,SUPERVISION,False
3063,1,2024-08-13,5000,SUPERVISION,False
3064,1,2024-08-13,1000,SIM,False
3065,1,2024-08-13,1000,SIM,False
3066,1,2024-08-13,5000,SUPERVISION,False
3067,1,2024-08-13,1000,SIM,False
3068,1,2024-08-13,5000,SUPERVISION,False
3069,1,2024-08-13,1000,SIM,False
3070,1,2024-08-13,100,PASS,False
3071,1,2024-08-13,1000,SIM,False
3072,1,2024-08-14,100,PASS,False
3073,1,2024-08-14,5000,SUPERVISION,False
3074,1,2024-08-14,1000,SIM,False
3075,1,2024-08-14,1000,SIM,False
3076,1,2024-08-14,100,PASS,False
3077,1,2024-08-14,100,PASS,True
3078,1,2024-08-14,100,PASS,True
3079,1,2024-08-14,1000,SIM,True
3080,1,2024-08-15,100,PASS,True
3081,1,2024-08-15,100,PASS,True
3082,1,2024-08-15,100,PASS,True
3083,1,2024-08-15,1000,SIM,True
3084,1,2024-08-15,1000,SIM,True
3085,1,2024-08-15,1000,SIM,False
3086,1,2024-08-15,1000,SIM,False
3087,1,2024-08-16,1000,SIM,True
3088,1,2024-08-16,1000,SIM,True
3089,1,2024-08-16,5000,SUPERVISION,True
3090,1,2024-08-16,5000,SUPERVISION,False
3091,1,2024-08-16,5000,SUPERVISION,False
3092,1,2024-08-16,100,PASS,False
3093,1,2024-08-16,100,PASS,True
3094,1,2024-08-16,100,PASS,True
3095,1,2024-08-16,5000,SUPERVISION,True
3096,1,2024-08-17,5000,SUPERVISION,True
3097,1,2024-08-17,5000,SUPERVISION,True
3098,1,2024-08-17,5000,SUPERVISION,True
3099,1,2024-08-17,5000,SUPERVISION,True
3100,1,2024-08-17,1000,SIM,True
3101,1,2024-08-17,5000,SUPERVISION,True
3102,1,2024-08-17,1000,SIM,True
3103,1,2024-08-18,100,PASS,True
3104,1,2024-08-18,5000,SUPERVISION,True
3105,1,2024-08-18,5000,SUPERVISION,True
3106,1,2024-08-18,100,PASS,True
3107,1,2024-08-18,100,PASS,True
3108,1,2024-08-19,1000,SIM,True
3109,1,2024-08-20,1000,SIM,True
3110,1,2024-08-20,1000,SIM,True
3111,1,2024-08-20,5000,SUPERVISION,True
3112,1,2024-08-20,5000,SUPERVISION,True
3113,1,2024-08-21,1000,SIM,True
3114,1,2024-08-21,1000,SIM,True
3115,1,2024-08-21,1000,SIM,True
3116,1,2024-08-21,5000,SUPERVISION,True
3117,1,2024-08-21,5000,SUPERVISION,True
3118,1,2024-08-22,5000,SUPERVISION,True
3119,1,2024-08-22,5000,SUPERVISION,True
3120,1,2024-08-23,5000,SUPERVISION,True
3121,1,2024-08-23,5000,SUPERVISION,False
3122,1,2024-08-23,5000,SUPERVISION,False
3123,1,2024-08-23,5000,SUPERVISION,False
3124,1,2024-08-23,5000,SUPERVISION,True
3125,1,2024-08-23,5000,SUPERVISION,True
3126,1,2024-08-23,1000,SIM,True
3127,1,2024-08-23,100,PASS,True
3128,1,2024-08-23,100,PASS,False
3129,1,2024-08-24,100,PASS,False
3130,1,2024-08-24,1000,SIM,False
3131,1,2024-08-24,1000,SIM,False
3132,1,2024-08-24,100,PASS,False
3133,1,2024-08-24,1000,SIM,False
3134,1,2024-08-25,100,PASS,False
3135,1,2024-08-25,5000,SUPERVISION,False
3136,1,2024-08-25,5000,SUPERVISION,True
3137,1,2024-08-25,5000,SUPERVISION,True
3138,1,2024-08-25,100,PASS,True
3139,1,2024-08-25,5000,SUPERVISION,True
3140,1,2024-08-25,5000,SUPERVISION,True
3141,1,2024-08-26,100,PASS,True
3142,1,2024-08-27,5000,SUPERVISION,True
3143,1,2024-08-27,1000,SIM,True
3144,1,2024-08-27,100,PASS,True
3145,1,2024-08-27,5000,SUPERVISION,True
3146,1,2024-08-27,1000,SIM,True
3147,1,2024-08-27,100,PASS,True
3148,1,2024-08-27,5000,SUPERVISION,True
3149,1,2024-08-28,1000,SIM,True
3150,1,2024-08-28,1000,SIM,True
3151,1,2024-08-28,1000,SIM,True
3152,1,2024-08-28,100,PASS,True
3153,1,2024-08-28,5000,SUPERVISION,True
3154,1,2024-08-29,100,PASS,True
3155,1,2024-08-29,5000,SUPERVISION,True
3156,1,2024-08-30,5000,SUPERVISION,True
3157,1,2024-08-30,5000,SUPERVISION,False
3158,1,2024-08-30,5000,SUPERVISION,False
3159,1,2024-08-30,1000,SIM,False
3160,1,2024-08-30,100,PASS,False
3161,1,2024-08-31,5000,SUPERVISION,False
3162,1,2024-08-31,1000,SIM,False
3163,1,2024-08-31,1000,SIM,True
3164,1,2024-08-31,1000,SIM,True
3165,1,2024-08-31,100,PASS,True
3166,1,2024-08-31,5000,SUPERVISION,True
3167,1,2024-08-31,5000,SUPERVISION,True
3168,1,2024-09-01,100,PASS,True
3169,1,2024-09-01,5000,SUPERVISION,True
3170,1,2024-09-01,5000,SUPERVISION,True
3171,1,2024-09-01,5000,SUPERVISION,True
3172,1,2024-09-01,5000,SUPERVISION,False
3173,1,2024-09-01,5000,SUPERVISION,False
3174,1,2024-09-02,1000,SIM,False
3175,1,2024-09-02,1000,SIM,True
3176,1,2024-09-02,1000,SIM,True
3177,1,2024-09-02,5000,SUPERVISION,True
3178,1,2024-09-02,5000,SUPERVISION,True
3179,1,2024-09-02,5000,SUPERVISION,True
3180,1,2024-09-02,5000,SUPERVISION,True
3181,1,2024-09-02,5000,SUPERVISION,False
3182,1,2024-09-02,5000,SUPERVISION,False
3183,1,2024-09-03,5000,SUPERVISION,False
3184,1,2024-09-03,100,PASS,False
3185,1,2024-09-04,5000,SUPERVISION,False
3186,1,2024-09-04,5000,SUPERVISION,False
3187,1,2024-09-04,5000,SUPERVISION,False
3188,1,2024-09-04,5000,SUPERVISION,True
3189,1,2024-09-05,5000,SUPERVISION,True
3190,1,2024-09-05,5000,SUPERVISION,True
3191,1,2024-09-05,1000,SIM,True
3192,1,2024-09-05,1000,SIM,True
3193,1,2024-09-05,1000,SIM,True
3194,1,2024-09-05,5000,SUPERVISION,True
3195,1,2024-09-06,5000,SUPERVISION,True
3196,1,2024-09-06,1000,SIM,True
3197,1,2024-09-06,100,PASS,True
3198,1,2024-09-06,5000,SUPERVISION,True
3199,1,2024-09-06,5000,SUPERVISION,False
3200,1,2024-09-06,5000,SUPERVISION,False
3201,1,2024-09-06,1000,SIM,False
3202,1,2024-09-06,5000,SUPERVISION,False
3203,1,2024-09-07,5000,SUPERVISION,True
3204,1,2024-09-07,5000,SUPERVISION,True
3205,1,2024-09-07,5000,SUPERVISION,True
3206,1,2024-09-08,5000,SUPERVISION,False
3207,1,2024-09-09,5000,SUPERVISION,False
3208,1,2024-09-09,5000,SUPERVISION,False
3209,1,2024-09-09,5000,SUPERVISION,False
3210,1,2024-09-10,5000,SUPERVISION,True
3211,1,2024-09-11,5000,SUPERVISION,True
3212,1,2024-09-11,100,PASS,True
3213,1,2024-09-11,1000,SIM,True
3214,1,2024-09-11,100,PASS,True
3215,1,2024-09-11,5000,SUPERVISION,True
3216,1,2024-09-11,5000,SUPERVISION,True
3217,1,2024-09-11,5000,SUPERVISION,True
3218,1,2024-09-11,5000,SUPERVISION,True
3219,1,2024-09-12,5000,SUPERVISION,True
3220,1,2024-09-12,1000,SIM,True
3221,1,2024-09-12,5000,SUPERVISION,True
3222,1,2024-09-12,1000,SIM,True
3223,1,2024-09-12,1000,SIM,True
3224,1,2024-09-12,100,PASS,True
3225,1,2024-09-12,5000,SUPERVISION,True
3226,1,2024-09-12,5000,SUPERVISION,False
3227,1,2024-09-12,5000,SUPERVISION,False
3228,1,2024-09-12,1000,SIM,False
3229,1,2024-09-12,100,PASS,False
3230,1,2024-09-12,100,PASS,True
3231,1,2024-09-12,100,PASS,True
3232,1,2024-09-12,5000,SUPERVISION,True
3233,1,2024-09-13,5000,SUPERVISION,True
3234,1,2024-09-13,5000,SUPERVISION,False
3235,1,2024-09-13,5000,SUPERVISION,False
3236,1,2024-09-14,5000,SUPERVISION,False
3237,1,2024-09-14,5000,SUPERVISION,False
3238,1,2024-09-14,1000,SIM,False
3239,1,2024-09-14,5000,SUPERVISION,False
3240,1,2024-09-14,5000,SUPERVISION,False
3241,1,2024-09-15,5000,SUPERVISION,True
3242,1,2024-09-16,5000,SUPERVISION,True
3243,1,2024-09-16,5000,SUPERVISION,True
3244,1,2024-09-16,5000,SUPERVISION,False
3245,1,2024-09-17,5000,SUPERVISION,False
3246,1,2024-09-17,5000,SUPERVISION,False
3247,1,2024-09-17,5000,SUPERVISION,False
3248,1,2024-09-17,1000,SIM,False
3249,1,2024-09-17,5000,SUPERVISION,False
3250,1,2024-09-17,5000,SUPERVISION,True
3251,1,2024-09-18,5000,SUPERVISION,True
3252,1,2024-09-18,5000,SUPERVISION,True
3253,1,2024-09-18,5000,SUPERVISION,True
3254,1,2024-09-19,5000,SUPERVISION,True
3255,1,2024-09-19,1000,SIM,True
3256,1,2024-09-19,1000,SIM,True
3257,1,2024-09-19,1000,SIM,True
3258,1,2024-09-19,5000,SUPERVISION,True
3259,1,2024-09-19,5000,SUPERVISION,False
3260,1,2024-09-20,5000,SUPERVISION,False
3261,1,2024-09-20,5000,SUPERVISION,False
3262,1,2024-09-20,1000,SIM,False
3263,1,2024-09-20,1000,SIM,True
3264,1,2024-09-20,1000,SIM,True
3265,1,2024-09-20,1000,SIM,False
3266,1,2024-09-20,1000,SIM,False
3267,1,2024-09-21,1000,SIM,False
3268,1,2024-09-21,100,PASS,False
3269,1,2024-09-21,5000,SUPERVISION,False
3270,1,2024-09-21,5000,SUPERVISION,True
3271,1,2024-09-21,5000,SUPERVISION,True
3272,1,2024-09-22,5000,SUPERVISION,False
3273,1,2024-09-22,5000,SUPERVISION,False
3274,1,2024-09-22,5000,SUPERVISION,False
3275,1,2024-09-23,5000,SUPERVISION,False
3276,1,2024-09-23,1000,SIM,False
3277,1,2024-09-23,100,PASS,False
3278,1,2024-09-23,5000,SUPERVISION,False
3279,1,2024-09-23,1000,SIM,False
3280,1,2024-09-23,1000,SIM,False
3281,1,2024-09-23,1000,SIM,False
3282,1,2024-09-23,100,PASS,False
3283,1,2024-09-24,5000,SUPERVISION,False
3284,1,2024-09-24,5000,SUPERVISION,False
3285,1,2024-09-24,100,PASS,False
3286,1,2024-09-25,5000,SUPERVISION,False
3287,1,2024-09-25,1000,SIM,False
3288,1,2024-09-25,1000,SIM,False
3289,1,2024-09-25,1000,SIM,False
3290,1,2024-09-25,5000,SUPERVISION,False
3291,1,2024-09-25,5000,SUPERVISION,False
3292,1,2024-09-25,5000,SUPERVISION,True
3293,1,2024-09-26,5000,SUPERVISION,True
3294,1,2024-09-26,5000,SUPERVISION,False
3295,1,2024-09-27,5000,SUPERVISION,False
3296,1,2024-09-27,1000,SIM,False
3297,1,2024-09-27,100,PASS,False
3298,1,2024-09-27,100,PASS,False
3299,1,2024-09-27,5000,SUPERVISION,False
3300,1,2024-09-28,1000,SIM,False
3301,1,2024-09-28,100,PASS,False
3302,1,2024-09-28,5000,SUPERVISION,False
3303,1,2024-09-28,5000,SUPERVISION,False
3304,1,2024-09-28,1000,SIM,False
3305,1,2024-09-28,5000,SUPERVISION,False
3306,1,2024-09-29,5000,SUPERVISION,False
3307,1,2024-09-29,1000,SIM,False
3308,1,2024-09-29,5000,SUPERVISION,False
3309,1,2024-09-29,1000,SIM,False
3310,1,2024-09-29,100,PASS,False
3311,1,2024-09-30,100,PASS,False
3312,1,2024-09-30,5000,SUPERVISION,False
3313,1,2024-09-30,5000,SUPERVISION,False
3314,1,2024-09-30,1000,SIM,False
3315,1,2024-10-01,1000,SIM,False
3316,1,2024-10-01,1000,SIM,True
3317,1,2024-10-01,1000,SIM,True
3318,1,2024-10-01,100,PASS,True
3319,1,2024-10-01,5000,SUPERVISION,True
3320,1,2024-10-02,5000,SUPERVISION,True
3321,1,2024-10-02,100,PASS,True
3322,1,2024-10-02,100,PASS,True
3323,1,2024-10-02,5000,SUPERVISION,True
3324,1,2024-10-02,1000,SIM,True
3325,1,2024-10-03,100,PASS,True
3326,1,2024-10-03,5000,SUPERVISION,True
3327,1,2024-10-03,5000,SUPERVISION,False
3328,1,2024-10-03,5000,SUPERVISION,False
3329,1,2024-10-03,1000,SIM,False
3330,1,2024-10-03,100,PASS,False
3331,1,2024-10-04,5000,SUPERVISION,False
3332,1,2024-10-04,5000,SUPERVISION,True
3333,1,2024-10-04,5000,SUPERVISION,True
3334,1,2024-10-05,5000,SUPERVISION,True
3335,1,2024-10-05,1000,SIM,True
3336,1,2024-10-06,1000,SIM,True
3337,1,2024-10-06,1000,SIM,False
3338,1,2024-10-06,1000,SIM,False
3339,1,2024-10-06,100,PASS,False
3340,1,2024-10-06,5000,SUPERVISION,False
3341,1,2024-10-06,5000,SUPERVISION,False
3342,1,2024-10-06,5000,SUPERVISION,True
3343,1,2024-10-06,5000,SUPERVISION,True
3344,1,2024-10-07,5000,SUPERVISION,True
3345,1,2024-10-07,5000,SUPERVISION,True
3346,1,2024-10-07,5000,SUPERVISION,False
3347,1,2024-10-07,5000,SUPERVISION,False
3348,1,2024-10-07,100,PASS,False
3349,1,2024-10-08,5000,SUPERVISION,False
3350,1,2024-10-08,5000,SUPERVISION,False
3351,1,2024-10-08,5000,SUPERVISION,False
3352,1,2024-10-09,5000,SUPERVISION,True
3353,1,2024-10-09,5000,SUPERVISION,True
3354,1,2024-10-09,5000,SUPERVISION,True
3355,1,2024-10-09,5000,SUPERVISION,True
3356,1,2024-10-09,1000,SIM,True
3357,1,2024-10-09,1000,SIM,True
3358,1,2024-10-10,5000,SUPERVISION,True
3359,1,2024-10-10,5000,SUPERVISION,False
3360,1,2024-10-10,5000,SUPERVISION,False
3361,1,2024-10-10,5000,SUPERVISION,False
3362,1,2024-10-11,5000,SUPERVISION,True
3363,1,2024-10-11,5000,SUPERVISION,True
3364,1,2024-10-11,5000,SUPERVISION,True
3365,1,2024-10-12,5000,SUPERVISION,True
3366,1,2024-10-12,5000,SUPERVISION,False
3367,1,2024-10-12,5000,SUPERVISION,False
3368,1,2024-10-12,5000,SUPERVISION,False
3369,1,2024-10-13,5000,SUPERVISION,False
3370,1,2024-10-13,5000,SUPERVISION,True
3371,1,2024-10-13,5000,SUPERVISION,True
3372,1,2024-10-13,5000,SUPERVISION,True
3373,1,2024-10-13,1000,SIM,True
3374,1,2024-10-14,100,PASS,True
3375,1,2024-10-14,5000,SUPERVISION,True
3376,1,2024-10-14,5000,SUPERVISION,False
3377,1,2024-10-14,5000,SUPERVISION,False
3378,1,2024-10-14,100,PASS,False
3379,1,2024-10-15,5000,SUPERVISION,False
3380,1,2024-10-15,5000,SUPERVISION,False
3381,1,2024-10-15,5000,SUPERVISION,False
3382,1,2024-10-15,5000,SUPERVISION,False
3383,1,2024-10-15,1000,SIM,False
3384,1,2024-10-15,1000,SIM,False
3385,1,2024-10-15,5000,SUPERVISION,False
3386,1,2024-10-15,5000,SUPERVISION,True
3387,1,2024-10-15,5000,SUPERVISION,True
3388,1,2024-10-16,5000,SUPERVISION,True
3389,1,2024-10-16,5000,SUPERVISION,True
3390,1,2024-10-16,5000,SUPERVISION,True
3391,1,2024-10-16,5000,SUPERVISION,True
3392,1,2024-10-17,5000,SUPERVISION,True
3393,1,2024-10-17,100,PASS,True
3394,1,2024-10-17,5000,SUPERVISION,True
3395,1,2024-10-17,5000,SUPERVISION,True
3396,1,2024-10-17,5000,SUPERVISION,False
3397,1,2024-10-17,5000,SUPERVISION,False
3398,1,2024-10-18,5000,SUPERVISION,True
3399,1,2024-10-18,5000,SUPERVISION,True
3400,1,2024-10-18,5000,SUPERVISION,True
3401,1,2024-10-18,5000,SUPERVISION,True
3402,1,2024-10-18,1000,SIM,True
3403,1,2024-10-19,1000,SIM,False
3404,1,2024-10-19,1000,SIM,False
3405,1,2024-10-20,1000,SIM,False
3406,1,2024-10-20,5000,SUPERVISION,False
3407,1,2024-10-20,5000,SUPERVISION,False
3408,1,2024-10-20,5000,SUPERVISION,False
3409,1,2024-10-20,100,PASS,False
3410,1,2024-10-20,5000,SUPERVISION,False
3411,1,2024-10-21,5000,SUPERVISION,True
3412,1,2024-10-21,5000,SUPERVISION,True
3413,1,2024-10-21,5000,SUPERVISION,True
3414,1,2024-10-21,5000,SUPERVISION,False
3415,1,2024-10-22,5000,SUPERVISION,False
3416,1,2024-10-23,5000,SUPERVISION,True
3417,1,2024-10-23,5000,SUPERVISION,True
3418,1,2024-10-23,1000,SIM,True
3419,1,2024-10-23,1000,SIM,True
3420,1,2024-10-23,100,PASS,True
3421,1,2024-10-24,100,PASS,True
3422,1,2024-10-24,5000,SUPERVISION,True
3423,1,2024-10-24,5000,SUPERVISION,True
3424,1,2024-10-24,5000,SUPERVISION,True
3425,1,2024-10-24,100,PASS,True
3426,1,2024-10-25,5000,SUPERVISION,True
3427,1,2024-10-25,5000,SUPERVISION,True
3428,1,2024-10-25,5000,SUPERVISION,False
3429,1,2024-10-25,5000,SUPERVISION,False
3430,1,2024-10-26,5000,SUPERVISION,False
3431,1,2024-10-26,100,PASS,False
3432,1,2024-10-26,5000,SUPERVISION,False
3433,1,2024-10-26,5000,SUPERVISION,True
3434,1,2024-10-26,5000,SUPERVISION,True
3435,1,2024-10-27,5000,SUPERVISION,True
3436,1,2024-10-27,5000,SUPERVISION,True
3437,1,2024-10-27,5000,SUPERVISION,False
3438,1,2024-10-28,5000,SUPERVISION,False
3439,1,2024-10-28,1000,SIM,False
3440,1,2024-10-28,1000,SIM,True
3441,1,2024-10-28,1000,SIM,True
3442,1,2024-10-28,1000,SIM,False
3443,1,2024-10-28,1000,SIM,False
3444,1,2024-10-29,1000,SIM,False
3445,1,2024-10-29,1000,SIM,True
3446,1,2024-10-29,1000,SIM,True
3447,1,2024-10-29,1000,SIM,True
3448,1,2024-10-30,5000,SUPERVISION,True
3449,1,2024-10-30,5000,SUPERVISION,True
3450,1,2024-10-30,1000,SIM,True
3451,1,2024-10-30,100,PASS,True
3452,1,2024-10-31,100,PASS,True
3453,1,2024-10-31,5000,SUPERVISION,True
3454,1,2024-10-31,1000,SIM,True
3455,1,2024-10-31,100,PASS,True
3456,1,2024-11-01,5000,SUPERVISION,True
3457,1,2024-11-01,100,PASS,True
3458,1,2024-11-01,5000,SUPERVISION,True
3459,1,2024-11-01,100,PASS,True
3460,1,2024-11-02,100,PASS,False
3461,1,2024-11-02,100,PASS,False
3462,1,2024-11-02,5000,SUPERVISION,False
3463,1,2024-11-02,5000,SUPERVISION,True
3464,1,2024-11-02,5000,SUPERVISION,True
3465,1,2024-11-02,5000,SUPERVISION,True
3466,1,2024-11-02,100,PASS,True
3467,1,2024-11-03,5000,SUPERVISION,True
3468,1,2024-11-03,1000,SIM,True
3469,1,2024-11-03,5000,SUPERVISION,True
3470,1,2024-11-04,5000,SUPERVISION,True
3471,1,2024-11-04,5000,SUPERVISION,False
3472,1,2024-11-04,5000,SUPERVISION,False
3473,1,2024-11-04,5000,SUPERVISION,False
3474,1,2024-11-04,5000,SUPERVISION,False
3475,1,2024-11-04,5000,SUPERVISION,False
3476,1,2024-11-04,5000,SUPERVISION,False
3477,1,2024-11-04,5000,SUPERVISION,True
3478,1,2024-11-04,5000,SUPERVISION,True
3479,1,2024-11-05,1000,SIM,True
3480,1,2024-11-05,100,PASS,True
3481,1,2024-11-05,5000,SUPERVISION,True
3482,1,2024-11-05,5000,SUPERVISION,True
3483,1,2024-11-05,5000,SUPERVISION,True
3484,1,2024-11-06,5000,SUPERVISION,True
3485,1,2024-11-06,5000,SUPERVISION,False
3486,1,2024-11-07,5000,SUPERVISION,False
3487,1,2024-11-07,1000,SIM,False
3488,1,2024-11-07,5000,SUPERVISION,False
3489,1,2024-11-08,5000,SUPERVISION,False
3490,1,2024-11-08,5000,SUPERVISION,False
3491,1,2024-11-08,5000,SUPERVISION,False
3492,1,2024-11-09,5000,SUPERVISION,True
3493,1,2024-11-09,5000,SUPERVISION,True
3494,1,2024-11-09,1000,SIM,True
3495,1,2024-11-09,1000,SIM,True
3496,1,2024-11-09,100,PASS,True
3497,1,2024-11-09,5000,SUPERVISION,True
3498,1,2024-11-10,1000,SIM,True
3499,1,2024-11-10,5000,SUPERVISION,True
3500,1,2024-11-10,5000,SUPERVISION,True
3501,1,2024-11-11,5000,SUPERVISION,True
3502,1,2024-11-11,5000,SUPERVISION,True
3503,1,2024-11-11,1000,SIM,True
3504,1,2024-11-11,100,PASS,True
3505,1,2024-11-12,100,PASS,True
3506,1,2024-11-12,100,PASS,False
3507,1,2024-11-12,100,PASS,False
3508,1,2024-11-12,100,PASS,False
3509,1,2024-11-12,5000,SUPERVISION,False
3510,1,2024-11-13,5000,SUPERVISION,True
3511,1,2024-11-13,5000,SUPERVISION,True
3512,1,2024-11-13,5000,SUPERVISION,False
3513,1,2024-11-13,5000,SUPERVISION,False
3514,1,2024-11-14,5000,SUPERVISION,False
3515,1,2024-11-14,100,PASS,False
3516,1,2024-11-14,5000,SUPERVISION,False
3517,1,2024-11-14,5000,SUPERVISION,True
3518,1,2024-11-14,5000,SUPERVISION,True
3519,1,2024-11-14,1000,SIM,True
3520,1,2024-11-14,5000,SUPERVISION,True
3521,1,2024-11-15,5000,SUPERVISION,True
3522,1,2024-11-15,1000,SIM,True
3523,1,2024-11-15,1000,SIM,False
3524,1,2024-11-16,1000,SIM,False
3525,1,2024-11-16,100,PASS,False
3526,1,2024-11-16,100,PASS,True
3527,1,2024-11-16,100,PASS,True
3528,1,2024-11-16,5000,SUPERVISION,True
3529,1,2024-11-16,5000,SUPERVISION,True
3530,1,2024-11-17,1000,SIM,True
3531,1,2024-11-17,1000,SIM,False
3532,1,2024-11-17,1000,SIM,False
3533,1,2024-11-17,1000,SIM,False
3534,1,2024-11-17,5000,SUPERVISION,False
3535,1,2024-11-17,5000,SUPERVISION,False
3536,1,2024-11-18,100,PASS,False
3537,1,2024-11-18,5000,SUPERVISION,False
3538,1,2024-11-18,1000,SIM,False
3539,1,2024-11-18,100,PASS,False
3540,1,2024-11-18,5000,SUPERVISION,False
3541,1,2024-11-18,5000,SUPERVISION,False
3542,1,2024-11-19,5000,SUPERVISION,False
3543,1,2024-11-19,100,PASS,False
3544,1,2024-11-19,100,PASS,False
3545,1,2024-11-19,5000,SUPERVISION,False
3546,1,2024-11-20,1000,SIM,False
3547,1,2024-11-20,1000,SIM,False
3548,1,2024-11-20,100,PASS,False
3549,1,2024-11-20,100,PASS,False
3550,1,2024-11-20,100,PASS,False
3551,1,2024-11-20,5000,SUPERVISION,False
3552,1,2024-11-21,5000,SUPERVISION,False
3553,1,2024-11-21,5000,SUPERVISION,False
3554,1,2024-11-21,5000,SUPERVISION,False
3555,1,2024-11-21,1000,SIM,False
3556,1,2024-11-21,100,PASS,False
3557,1,2024-11-21,5000,SUPERVISION,False
3558,1,2024-11-21,1000,SIM,False
3559,1,2024-11-22,100,PASS,False
3560,1,2024-11-22,100,PASS,False
3561,1,2024-11-22,5000,SUPERVISION,False
3562,1,2024-11-22,5000,SUPERVISION,True
3563,1,2024-11-22,5000,SUPERVISION,True
3564,1,2024-11-23,5000,SUPERVISION,True
3565,1,2024-11-23,5000,SUPERVISION,True
3566,1,2024-11-23,100,PASS,True
3567,1,2024-11-23,5000,SUPERVISION,True
3568,1,2024-11-23,5000,SUPERVISION,True
3569,1,2024-11-23,100,PASS,True
3570,1,2024-11-24,100,PASS,True
3571,1,2024-11-24,1000,SIM,True
3572,1,2024-11-24,5000,SUPERVISION,True
3573,1,2024-11-25,5000,SUPERVISION,True
3574,1,2024-11-25,100,PASS,True
3575,1,2024-11-25,1000,SIM,True
3576,1,2024-11-25,5000,SUPERVISION,True
3577,1,2024-11-25,1000,SIM,True
3578,1,2024-11-25,100,PASS,True
3579,1,2024-11-26,5000,SUPERVISION,True
3580,1,2024-11-26,100,PASS,True
3581,1,2024-11-26,5000,SUPERVISION,True
3582,1,2024-11-26,5000,SUPERVISION,True
3583,1,2024-11-27,1000,SIM,True
3584,1,2024-11-27,5000,SUPERVISION,True
3585,1,2024-11-27,5000,SUPERVISION,True
3586,1,2024-11-27,1000,SIM,True
3587,1,2024-11-28,1000,SIM,True
3588,1,2024-11-28,1000,SIM,True
3589,1,2024-11-28,1000,SIM,True
3590,1,2024-11-28,1000,SIM,False
3591,1,2024-11-28,1000,SIM,False
3592,1,2024-11-28,5000,SUPERVISION,False
3593,1,2024-11-29,5000,SUPERVISION,False
3594,1,2024-11-29,5000,SUPERVISION,False
3595,1,2024-11-29,5000,SUPERVISION,True
3596,1,2024-11-29,5000,SUPERVISION,True
3597,1,2024-11-29,5000,SUPERVISION,True
3598,1,2024-11-29,5000,SUPERVISION,True
3599,1,2024-11-29,5000,SUPERVISION,False
3600,1,2024-11-29,5000,SUPERVISION,False
3601,1,2024-11-29,5000,SUPERVISION,False
3602,1,2024-11-29,5000,SUPERVISION,True
3603,1,2024-11-29,5000,SUPERVISION,True
3604,1,2024-11-29,5000,SUPERVISION,True
3605,1,2024-11-30,5000,SUPERVISION,True
3606,1,2024-11-30,1000,SIM,True
3607,1,2024-11-30,1000,SIM,True
3608,1,2024-11-30,1000,SIM,True
3609,1,2024-11-30,100,PASS,True
3610,1,2024-11-30,1000,SIM,True
3611,1,2024-11-30,1000,SIM,True
3612,1,2024-12-01,100,PASS,True
3613,1,2024-12-01,5000,SUPERVISION,True
3614,1,2024-12-01,1000,SIM,True
3615,1,2024-12-01,5000,SUPERVISION,True
3616,1,2024-12-01,1000,SIM,True
3617,1,2024-12-02,1000,SIM,True
3618,1,2024-12-02,5000,SUPERVISION,True
3619,1,2024-12-02,1000,SIM,True
3620,1,2024-12-02,5000,SUPERVISION,True
3621,1,2024-12-02,5000,SUPERVISION,True
3622,1,2024-12-03,1000,SIM,True
3623,1,2024-12-03,100,PASS,True
3624,1,2024-12-03,5000,SUPERVISION,True
3625,1,2024-12-03,5000,SUPERVISION,True
3626,1,2024-12-03,5000,SUPERVISION,True
3627,1,2024-12-03,5000,SUPERVISION,False
3628,1,2024-12-03,5000,SUPERVISION,False
3629,1,2024-12-03,1000,SIM,False
3630,1,2024-12-04,5000,SUPERVISION,False
3631,1,2024-12-04,100,PASS,False
3632,1,2024-12-04,100,PASS,True
3633,1,2024-12-04,100,PASS,True
3634,1,2024-12-04,1000,SIM,True
3635,1,2024-12-04,1000,SIM,True
3636,1,2024-12-04,100,PASS,True
3637,1,2024-12-05,5000,SUPERVISION,True
3638,1,2024-12-05,5000,SUPERVISION,True
3639,1,2024-12-05,5000,SUPERVISION,True
3640,1,2024-12-05,5000,SUPERVISION,True
3641,1,2024-12-05,1000,SIM,True
3642,1,2024-12-06,5000,SUPERVISION,True
3643,1,2024-12-06,5000,SUPERVISION,True
3644,1,2024-12-06,5000,SUPERVISION,True
3645,1,2024-12-06,5000,SUPERVISION,False
3646,1,2024-12-06,5000,SUPERVISION,False
3647,1,2024-12-06,100,PASS,False
3648,1,2024-12-06,100,PASS,False
3649,1,2024-12-06,5000,SUPERVISION,False
3650,1,2024-12-07,5000,SUPERVISION,False
3651,1,2024-12-07,100,PASS,False
3652,1,2024-12-07,100,PASS,False
3653,1,2024-12-07,5000,SUPERVISION,False
3654,1,2024-12-07,5000,SUPERVISION,False
3655,1,2024-12-07,1000,SIM,False
3656,1,2024-12-08,100,PASS,False
3657,1,2024-12-08,5000,SUPERVISION,False
3658,1,2024-12-08,1000,SIM,False
3659,1,2024-12-08,5000,SUPERVISION,False
3660,1,2024-12-08,5000,SUPERVISION,False
3661,1,2024-12-08,5000,SUPERVISION,False
3662,1,2024-12-08,5000,SUPERVISION,False
3663,1,2024-12-08,5000,SUPERVISION,True
3664,1,2024-12-08,5000,SUPERVISION,True
3665,1,2024-12-09,5000,SUPERVISION,True
3666,1,2024-12-09,1000,SIM,True
3667,1,2024-12-09,1000,SIM,True
3668,1,2024-12-09,1000,SIM,False
3669,1,2024-12-10,1000,SIM,False
3670,1,2024-12-10,5000,SUPERVISION,False
3671,1,2024-12-10,5000,SUPERVISION,True
3672,1,2024-12-10,5000,SUPERVISION,True
3673,1,2024-12-10,5000,SUPERVISION,True
3674,1,2024-12-10,1000,SIM,True
3675,1,2024-12-10,5000,SUPERVISION,True
3676,1,2024-12-11,5000,SUPERVISION,True
3677,1,2024-12-11,5000,SUPERVISION,False
3678,1,2024-12-11,5000,SUPERVISION,False
3679,1,2024-12-11,1000,SIM,False
3680,1,2024-12-11,100,PASS,False
3681,1,2024-12-12,100,PASS,False
3682,1,2024-12-12,100,PASS,False
3683,1,2024-12-13,100,PASS,False
3684,1,2024-12-13,1000,SIM,False
3685,1,2024-12-13,100,PASS,False
3686,1,2024-12-13,100,PASS,False
3687,1,2024-12-13,5000,SUPERVISION,False
3688,1,2024-12-13,1000,SIM,False
3689,1,2024-12-14,1000,SIM,True
3690,1,2024-12-15,1000,SIM,True
3691,1,2024-12-15,5000,SUPERVISION,True
3692,1,2024-12-15,1000,SIM,True
3693,1,2024-12-15,1000,SIM,True
3694,1,2024-12-16,5000,SUPERVISION,True
3695,1,2024-12-16,1000,SIM,True
3696,1,2024-12-16,5000,SUPERVISION,True
3697,1,2024-12-16,100,PASS,True
3698,1,2024-12-16,5000,SUPERVISION,True
3699,1,2024-12-16,1000,SIM,True
3700,1,2024-12-16,1000,SIM,True
3701,1,2024-12-16,100,PASS,True
3702,1,2024-12-16,5000,SUPERVISION,True
3703,1,2024-12-17,5000,SUPERVISION,False
3704,1,2024-12-17,5000,SUPERVISION,False
3705,1,2024-12-17,5000,SUPERVISION,False
3706,1,2024-12-18,5000,SUPERVISION,False
3707,1,2024-12-18,100,PASS,False
3708,1,2024-12-18,5000,SUPERVISION,False
3709,1,2024-12-18,5000,SUPERVISION,False
3710,1,2024-12-18,5000,SUPERVISION,True
3711,1,2024-12-18,5000,SUPERVISION,True
3712,1,2024-12-19,5000,SUPERVISION,False
3713,1,2024-12-19,5000,SUPERVISION,False
3714,1,2024-12-19,5000,SUPERVISION,False
3715,1,2024-12-19,1000,SIM,False
3716,1,2024-12-19,100,PASS,False
3717,1,2024-12-19,5000,SUPERVISION,False
3718,1,2024-12-20,100,PASS,False
3719,1,2024-12-20,5000,SUPERVISION,False
3720,1,2024-12-20,5000,SUPERVISION,False
3721,1,2024-12-20,1000,SIM,False
3722,1,2024-12-20,5000,SUPERVISION,False
3723,1,2024-12-20,5000,SUPERVISION,False
3724,1,2024-12-20,5000,SUPERVISION,False
3725,1,2024-12-20,1000,SIM,False
3726,1,2024-12-21,5000,SUPERVISION,False
3727,1,2024-12-21,100,PASS,False
3728,1,2024-12-21,100,PASS,False
3729,1,2024-12-21,100,PASS,False
3730,1,2024-12-21,5000,SUPERVISION,False
3731,1,2024-12-21,100,PASS,False
3732,1,2024-12-22,5000,SUPERVISION,False
3733,1,2024-12-23,5000,SUPERVISION,True
3734,1,2024-12-23,5000,SUPERVISION,True
3735,1,2024-12-23,1000,SIM,True
3736,1,2024-12-23,1000,SIM,False
3737,1,2024-12-23,1000,SIM,False
3738,1,2024-12-23,5000,SUPERVISION,False
3739,1,2024-12-23,1000,SIM,False
3740,1,2024-12-23,1000,SIM,False
3741,1,2024-12-23,100,PASS,False
3742,1,2024-12-23,5000,SUPERVISION,False
3743,1,2024-12-24,1000,SIM,False
3744,1,2024-12-24,1000,SIM,False
3745,1,2024-12-24,1000,SIM,True
3746,1,2024-12-24,1000,SIM,True
3747,1,2024-12-24,1000,SIM,True
3748,1,2024-12-24,100,PASS,True
3749,1,2024-12-24,5000,SUPERVISION,True
3750,1,2024-12-25,5000,SUPERVISION,True
3751,1,2024-12-25,5000,SUPERVISION,True
3752,1,2024-12-25,5000,SUPERVISION,True
3753,1,2024-12-25,5000,SUPERVISION,True
3754,1,2024-12-25,1000,SIM,True
3755,1,2024-12-26,100,PASS,True
3756,1,2024-12-26,5000,SUPERVISION,True
3757,1,2024-12-26,100,PASS,True
3758,1,2024-12-26,5000,SUPERVISION,True
3759,1,2024-12-26,100,PASS,True
3760,1,2024-12-26,5000,SUPERVISION,True
3761,1,2024-12-26,5000,SUPERVISION,True
3762,1,2024-12-26,5000,SUPERVISION,False
3763,1,2024-12-27,5000,SUPERVISION,False
3764,1,2024-12-27,5000,SUPERVISION,False
3765,1,2024-12-27,5000,SUPERVISION,True
3766,1,2024-12-27,5000,SUPERVISION,True
3767,1,2024-12-28,5000,SUPERVISION,False
3768,1,2024-12-28,5000,SUPERVISION,False
3769,1,2024-12-28,5000,SUPERVISION,True
3770,1,2024-12-28,5000,SUPERVISION,True
3771,1,2024-12-28,5000,SUPERVISION,True
3772,1,2024-12-28,5000,SUPERVISION,True
3773,1,2024-12-28,5000,SUPERVISION,True
3774,1,2024-12-29,5000,SUPERVISION,True
3775,1,2024-12-29,5000,SUPERVISION,True
3776,1,2024-12-29,5000,SUPERVISION,True
3777,1,2024-12-29,5000,SUPERVISION,True
3778,1,2024-12-29,5000,SUPERVISION,True
3779,1,2024-12-30,100,PASS,True
3780,1,2024-12-30,100,PASS,True
3781,1,2024-12-30,5000,SUPERVISION,True
3782,1,2024-12-30,5000,SUPERVISION,True
3783,1,2024-12-31,1000,SIM,True
3784,1,2024-12-31,100,PASS,True
3785,1,2024-12-31,100,PASS,True
3786,1,2024-12-31,5000,SUPERVISION,True
3787,1,2024-12-31,5000,SUPERVISION,True
3788,1,2025-01-01,5000,SUPERVISION,False
3789,1,2025-01-01,5000,SUPERVISION,False
3790,1,2025-01-01,5000,SUPERVISION,False
3791,1,2025-01-02,5000,SUPERVISION,False
3792,1,2025-01-02,1000,SIM,False
3793,1,2025-01-02,5000,SUPERVISION,False
3794,1,2025-01-02,1000,SIM,False
3795,1,2025-01-02,1000,SIM,False
3796,1,2025-01-02,100,PASS,False
3797,1,2025-01-03,5000,SUPERVISION,False
3798,1,2025-01-03,5000,SUPERVISION,True
3799,1,2025-01-03,5000,SUPERVISION,True
3800,1,2025-01-03,5000,SUPERVISION,True
3801,1,2025-01-03,5000,SUPERVISION,True
3802,1,2025-01-03,5000,SUPERVISION,True
3803,1,2025-01-04,1000,SIM,True
3804,1,2025-01-04,1000,SIM,True
3805,1,2025-01-04,1000,SIM,True
3806,1,2025-01-04,1000,SIM,True
3807,1,2025-01-04,5000,SUPERVISION,True
3808,1,2025-01-04,5000,SUPERVISION,True
3809,1,2025-01-04,5000,SUPERVISION,True
3810,1,2025-01-05,1000,SIM,True
3811,1,2025-01-05,100,PASS,True
3812,1,2025-01-05,5000,SUPERVISION,True
3813,1,2025-01-06,5000,SUPERVISION,True
3814,1,2025-01-06,1000,SIM,True
3815,1,2025-01-06,100,PASS,True
3816,1,2025-01-06,100,PASS,True
3817,1,2025-01-06,5000,SUPERVISION,True
3818,1,2025-01-07,5000,SUPERVISION,False
3819,1,2025-01-07,5000,SUPERVISION,False
3820,1,2025-01-07,1000,SIM,False
3821,1,2025-01-08,100,PASS,False
3822,1,2025-01-08,5000,SUPERVISION,False
3823,1,2025-01-08,5000,SUPERVISION,False
3824,1,2025-01-08,1000,SIM,False
3825,1,2025-01-08,5000,SUPERVISION,False
3826,1,2025-01-08,5000,SUPERVISION,False
3827,1,2025-01-08,1000,SIM,False
3828,1,2025-01-08,100,PASS,False
3829,1,2025-01-08,100,PASS,False
3830,1,2025-01-09,5000,SUPERVISION,False
3831,1,2025-01-10,5000,SUPERVISION,False
3832,1,2025-01-11,1000,SIM,False
3833,1,2025-01-11,100,PASS,False
3834,1,2025-01-11,100,PASS,True
3835,1,2025-01-11,100,PASS,True
3836,1,2025-01-11,5000,SUPERVISION,True
3837,1,2025-01-11,100,PASS,True
3838,1,2025-01-11,100,PASS,False
3839,1,2025-01-11,100,PASS,False
3840,1,2025-01-12,100,PASS,False
3841,1,2025-01-12,100,PASS,False
3842,1,2025-01-12,1000,SIM,False
3843,1,2025-01-12,5000,SUPERVISION,False
3844,1,2025-01-12,1000,SIM,False
3845,1,2025-01-13,1000,SIM,False
3846,1,2025-01-13,100,PASS,False
3847,1,2025-01-13,5000,SUPERVISION,False
3848,1,2025-01-13,5000,SUPERVISION,False
3849,1,2025-01-13,5000,SUPERVISION,False
3850,1,2025-01-13,1000,SIM,False
3851,1,2025-01-14,1000,SIM,False
3852,1,2025-01-14,1000,SIM,False
3853,1,2025-01-14,1000,SIM,True
3854,1,2025-01-15,1000,SIM,True
3855,1,2025-01-15,1000,SIM,False
3856,1,2025-01-15,1000,SIM,False
3857,1,2025-01-15,1000,SIM,False
3858,1,2025-01-16,5000,SUPERVISION,False
3859,1,2025-01-16,100,PASS,False
3860,1,2025-01-16,5000,SUPERVISION,False
3861,1,2025-01-16,5000,SUPERVISION,True
3862,1,2025-01-16,5000,SUPERVISION,True
3863,1,2025-01-17,5000,SUPERVISION,True
3864,1,2025-01-17,100,PASS,True
3865,1,2025-01-17,100,PASS,True
3866,1,2025-01-17,5000,SUPERVISION,True
3867,1,2025-01-17,5000,SUPERVISION,True
3868,1,2025-01-17,5000,SUPERVISION,True
3869,1,2025-01-18,5000,SUPERVISION,True
3870,1,2025-01-18,5000,SUPERVISION,True
3871,1,2025-01-18,5000,SUPERVISION,True
3872,1,2025-01-18,5000,SUPERVISION,True
3873,1,2025-01-18,5000,SUPERVISION,True
3874,1,2025-01-18,1000,SIM,True
3875,1,2025-01-19,5000,SUPERVISION,True
3876,1,2025-01-19,5000,SUPERVISION,False
3877,1,2025-01-19,5000,SUPERVISION,False
3878,1,2025-01-19,5000,SUPERVISION,False
3879,1,2025-01-19,5000,SUPERVISION,False
3880,1,2025-01-19,5000,SUPERVISION,False
3881,1,2025-01-20,5000,SUPERVISION,False
3882,1,2025-01-20,1000,SIM,False
3883,1,2025-01-20,1000,SIM,False
3884,1,2025-01-20,5000,SUPERVISION,False
3885,1,2025-01-20,5000,SUPERVISION,True
3886,1,2025-01-20,5000,SUPERVISION,True
3887,1,2025-01-20,5000,SUPERVISION,True
3888,1,2025-01-21,5000,SUPERVISION,True
3889,1,2025-01-21,5000,SUPERVISION,False
3890,1,2025-01-21,5000,SUPERVISION,False
3891,1,2025-01-21,5000,SUPERVISION,False
3892,1,2025-01-21,5000,SUPERVISION,False
3893,1,2025-01-21,5000,SUPERVISION,False
3894,1,2025-01-21,5000,SUPERVISION,False
3895,1,2025-01-21,5000,SUPERVISION,False
3896,1,2025-01-22,5000,SUPERVISION,False
3897,1,2025-01-22,5000,SUPERVISION,False
3898,1,2025-01-22,5000,SUPERVISION,False
3899,1,2025-01-22,5000,SUPERVISION,False
3900,1,2025-01-22,1000,SIM,False
3901,1,2025-01-22,100,PASS,False
3902,1,2025-01-22,5000,SUPERVISION,False
3903,1,2025-01-22,1000,SIM,False
3904,1,2025-01-23,100,PASS,False
3905,1,2025-01-23,5000,SUPERVISION,False
3906,1,2025-01-23,5000,SUPERVISION,True
3907,1,2025-01-23,5000,SUPERVISION,True
3908,1,2025-01-23,5000,SUPERVISION,True
3909,1,2025-01-23,5000,SUPERVISION,True
3910,1,2025-01-24,5000,SUPERVISION,True
3911,1,2025-01-24,5000,SUPERVISION,True
3912,1,2025-01-24,5000,SUPERVISION,True
3913,1,2025-01-24,5000,SUPERVISION,False
3914,1,2025-01-24,5000,SUPERVISION,False
3915,1,2025-01-24,5000,SUPERVISION,False
3916,1,2025-01-24,5000,SUPERVISION,False
3917,1,2025-01-24,5000,SUPERVISION,True
3918,1,2025-01-25,5000,SUPERVISION,True
3919,1,2025-01-25,1000,SIM,True
3920,1,2025-01-25,1000,SIM,True
3921,1,2025-01-25,5000,SUPERVISION,True
3922,1,2025-01-25,5000,SUPERVISION,False
3923,1,2025-01-26,5000,SUPERVISION,False
3924,1,2025-01-26,1000,SIM,False
3925,1,2025-01-26,1000,SIM,False
3926,1,2025-01-26,5000,SUPERVISION,False
3927,1,2025-01-27,100,PASS,False
3928,1,2025-01-27,5000,SUPERVISION,False
3929,1,2025-01-28,5000,SUPERVISION,True
3930,1,2025-01-28,5000,SUPERVISION,True
3931,1,2025-01-28,5000,SUPERVISION,True
3932,1,2025-01-28,5000,SUPERVISION,True
3933,1,2025-01-28,1000,SIM,True
3934,1,2025-01-29,100,PASS,True
3935,1,2025-01-29,100,PASS,True
3936,1,2025-01-29,100,PASS,True
3937,1,2025-01-30,100,PASS,True
3938,1,2025-01-30,100,PASS,True
3939,1,2025-01-30,5000,SUPERVISION,True
3940,1,2025-01-31,5000,SUPERVISION,True
3941,1,2025-01-31,1000,SIM,True
3942,1,2025-01-31,1000,SIM,False
3943,1,2025-01-31,1000,SIM,False
3944,1,2025-01-31,1000,SIM,True
3945,1,2025-01-31,1000,SIM,True
3946,1,2025-02-01,5000,SUPERVISION,True
3947,1,2025-02-01,1000,SIM,True
3948,1,2025-02-01,5000,SUPERVISION,True
3949,1,2025-02-01,5000,SUPERVISION,False
3950,1,2025-02-01,5000,SUPERVISION,False
3951,1,2025-02-01,5000,SUPERVISION,True
3952,1,2025-02-01,5000,SUPERVISION,True
3953,1,2025-02-01,5000,SUPERVISION,True
3954,1,2025-02-01,5000,SUPERVISION,True
3955,1,2025-02-01,5000,SUPERVISION,True
3956,1,2025-02-02,5000,SUPERVISION,True
3957,1,2025-02-02,5000,SUPERVISION,False
3958,1,2025-02-02,5000,SUPERVISION,False
3959,1,2025-02-02,5000,SUPERVISION,False
3960,1,2025-02-02,100,PASS,False
3961,1,2025-02-03,5000,SUPERVISION,False
3962,1,2025-02-03,5000,SUPERVISION,True
3963,1,2025-02-03,5000,SUPERVISION,True
3964,1,2025-02-03,5000,SUPERVISION,False
3965,1,2025-02-04,5000,SUPERVISION,False
3966,1,2025-02-04,5000,SUPERVISION,False
3967,1,2025-02-04,1000,SIM,False
3968,1,2025-02-04,1000,SIM,False
3969,1,2025-02-05,1000,SIM,False
3970,1,2025-02-05,5000,SUPERVISION,False
3971,1,2025-02-06,1000,SIM,False
3972,1,2025-02-06,1000,SIM,False
3973,1,2025-02-06,100,PASS,False
3974,1,2025-02-06,5000,SUPERVISION,False
3975,1,2025-02-06,5000,SUPERVISION,False
3976,1,2025-02-06,5000,SUPERVISION,True
3977,1,2025-02-07,5000,SUPERVISION,True
3978,1,2025-02-07,1000,SIM,True
3979,1,2025-02-07,5000,SUPERVISION,True
3980,1,2025-02-07,5000,SUPERVISION,True
3981,1,2025-02-07,5000,SUPERVISION,True
3982,1,2025-02-07,5000,SUPERVISION,True
3983,1,2025-02-08,5000,SUPERVISION,True
3984,1,2025-02-08,5000,SUPERVISION,False
3985,1,2025-02-08,5000,SUPERVISION,False
3986,1,2025-02-08,5000,SUPERVISION,True
3987,1,2025-02-08,5000,SUPERVISION,True
3988,1,2025-02-09,5000,SUPERVISION,True
3989,1,2025-02-09,5000,SUPERVISION,False
3990,1,2025-02-09,5000,SUPERVISION,False
3991,1,2025-02-09,100,PASS,False
3992,1,2025-02-09,5000,SUPERVISION,False
3993,1,2025-02-09,5000,SUPERVISION,False
3994,1,2025-02-09,5000,SUPERVISION,True
3995,1,2025-02-09,5000,SUPERVISION,True
3996,1,2025-02-10,5000,SUPERVISION,False
3997,1,2025-02-10,5000,SUPERVISION,False
3998,1,2025-02-10,5000,SUPERVISION,True
3999,1,2025-02-10,5000,SUPERVISION,True
4000,1,2025-02-10,1000,SIM,True
4001,1,2025-02-10,5000,SUPERVISION,True
4002,1,2025-02-10,5000,SUPERVISION,True
4003,1,2025-02-11,100,PASS,True
4004,1,2025-02-11,1000,SIM,True
4005,1,2025-02-11,1000,SIM,True
4006,1,2025-02-11,100,PASS,True
4007,1,2025-02-11,5000,SUPERVISION,True
4008,1,2025-02-12,5000,SUPERVISION,True
4009,1,2025-02-12,5000,SUPERVISION,True
4010,1,2025-02-12,5000,SUPERVISION,True
4011,1,2025-02-12,5000,SUPERVISION,True
4012,1,2025-02-12,1000,SIM,True
4013,1,2025-02-12,100,PASS,True
4014,1,2025-02-12,100,PASS,False
4015,1,2025-02-13,100,PASS,False
4016,1,2025-02-13,100,PASS,False
4017,1,2025-02-13,5000,SUPERVISION,False
4018,1,2025-02-13,100,PASS,False
4019,1,2025-02-13,5000,SUPERVISION,False
4020,1,2025-02-13,1000,SIM,False
4021,1,2025-02-14,5000,SUPERVISION,False
4022,1,2025-02-14,5000,SUPERVISION,False
4023,1,2025-02-14,5000,SUPERVISION,False
4024,1,2025-02-14,5000,SUPERVISION,False
4025,1,2025-02-14,5000,SUPERVISION,False
4026,1,2025-02-14,5000,SUPERVISION,False
4027,1,2025-02-15,1000,SIM,False
4028,1,2025-02-15,1000,SIM,False
4029,1,2025-02-15,100,PASS,False
4030,1,2025-02-15,5000,SUPERVISION,False
4031,1,2025-02-15,5000,SUPERVISION,False
4032,1,2025-02-15,5000,SUPERVISION,False
4033,1,2025-02-15,1000,SIM,False
4034,1,2025-02-15,100,PASS,False
4035,1,2025-02-16,100,PASS,False
4036,1,2025-02-16,1000,SIM,False
4037,1,2025-02-16,100,PASS,False
4038,1,2025-02-16,100,PASS,False
4039,1,2025-02-16,100,PASS,False
4040,1,2025-02-16,5000,SUPERVISION,False
4041,1,2025-02-17,5000,SUPERVISION,False
4042,1,2025-02-17,5000,SUPERVISION,False
4043,1,2025-02-17,5000,SUPERVISION,False
4044,1,2025-02-17,5000,SUPERVISION,True
4045,1,2025-02-17,5000,SUPERVISION,True
4046,1,2025-02-18,5000,SUPERVISION,False
4047,1,2025-02-18,5000,SUPERVISION,False
4048,1,2025-02-18,100,PASS,False
4049,1,2025-02-18,100,PASS,False
4050,1,2025-02-18,1000,SIM,False
4051,1,2025-02-18,1000,SIM,False
4052,1,2025-02-19,100,PASS,False
4053,1,2025-02-19,5000,SUPERVISION,False
4054,1,2025-02-19,5000,SUPERVISION,False
4055,1,2025-02-19,5000,SUPERVISION,True
4056,1,2025-02-19,5000,SUPERVISION,True
4057,1,2025-02-19,100,PASS,True
4058,1,2025-02-20,5000,SUPERVISION,True
4059,1,2025-02-20,5000,SUPERVISION,False
4060,1,2025-02-20,5000,SUPERVISION,False
4061,1,2025-02-20,1000,SIM,False
4062,1,2025-02-21,1000,SIM,False
4063,1,2025-02-21,5000,SUPERVISION,False
4064,1,2025-02-21,100,PASS,False
4065,1,2025-02-21,5000,SUPERVISION,False
4066,1,2025-02-21,5000,SUPERVISION,False
4067,1,2025-02-22,5000,SUPERVISION,False
4068,1,2025-02-22,1000,SIM,False
4069,1,2025-02-22,5000,SUPERVISION,False
4070,1,2025-02-22,1000,SIM,False
4071,1,2025-02-22,5000,SUPERVISION,False
4072,1,2025-02-22,1000,SIM,False
4073,1,2025-02-22,1000,SIM,False
4074,1,2025-02-22,100,PASS,False
4075,1,2025-02-22,5000,SUPERVISION,False
4076,1,2025-02-22,1000,SIM,False
4077,1,2025-02-23,100,PASS,False
4078,1,2025-02-23,5000,SUPERVISION,False
4079,1,2025-02-23,5000,SUPERVISION,False
4080,1,2025-02-23,1000,SIM,False
4081,1,2025-02-23,100,PASS,False
4082,1,2025-02-23,5000,SUPERVISION,False
4083,1,2025-02-23,5000,SUPERVISION,True
4084,1,2025-02-23,5000,SUPERVISION,True
4085,1,2025-02-23,1000,SIM,True
4086,1,2025-02-23,100,PASS,True
4087,1,2025-02-24,100,PASS,False
4088,1,2025-02-24,100,PASS,False
4089,1,2025-02-24,5000,SUPERVISION,False
4090,1,2025-02-24,5000,SUPERVISION,False
4091,1,2025-02-24,1000,SIM,False
4092,1,2025-02-24,100,PASS,False
4093,1,2025-02-24,100,PASS,False
4094,1,2025-02-25,5000,SUPERVISION,False
4095,1,2025-02-25,5000,SUPERVISION,False
4096,1,2025-02-25,5000,SUPERVISION,True
4097,1,2025-02-25,5000,SUPERVISION,True
4098,1,2025-02-25,5000,SUPERVISION,True
4099,1,2025-02-25,5000,SUPERVISION,True
4100,1,2025-02-25,5000,SUPERVISION,True
4101,1,2025-02-25,1000,SIM,True
4102,1,2025-02-26,1000,SIM,True
4103,1,2025-02-26,100,PASS,True
4104,1,2025-02-26,5000,SUPERVISION,True
4105,1,2025-02-26,5000,SUPERVISION,True
4106,1,2025-02-26,5000,SUPERVISION,True
4107,1,2025-02-26,5000,SUPERVISION,False
4108,1,2025-02-27,5000,SUPERVISION,False
4109,1,2025-02-27,5000,SUPERVISION,False
4110,1,2025-02-27,5000,SUPERVISION,True
4111,1,2025-02-28,5000,SUPERVISION,True
4112,1,2025-02-28,5000,SUPERVISION,False
4113,1,2025-02-28,5000,SUPERVISION,False
4114,1,2025-02-28,1000,SIM,False
4115,1,2025-02-28,100,PASS,False
4116,1,2025-03-01,100,PASS,True
4117,1,2025-03-01,100,PASS,True
4118,1,2025-03-01,5000,SUPERVISION,True
4119,1,2025-03-01,5000,SUPERVISION,False
4120,1,2025-03-01,5000,SUPERVISION,False
4121,1,2025-03-01,5000,SUPERVISION,True
4122,1,2025-03-01,5000,SUPERVISION,True
4123,1,2025-03-01,5000,SUPERVISION,True
4124,1,2025-03-01,100,PASS,True
4125,1,2025-03-02,5000,SUPERVISION,True
4126,1,2025-03-02,5000,SUPERVISION,False
4127,1,2025-03-03,5000,SUPERVISION,False
4128,1,2025-03-03,5000,SUPERVISION,True
4129,1,2025-03-03,5000,SUPERVISION,True
4130,1,2025-03-03,5000,SUPERVISION,True
4131,1,2025-03-03,5000,SUPERVISION,True
4132,1,2025-03-03,5000,SUPERVISION,True
4133,1,2025-03-03,5000,SUPERVISION,True
4134,1,2025-03-03,5000,SUPERVISION,False
4135,1,2025-03-03,5000,SUPERVISION,False
4136,1,2025-03-03,100,PASS,False
4137,1,2025-03-04,100,PASS,False
4138,1,2025-03-04,5000,SUPERVISION,False
4139,1,2025-03-04,1000,SIM,False
4140,1,2025-03-04,5000,SUPERVISION,False
4141,1,2025-03-04,5000,SUPERVISION,False
4142,1,2025-03-04,1000,SIM,False
4143,1,2025-03-05,1000,SIM,False
4144,1,2025-03-05,5000,SUPERVISION,False
4145,1,2025-03-05,1000,SIM,False
4146,1,2025-03-05,5000,SUPERVISION,False
4147,1,2025-03-05,5000,SUPERVISION,False
4148,1,2025-03-05,1000,SIM,False
4149,1,2025-03-06,5000,SUPERVISION,False
4150,1,2025-03-06,5000,SUPERVISION,False
4151,1,2025-03-06,1000,SIM,False
4152,1,2025-03-06,100,PASS,False
4153,1,2025-03-07,5000,SUPERVISION,False
4154,1,2025-03-07,5000,SUPERVISION,False
4155,1,2025-03-07,5000,SUPERVISION,False
4156,1,2025-03-08,5000,SUPERVISION,False
4157,1,2025-03-08,100,PASS,False
4158,1,2025-03-08,5000,SUPERVISION,False
4159,1,2025-03-09,5000,SUPERVISION,False
4160,1,2025-03-09,5000,SUPERVISION,False
4161,1,2025-03-09,1000,SIM,False
4162,1,2025-03-09,1000,SIM,False
4163,1,2025-03-09,1000,SIM,False
4164,1,2025-03-09,100,PASS,False
4165,1,2025-03-09,100,PASS,False
4166,1,2025-03-10,5000,SUPERVISION,False
4167,1,2025-03-10,5000,SUPERVISION,False
4168,1,2025-03-10,5000,SUPERVISION,True
4169,1,2025-03-10,5000,SUPERVISION,True
4170,1,2025-03-10,5000,SUPERVISION,True
4171,1,2025-03-10,5000,SUPERVISION,True
4172,1,2025-03-10,100,PASS,True
4173,1,2025-03-10,100,PASS,False
4174,1,2025-03-10,100,PASS,False
4175,1,2025-03-10,100,PASS,False
4176,1,2025-03-11,5000,SUPERVISION,False
4177,1,2025-03-11,5000,SUPERVISION,False
4178,1,2025-03-11,5000,SUPERVISION,False
4179,1,2025-03-12,5000,SUPERVISION,False
4180,1,2025-03-12,5000,SUPERVISION,False
4181,1,2025-03-12,5000,SUPERVISION,True
4182,1,2025-03-13,5000,SUPERVISION,True
4183,1,2025-03-13,100,PASS,True
4184,1,2025-03-13,5000,SUPERVISION,True
4185,1,2025-03-13,5000,SUPERVISION,True
4186,1,2025-03-13,5000,SUPERVISION,True
4187,1,2025-03-13,100,PASS,True
4188,1,2025-03-14,5000,SUPERVISION,True
4189,1,2025-03-14,5000,SUPERVISION,True
4190,1,2025-03-14,5000,SUPERVISION,True
4191,1,2025-03-14,5000,SUPERVISION,True
4192,1,2025-03-15,5000,SUPERVISION,True
4193,1,2025-03-15,5000,SUPERVISION,True
4194,1,2025-03-15,5000,SUPERVISION,True
4195,1,2025-03-15,100,PASS,True
4196,1,2025-03-16,100,PASS,False
4197,1,2025-03-17,100,PASS,False
4198,1,2025-03-17,100,PASS,False
4199,1,2025-03-17,5000,SUPERVISION,False
4200,1,2025-03-18,5000,SUPERVISION,True
4201,1,2025-03-18,5000,SUPERVISION,True
4202,1,2025-03-18,1000,SIM,True
4203,1,2025-03-19,100,PASS,True
4204,1,2025-03-19,100,PASS,False
4205,1,2025-03-19,100,PASS,False
4206,1,2025-03-19,5000,SUPERVISION,False
4207,1,2025-03-20,5000,SUPERVISION,False
4208,1,2025-03-20,5000,SUPERVISION,False
4209,1,2025-03-20,5000,SUPERVISION,False
4210,1,2025-03-21,1000,SIM,False
4211,1,2025-03-21,1000,SIM,True
4212,1,2025-03-21,1000,SIM,True
4213,1,2025-03-22,1000,SIM,False
4214,1,2025-03-22,1000,SIM,False
4215,1,2025-03-22,1000,SIM,False
4216,1,2025-03-22,1000,SIM,False
4217,1,2025-03-23,1000,SIM,False
4218,1,2025-03-23,100,PASS,False
4219,1,2025-03-23,5000,SUPERVISION,False
4220,1,2025-03-23,1000,SIM,False
4221,1,2025-03-24,5000,SUPERVISION,False
4222,1,2025-03-24,1000,SIM,False
4223,1,2025-03-24,5000,SUPERVISION,False
4224,1,2025-03-24,5000,SUPERVISION,False
4225,1,2025-03-24,5000,SUPERVISION,False
4226,1,2025-03-25,5000,SUPERVISION,False
4227,1,2025-03-25,5000,SUPERVISION,False
4228,1,2025-03-26,5000,SUPERVISION,False
4229,1,2025-03-26,1000,SIM,False
4230,1,2025-03-26,5000,SUPERVISION,False
4231,1,2025-03-26,5000,SUPERVISION,True
4232,1,2025-03-26,5000,SUPERVISION,True
4233,1,2025-03-27,1000,SIM,True
4234,1,2025-03-27,5000,SUPERVISION,True
4235,1,2025-03-27,5000,SUPERVISION,True
4236,1,2025-03-27,5000,SUPERVISION,True
4237,1,2025-03-27,5000,SUPERVISION,True
4238,1,2025-03-27,1000,SIM,True
4239,1,2025-03-27,1000,SIM,True
4240,1,2025-03-28,1000,SIM,True
4241,1,2025-03-28,1000,SIM,True
4242,1,2025-03-28,1000,SIM,True
4243,1,2025-03-28,5000,SUPERVISION,True
4244,1,2025-03-28,5000,SUPERVISION,True
4245,1,2025-03-29,1000,SIM,True
4246,1,2025-03-29,5000,SUPERVISION,True
4247,1,2025-03-29,1000,SIM,True
4248,1,2025-03-29,100,PASS,True
4249,1,2025-03-29,5000,SUPERVISION,True
4250,1,2025-03-30,5000,SUPERVISION,True
4251,1,2025-03-30,5000,SUPERVISION,True
4252,1,2025-03-30,5000,SUPERVISION,True
4253,1,2025-03-30,5000,SUPERVISION,True
4254,1,2025-03-31,100,PASS,True
4255,1,2025-03-31,100,PASS,True
4256,1,2025-03-31,100,PASS,True
4257,1,2025-03-31,1000,SIM,True
4258,1,2025-03-31,5000,SUPERVISION,True
4259,1,2025-04-01,5000,SUPERVISION,False
4260,1,2025-04-01,5000,SUPERVISION,False
4261,1,2025-04-01,5000,SUPERVISION,False
4262,1,2025-04-01,5000,SUPERVISION,False
4263,1,2025-04-01,5000,SUPERVISION,False
4264,1,2025-04-02,5000,SUPERVISION,True
4265,1,2025-04-02,5000,SUPERVISION,True
4266,1,2025-04-02,5000,SUPERVISION,False
4267,1,2025-04-03,5000,SUPERVISION,False
4268,1,2025-04-03,1000,SIM,False
4269,1,2025-04-03,1000,SIM,True
4270,1,2025-04-04,1000,SIM,True
4271,1,2025-04-04,100,PASS,True
4272,1,2025-04-04,100,PASS,True
4273,1,2025-04-04,100,PASS,True
4274,1,2025-04-04,100,PASS,True
4275,1,2025-04-04,1000,SIM,True
4276,1,2025-04-05,1000,SIM,True
4277,1,2025-04-05,100,PASS,True
4278,1,2025-04-05,5000,SUPERVISION,True
4279,1,2025-04-05,5000,SUPERVISION,False
4280,1,2025-04-06,5000,SUPERVISION,False
4281,1,2025-04-06,100,PASS,False
4282,1,2025-04-06,100,PASS,False
4283,1,2025-04-06,5000,SUPERVISION,False
4284,1,2025-04-06,100,PASS,False
4285,1,2025-04-06,5000,SUPERVISION,False
4286,1,2025-04-06,5000,SUPERVISION,False
4287,1,2025-04-07,1000,SIM,False
4288,1,2025-04-07,1000,SIM,True
4289,1,2025-04-08,1000,SIM,True
4290,1,2025-04-08,1000,SIM,True
4291,1,2025-04-08,1000,SIM,True
4292,1,2025-04-08,100,PASS,True
4293,1,2025-04-09,5000,SUPERVISION,True
4294,1,2025-04-09,1000,SIM,True
4295,1,2025-04-09,100,PASS,True
4296,1,2025-04-09,1000,SIM,True
4297,1,2025-04-10,5000,SUPERVISION,True
4298,1,2025-04-10,5000,SUPERVISION,True
4299,1,2025-04-10,5000,SUPERVISION,True
4300,1,2025-04-10,5000,SUPERVISION,True
4301,1,2025-04-10,5000,SUPERVISION,True
4302,1,2025-04-11,5000,SUPERVISION,False
4303,1,2025-04-11,5000,SUPERVISION,False
4304,1,2025-04-11,5000,SUPERVISION,False
4305,1,2025-04-11,5000,SUPERVISION,False
4306,1,2025-04-11,5000,SUPERVISION,False
4307,1,2025-04-11,5000,SUPERVISION,True
4308,1,2025-04-12,5000,SUPERVISION,True
4309,1,2025-04-12,1000,SIM,True
4310,1,2025-04-12,1000,SIM,True
4311,1,2025-04-12,5000,SUPERVISION,True
4312,1,2025-04-12,5000,SUPERVISION,True
4313,1,2025-04-12,5000,SUPERVISION,True
4314,1,2025-04-12,1000,SIM,True
4315,1,2025-04-12,100,PASS,True
4316,1,2025-04-13,5000,SUPERVISION,True
4317,1,2025-04-13,5000,SUPERVISION,True
4318,1,2025-04-13,5000,SUPERVISION,False
4319,1,2025-04-14,5000,SUPERVISION,False
4320,1,2025-04-14,5000,SUPERVISION,True
4321,1,2025-04-15,5000,SUPERVISION,True
4322,1,2025-04-15,100,PASS,True
4323,1,2025-04-15,5000,SUPERVISION,True
4324,1,2025-04-15,1000,SIM,True
4325,1,2025-04-15,5000,SUPERVISION,True
4326,1,2025-04-16,5000,SUPERVISION,False
4327,1,2025-04-16,5000,SUPERVISION,False
4328,1,2025-04-16,5000,SUPERVISION,True
4329,1,2025-04-16,5000,SUPERVISION,True
4330,1,2025-04-16,1000,SIM,True
4331,1,2025-04-16,1000,SIM,True
4332,1,2025-04-16,1000,SIM,True
4333,1,2025-04-17,5000,SUPERVISION,True
4334,1,2025-04-17,1000,SIM,True
4335,1,2025-04-17,1000,SIM,True
4336,1,2025-04-17,1000,SIM,False
4337,1,2025-04-17,1000,SIM,False
4338,1,2025-04-18,100,PASS,False
4339,1,2025-04-18,5000,SUPERVISION,False
4340,1,2025-04-18,5000,SUPERVISION,False
4341,1,2025-04-18,5000,SUPERVISION,True
4342,1,2025-04-18,5000,SUPERVISION,True
4343,1,2025-04-19,5000,SUPERVISION,True
4344,1,2025-04-19,5000,SUPERVISION,False
4345,1,2025-04-19,5000,SUPERVISION,False
4346,1,2025-04-20,5000,SUPERVISION,False
4347,1,2025-04-20,5000,SUPERVISION,False
4348,1,2025-04-20,100,PASS,False
4349,1,2025-04-20,100,PASS,False
4350,1,2025-04-20,100,PASS,False
4351,1,2025-04-20,5000,SUPERVISION,False
4352,1,2025-04-20,1000,SIM,False
4353,1,2025-04-20,5000,SUPERVISION,False
4354,1,2025-04-20,5000,SUPERVISION,False
4355,1,2025-04-21,5000,SUPERVISION,False
4356,1,2025-04-21,5000,SUPERVISION,True
4357,1,2025-04-21,5000,SUPERVISION,True
4358,1,2025-04-21,5000,SUPERVISION,True
4359,1,2025-04-21,5000,SUPERVISION,False
4360,1,2025-04-21,5000,SUPERVISION,False
4361,1,2025-04-22,5000,SUPERVISION,False
4362,1,2025-04-22,5000,SUPERVISION,False
4363,1,2025-04-22,1000,SIM,False
4364,1,2025-04-22,5000,SUPERVISION,False
4365,1,2025-04-22,5000,SUPERVISION,False
4366,1,2025-04-22,5000,SUPERVISION,False
4367,1,2025-04-22,5000,SUPERVISION,False
4368,1,2025-04-22,1000,SIM,False
4369,1,2025-04-22,5000,SUPERVISION,False
4370,1,2025-04-23,1000,SIM,False
4371,1,2025-04-23,100,PASS,False
4372,1,2025-04-23,5000,SUPERVISION,False
4373,1,2025-04-23,5000,SUPERVISION,False
4374,1,2025-04-23,1000,SIM,False
4375,1,2025-04-23,1000,SIM,False
4376,1,2025-04-23,5000,SUPERVISION,False
4377,1,2025-04-24,100,PASS,False
4378,1,2025-04-24,5000,SUPERVISION,False
4379,1,2025-04-24,1000,SIM,False
4380,1,2025-04-24,1000,SIM,False
4381,1,2025-04-24,5000,SUPERVISION,False
4382,1,2025-04-24,5000,SUPERVISION,False
4383,1,2025-04-24,1000,SIM,False
4384,1,2025-04-25,100,PASS,False
4385,1,2025-04-25,5000,SUPERVISION,False
4386,1,2025-04-25,5000,SUPERVISION,True
4387,1,2025-04-25,5000,SUPERVISION,True
4388,1,2025-04-25,5000,SUPERVISION,False
4389,1,2025-04-25,5000,SUPERVISION,False
4390,1,2025-04-25,5000,SUPERVISION,True
4391,1,2025-04-25,5000,SUPERVISION,True
4392,1,2025-04-25,1000,SIM,True
4393,1,2025-04-25,1000,SIM,True
4394,1,2025-04-26,5000,SUPERVISION,True
4395,1,2025-04-26,5000,SUPERVISION,True
4396,1,2025-04-26,5000,SUPERVISION,False
4397,1,2025-04-26,5000,SUPERVISION,False
4398,1,2025-04-26,5000,SUPERVISION,True
4399,1,2025-04-26,5000,SUPERVISION,True
4400,1,2025-04-26,5000,SUPERVISION,False
4401,1,2025-04-26,5000,SUPERVISION,False
4402,1,2025-04-27,100,PASS,False
4403,1,2025-04-27,5000,SUPERVISION,False
4404,1,2025-04-27,5000,SUPERVISION,False
4405,1,2025-04-27,5000,SUPERVISION,False
4406,1,2025-04-28,1000,SIM,False
4407,1,2025-04-28,5000,SUPERVISION,False
4408,1,2025-04-28,5000,SUPERVISION,False
4409,1,2025-04-28,100,PASS,False
4410,1,2025-04-28,100,PASS,False
4411,1,2025-04-28,100,PASS,True
4412,1,2025-04-29,100,PASS,True
4413,1,2025-04-29,5000,SUPERVISION,True
4414,1,2025-04-29,1000,SIM,True
4415,1,2025-04-29,100,PASS,True
4416,1,2025-04-30,100,PASS,True
4417,1,2025-04-30,5000,SUPERVISION,True
4418,1,2025-04-30,5000,SUPERVISION,True
4419,1,2025-04-30,5000,SUPERVISION,True
4420,1,2025-04-30,100,PASS,True
4421,1,2025-05-01,100,PASS,True
4422,1,2025-05-01,1000,SIM,True
4423,1,2025-05-01,1000,SIM,True
4424,1,2025-05-01,1000,SIM,True
4425,1,2025-05-01,5000,SUPERVISION,True
4426,1,2025-05-01,1000,SIM,True
4427,1,2025-05-02,1000,SIM,True
4428,1,2025-05-02,1000,SIM,False
4429,1,2025-05-02,1000,SIM,False
4430,1,2025-05-02,100,PASS,False
4431,1,2025-05-02,5000,SUPERVISION,False
4432,1,2025-05-02,5000,SUPERVISION,True
4433,1,2025-05-02,5000,SUPERVISION,True
4434,1,2025-05-02,5000,SUPERVISION,True
4435,1,2025-05-03,5000,SUPERVISION,True
4436,1,2025-05-03,5000,SUPERVISION,True
4437,1,2025-05-03,1000,SIM,True
4438,1,2025-05-03,1000,SIM,True
4439,1,2025-05-04,100,PASS,True
4440,1,2025-05-04,5000,SUPERVISION,True
4441,1,2025-05-04,5000,SUPERVISION,True
4442,1,2025-05-04,5000,SUPERVISION,False
4443,1,2025-05-04,5000,SUPERVISION,False
4444,1,2025-05-05,5000,SUPERVISION,True
4445,1,2025-05-05,5000,SUPERVISION,True
4446,1,2025-05-05,5000,SUPERVISION,False
4447,1,2025-05-05,5000,SUPERVISION,False
4448,1,2025-05-05,100,PASS,False
4449,1,2025-05-05,5000,SUPERVISION,False
4450,1,2025-05-05,5000,SUPERVISION,True
4451,1,2025-05-05,5000,SUPERVISION,True
4452,1,2025-05-06,5000,SUPERVISION,True
4453,1,2025-05-06,5000,SUPERVISION,True
4454,1,2025-05-06,100,PASS,True
4455,1,2025-05-06,5000,SUPERVISION,True
4456,1,2025-05-06,5000,SUPERVISION,False
4457,1,2025-05-06,5000,SUPERVISION,False
4458,1,2025-05-06,100,PASS,False
4459,1,2025-05-06,5000,SUPERVISION,False
4460,1,2025-05-06,1000,SIM,False
4461,1,2025-05-06,5000,SUPERVISION,False
4462,1,2025-05-07,5000,SUPERVISION,False
4463,1,2025-05-07,1000,SIM,False
4464,1,2025-05-07,100,PASS,False
4465,1,2025-05-07,5000,SUPERVISION,False
4466,1,2025-05-08,5000,SUPERVISION,False
4467,1,2025-05-08,5000,SUPERVISION,False
4468,1,2025-05-08,1000,SIM,False
4469,1,2025-05-08,1000,SIM,False
4470,1,2025-05-08,100,PASS,False
4471,1,2025-05-08,5000,SUPERVISION,False
4472,1,2025-05-08,5000,SUPERVISION,False
4473,1,2025-05-09,1000,SIM,False
4474,1,2025-05-09,5000,SUPERVISION,False
4475,1,2025-05-09,5000,SUPERVISION,True
4476,1,2025-05-09,5000,SUPERVISION,True
4477,1,2025-05-10,5000,SUPERVISION,True
4478,1,2025-05-10,5000,SUPERVISION,True
4479,1,2025-05-10,5000,SUPERVISION,True
4480,1,2025-05-10,5000,SUPERVISION,True
4481,1,2025-05-10,100,PASS,True
4482,1,2025-05-11,5000,SUPERVISION,True
4483,1,2025-05-11,5000,SUPERVISION,True
4484,1,2025-05-11,5000,SUPERVISION,True
4485,1,2025-05-11,1000,SIM,True
4486,1,2025-05-11,5000,SUPERVISION,True
4487,1,2025-05-11,5000,SUPERVISION,True
4488,1,2025-05-12,5000,SUPERVISION,False
4489,1,2025-05-12,5000,SUPERVISION,False
4490,1,2025-05-12,1000,SIM,False
4491,1,2025-05-12,100,PASS,False
4492,1,2025-05-12,5000,SUPERVISION,False
4493,1,2025-05-12,5000,SUPERVISION,False
4494,1,2025-05-13,5000,SUPERVISION,False
4495,1,2025-05-13,1000,SIM,False
4496,1,2025-05-13,100,PASS,False
4497,1,2025-05-13,5000,SUPERVISION,False
4498,1,2025-05-14,5000,SUPERVISION,False
4499,1,2025-05-14,5000,SUPERVISION,False
4500,1,2025-05-14,5000,SUPERVISION,True
4501,1,2025-05-14,5000,SUPERVISION,True
4502,1,2025-05-14,5000,SUPERVISION,True
4503,1,2025-05-15,5000,SUPERVISION,False
4504,1,2025-05-15,5000,SUPERVISION,False
4505,1,2025-05-15,100,PASS,False
4506,1,2025-05-15,5000,SUPERVISION,False
4507,1,2025-05-15,5000,SUPERVISION,False
4508,1,2025-05-15,100,PASS,False
4509,1,2025-05-15,5000,SUPERVISION,False
4510,1,2025-05-15,5000,SUPERVISION,False
4511,1,2025-05-16,5000,SUPERVISION,False
4512,1,2025-05-16,5000,SUPERVISION,True
4513,1,2025-05-16,5000,SUPERVISION,True
4514,1,2025-05-16,100,PASS,True
4515,1,2025-05-16,100,PASS,True
4516,1,2025-05-16,5000,SUPERVISION,True
4517,1,2025-05-16,1000,SIM,True
4518,1,2025-05-16,1000,SIM,True
4519,1,2025-05-16,5000,SUPERVISION,True
4520,1,2025-05-17,5000,SUPERVISION,True
4521,1,2025-05-17,5000,SUPERVISION,True
4522,1,2025-05-17,5000,SUPERVISION,True
4523,1,2025-05-17,5000,SUPERVISION,False
4524,1,2025-05-18,5000,SUPERVISION,False
4525,1,2025-05-18,5000,SUPERVISION,False
4526,1,2025-05-18,5000,SUPERVISION,True
4527,1,2025-05-18,5000,SUPERVISION,True
4528,1,2025-05-18,1000,SIM,True
4529,1,2025-05-18,1000,SIM,True
4530,1,2025-05-18,5000,SUPERVISION,True
4531,1,2025-05-19,5000,SUPERVISION,True
4532,1,2025-05-19,5000,SUPERVISION,False
4533,1,2025-05-19,5000,SUPERVISION,False
4534,1,2025-05-19,5000,SUPERVISION,False
4535,1,2025-05-19,100,PASS,False
4536,1,2025-05-19,100,PASS,False
4537,1,2025-05-19,100,PASS,True
4538,1,2025-05-19,100,PASS,True
4539,1,2025-05-20,5000,SUPERVISION,True
4540,1,2025-05-20,5000,SUPERVISION,True
4541,1,2025-05-20,1000,SIM,True
4542,1,2025-05-20,1000,SIM,True
4543,1,2025-05-21,100,PASS,True
4544,1,2025-05-21,5000,SUPERVISION,True
4545,1,2025-05-21,1000,SIM,True
4546,1,2025-05-21,5000,SUPERVISION,True
4547,1,2025-05-21,5000,SUPERVISION,True
4548,1,2025-05-21,1000,SIM,True
4549,1,2025-05-21,1000,SIM,True
4550,1,2025-05-22,1000,SIM,True
4551,1,2025-05-22,100,PASS,True
4552,1,2025-05-22,1000,SIM,True
4553,1,2025-05-22,5000,SUPERVISION,True
4554,1,2025-05-22,100,PASS,True
4555,1,2025-05-22,5000,SUPERVISION,True
4556,1,2025-05-22,1000,SIM,True
4557,1,2025-05-23,100,PASS,True
4558,1,2025-05-23,5000,SUPERVISION,True
4559,1,2025-05-23,5000,SUPERVISION,False
4560,1,2025-05-23,5000,SUPERVISION,False
4561,1,2025-05-23,5000,SUPERVISION,True
4562,1,2025-05-24,5000,SUPERVISION,True
4563,1,2025-05-24,1000,SIM,True
4564,1,2025-05-24,5000,SUPERVISION,True
4565,1,2025-05-24,1000,SIM,True
4566,1,2025-05-25,1000,SIM,False
4567,1,2025-05-25,1000,SIM,False
4568,1,2025-05-25,1000,SIM,False
4569,1,2025-05-25,5000,SUPERVISION,False
4570,1,2025-05-25,1000,SIM,False
4571,1,2025-05-25,5000,SUPERVISION,False
4572,1,2025-05-25,5000,SUPERVISION,False
4573,1,2025-05-25,5000,SUPERVISION,True
4574,1,2025-05-26,5000,SUPERVISION,True
4575,1,2025-05-26,5000,SUPERVISION,False
4576,1,2025-05-26,5000,SUPERVISION,False
4577,1,2025-05-26,5000,SUPERVISION,False
4578,1,2025-05-27,5000,SUPERVISION,True
4579,1,2025-05-27,5000,SUPERVISION,True
4580,1,2025-05-27,100,PASS,True
4581,1,2025-05-27,5000,SUPERVISION,True
4582,1,2025-05-27,1000,SIM,True
4583,1,2025-05-28,100,PASS,True
4584,1,2025-05-28,100,PASS,True
4585,1,2025-05-28,5000,SUPERVISION,True
4586,1,2025-05-28,5000,SUPERVISION,False
4587,1,2025-05-29,5000,SUPERVISION,False
4588,1,2025-05-29,100,PASS,False
4589,1,2025-05-29,5000,SUPERVISION,False
4590,1,2025-05-29,100,PASS,False
4591,1,2025-05-29,5000,SUPERVISION,False
4592,1,2025-05-29,5000,SUPERVISION,False
4593,1,2025-05-29,5000,SUPERVISION,False
4594,1,2025-05-29,100,PASS,False
4595,1,2025-05-29,5000,SUPERVISION,False
4596,1,2025-05-30,1000,SIM,False
4597,1,2025-05-30,1000,SIM,True
4598,1,2025-05-30,1000,SIM,True
4599,1,2025-05-30,100,PASS,True
4600,1,2025-05-31,5000,SUPERVISION,True
4601,1,2025-05-31,5000,SUPERVISION,True
4602,1,2025-05-31,5000,SUPERVISION,True
4603,1,2025-05-31,5000,SUPERVISION,False
4604,1,2025-06-01,5000,SUPERVISION,False
4605,1,2025-06-01,1000,SIM,False
4606,1,2025-06-01,1000,SIM,False
4607,1,2025-06-01,100,PASS,False
4608,1,2025-06-01,100,PASS,False
4609,1,2025-06-02,5000,SUPERVISION,False
4610,1,2025-06-02,1000,SIM,False
4611,1,2025-06-02,1000,SIM,False
4612,1,2025-06-02,5000,SUPERVISION,False
4613,1,2025-06-02,1000,SIM,False
4614,1,2025-06-02,100,PASS,False
4615,1,2025-06-02,5000,SUPERVISION,False
4616,1,2025-06-03,1000,SIM,False
4617,1,2025-06-03,1000,SIM,False
4618,1,2025-06-03,5000,SUPERVISION,False
4619,1,2025-06-03,1000,SIM,False
4620,1,2025-06-04,1000,SIM,True
4621,1,2025-06-04,1000,SIM,True
4622,1,2025-06-04,5000,SUPERVISION,True
4623,1,2025-06-04,1000,SIM,True
4624,1,2025-06-04,100,PASS,True
4625,1,2025-06-04,5000,SUPERVISION,True
4626,1,2025-06-04,5000,SUPERVISION,True
4627,1,2025-06-04,5000,SUPERVISION,True
4628,1,2025-06-04,5000,SUPERVISION,True
4629,1,2025-06-05,5000,SUPERVISION,True
4630,1,2025-06-05,5000,SUPERVISION,True
4631,1,2025-06-05,1000,SIM,True
4632,1,2025-06-05,1000,SIM,True
4633,1,2025-06-06,100,PASS,True
4634,1,2025-06-06,100,PASS,True
4635,1,2025-06-06,5000,SUPERVISION,True
4636,1,2025-06-07,5000,SUPERVISION,False
4637,1,2025-06-07,5000,SUPERVISION,False
4638,1,2025-06-07,1000,SIM,False
4639,1,2025-06-08,1000,SIM,True
4640,1,2025-06-08,1000,SIM,True
4641,1,2025-06-08,5000,SUPERVISION,True
4642,1,2025-06-08,5000,SUPERVISION,True
4643,1,2025-06-08,5000,SUPERVISION,False
4644,1,2025-06-08,5000,SUPERVISION,False
4645,1,2025-06-08,1000,SIM,False
4646,1,2025-06-08,1000,SIM,False
4647,1,2025-06-09,5000,SUPERVISION,False
4648,1,2025-06-09,5000,SUPERVISION,False
4649,1,2025-06-09,1000,SIM,False
4650,1,2025-06-09,1000,SIM,True
4651,1,2025-06-09,1000,SIM,True
4652,1,2025-06-09,5000,SUPERVISION,True
4653,1,2025-06-09,5000,SUPERVISION,True
4654,1,2025-06-10,100,PASS,True
4655,1,2025-06-10,5000,SUPERVISION,True
4656,1,2025-06-10,5000,SUPERVISION,True
4657,1,2025-06-11,100,PASS,True
4658,1,2025-06-11,100,PASS,True
4659,1,2025-06-11,5000,SUPERVISION,True
4660,1,2025-06-11,5000,SUPERVISION,True
4661,1,2025-06-11,5000,SUPERVISION,True
4662,1,2025-06-11,5000,SUPERVISION,True
4663,1,2025-06-11,5000,SUPERVISION,True
4664,1,2025-06-12,5000,SUPERVISION,True
4665,1,2025-06-12,5000,SUPERVISION,True
4666,1,2025-06-13,1000,SIM,True
4667,1,2025-06-13,1000,SIM,True
4668,1,2025-06-13,1000,SIM,False
4669,1,2025-06-14,1000,SIM,False
4670,1,2025-06-14,100,PASS,False
4671,1,2025-06-14,5000,SUPERVISION,False
4672,1,2025-06-14,5000,SUPERVISION,False
4673,1,2025-06-14,5000,SUPERVISION,True
4674,1,2025-06-14,5000,SUPERVISION,True
4675,1,2025-06-14,5000,SUPERVISION,True
4676,1,2025-06-15,5000,SUPERVISION,True
4677,1,2025-06-15,5000,SUPERVISION,True
4678,1,2025-06-15,5000,SUPERVISION,False
4679,1,2025-06-15,5000,SUPERVISION,False
4680,1,2025-06-15,1000,SIM,False
4681,1,2025-06-15,5000,SUPERVISION,False
4682,1,2025-06-15,5000,SUPERVISION,True
4683,1,2025-06-15,5000,SUPERVISION,True
4684,1,2025-06-15,5000,SUPERVISION,True
4685,1,2025-06-16,5000,SUPERVISION,True
4686,1,2025-06-16,5000,SUPERVISION,True
4687,1,2025-06-16,5000,SUPERVISION,True
4688,1,2025-06-16,5000,SUPERVISION,True
4689,1,2025-06-16,1000,SIM,True
4690,1,2025-06-17,1000,SIM,True
4691,1,2025-06-17,100,PASS,True
4692,1,2025-06-17,5000,SUPERVISION,True
4693,1,2025-06-17,5000,SUPERVISION,True
4694,1,2025-06-17,1000,SIM,True
4695,1,2025-06-17,1000,SIM,False
4696,1,2025-06-18,1000,SIM,False
4697,1,2025-06-18,1000,SIM,False
4698,1,2025-06-18,1000,SIM,True
4699,1,2025-06-18,1000,SIM,True
4700,1,2025-06-19,1000,SIM,True
4701,1,2025-06-19,100,PASS,True
4702,1,2025-06-19,5000,SUPERVISION,True
4703,1,2025-06-19,1000,SIM,True
4704,1,2025-06-19,5000,SUPERVISION,True
4705,1,2025-06-19,5000,SUPERVISION,True
4706,1,2025-06-19,5000,SUPERVISION,False
4707,1,2025-06-19,5000,SUPERVISION,False
4708,1,2025-06-20,5000,SUPERVISION,False
4709,1,2025-06-20,5000,SUPERVISION,False
4710,1,2025-06-21,1000,SIM,False
4711,1,2025-06-21,5000,SUPERVISION,False
4712,1,2025-06-21,5000,SUPERVISION,False
4713,1,2025-06-21,5000,SUPERVISION,False
4714,1,2025-06-21,1000,SIM,False
4715,1,2025-06-21,100,PASS,False
4716,1,2025-06-22,5000,SUPERVISION,False
4717,1,2025-06-22,5000,SUPERVISION,True
4718,1,2025-06-22,5000,SUPERVISION,True
4719,1,2025-06-22,5000,SUPERVISION,False
4720,1,2025-06-22,5000,SUPERVISION,False
4721,1,2025-06-22,5000,SUPERVISION,False
4722,1,2025-06-23,5000,SUPERVISION,False
4723,1,2025-06-23,5000,SUPERVISION,False
4724,1,2025-06-23,5000,SUPERVISION,False
4725,1,2025-06-23,5000,SUPERVISION,False
4726,1,2025-06-23,1000,SIM,False
4727,1,2025-06-24,1000,SIM,False
4728,1,2025-06-24,100,PASS,False
4729,1,2025-06-24,5000,SUPERVISION,False
4730,1,2025-06-24,5000,SUPERVISION,False
4731,1,2025-06-25,1000,SIM,False
4732,1,2025-06-25,1000,SIM,False
4733,1,2025-06-25,1000,SIM,True
4734,1,2025-06-25,1000,SIM,True
4735,1,2025-06-25,1000,SIM,True
4736,1,2025-06-25,1000,SIM,True
4737,1,2025-06-25,100,PASS,True
4738,1,2025-06-25,5000,SUPERVISION,True
4739,1,2025-06-26,1000,SIM,True
4740,1,2025-06-26,5000,SUPERVISION,True
4741,1,2025-06-26,5000,SUPERVISION,False
4742,1,2025-06-26,5000,SUPERVISION,False
4743,1,2025-06-26,1000,SIM,False
4744,1,2025-06-27,100,PASS,False
4745,1,2025-06-27,5000,SUPERVISION,False
4746,1,2025-06-27,5000,SUPERVISION,True
4747,1,2025-06-27,5000,SUPERVISION,True
4748,1,2025-06-27,1000,SIM,True
4749,1,2025-06-27,1000,SIM,True
4750,1,2025-06-28,5000,SUPERVISION,True
4751,1,2025-06-28,5000,SUPERVISION,False
4752,1,2025-06-28,5000,SUPERVISION,False
4753,1,2025-06-28,5000,SUPERVISION,False
4754,1,2025-06-28,5000,SUPERVISION,False
4755,1,2025-06-28,5000,SUPERVISION,False
4756,1,2025-06-28,5000,SUPERVISION,False
4757,1,2025-06-29,5000,SUPERVISION,False
4758,1,2025-06-29,5000,SUPERVISION,False
4759,1,2025-06-29,5000,SUPERVISION,True
4760,1,2025-06-30,5000,SUPERVISION,True
4761,1,2025-06-30,5000,SUPERVISION,True
4762,1,2025-06-30,1000,SIM,True
4763,1,2025-06-30,1000,SIM,False
4764,1,2025-06-30,1000,SIM,False
4765,1,2025-06-30,1000,SIM,False
4766,1,2025-06-30,100,PASS,False
4767,1,2025-07-01,100,PASS,True
4768,1,2025-07-01,100,PASS,True
4769,1,2025-07-01,1000,SIM,True
4770,1,2025-07-01,100,PASS,True
4771,1,2025-07-02,5000,SUPERVISION,True
4772,1,2025-07-02,1000,SIM,True
4773,1,2025-07-02,5000,SUPERVISION,True
4774,1,2025-07-02,100,PASS,True
4775,1,2025-07-02,100,PASS,False
4776,1,2025-07-02,100,PASS,False
4777,1,2025-07-02,5000,SUPERVISION,False
4778,1,2025-07-02,1000,SIM,False
4779,1,2025-07-03,5000,SUPERVISION,False
4780,1,2025-07-03,5000,SUPERVISION,True
4781,1,2025-07-03,5000,SUPERVISION,True
4782,1,2025-07-03,5000,SUPERVISION,False
4783,1,2025-07-03,5000,SUPERVISION,False
4784,1,2025-07-04,5000,SUPERVISION,True
4785,1,2025-07-04,5000,SUPERVISION,True
4786,1,2025-07-04,5000,SUPERVISION,True
4787,1,2025-07-05,5000,SUPERVISION,True
4788,1,2025-07-05,5000,SUPERVISION,False
4789,1,2025-07-05,5000,SUPERVISION,False
4790,1,2025-07-05,100,PASS,False
4791,1,2025-07-05,5000,SUPERVISION,False
4792,1,2025-07-06,5000,SUPERVISION,True
4793,1,2025-07-06,5000,SUPERVISION,True
4794,1,2025-07-06,5000,SUPERVISION,True
4795,1,2025-07-06,100,PASS,True
4796,1,2025-07-06,100,PASS,True
4797,1,2025-07-07,5000,SUPERVISION,True
4798,1,2025-07-07,1000,SIM,True
4799,1,2025-07-07,5000,SUPERVISION,True
4800,1,2025-07-07,1000,SIM,True
4801,1,2025-07-07,100,PASS,True
4802,1,2025-07-07,100,PASS,False
4803,1,2025-07-07,100,PASS,False
4804,1,2025-07-07,100,PASS,False
4805,1,2025-07-08,100,PASS,False
4806,1,2025-07-08,100,PASS,True
4807,1,2025-07-08,100,PASS,True
4808,1,2025-07-08,100,PASS,False
4809,1,2025-07-08,100,PASS,False
4810,1,2025-07-09,5000,SUPERVISION,False
4811,1,2025-07-09,5000,SUPERVISION,False
4812,1,2025-07-09,100,PASS,False
4813,1,2025-07-09,5000,SUPERVISION,False
4814,1,2025-07-09,5000,SUPERVISION,False
4815,1,2025-07-09,1000,SIM,False
4816,1,2025-07-09,1000,SIM,False
4817,1,2025-07-10,5000,SUPERVISION,False
4818,1,2025-07-10,100,PASS,False
4819,1,2025-07-10,100,PASS,False
4820,1,2025-07-10,5000,SUPERVISION,False
4821,1,2025-07-11,5000,SUPERVISION,False
4822,1,2025-07-11,100,PASS,False
4823,1,2025-07-12,5000,SUPERVISION,False
4824,1,2025-07-12,5000,SUPERVISION,True
4825,1,2025-07-12,5000,SUPERVISION,True
4826,1,2025-07-12,5000,SUPERVISION,True
4827,1,2025-07-12,5000,SUPERVISION,False
4828,1,2025-07-12,5000,SUPERVISION,False
4829,1,2025-07-12,5000,SUPERVISION,False
4830,1,2025-07-13,100,PASS,False
4831,1,2025-07-13,1000,SIM,False
4832,1,2025-07-13,5000,SUPERVISION,False
4833,1,2025-07-13,1000,SIM,False
4834,1,2025-07-13,1000,SIM,False
4835,1,2025-07-13,5000,SUPERVISION,False
4836,1,2025-07-13,5000,SUPERVISION,False
4837,1,2025-07-13,1000,SIM,False
4838,1,2025-07-14,100,PASS,False
4839,1,2025-07-14,5000,SUPERVISION,False
4840,1,2025-07-14,1000,SIM,False
4841,1,2025-07-14,5000,SUPERVISION,False
4842,1,2025-07-14,5000,SUPERVISION,False
4843,1,2025-07-14,100,PASS,False
4844,1,2025-07-15,5000,SUPERVISION,False
4845,1,2025-07-15,1000,SIM,False
4846,1,2025-07-15,5000,SUPERVISION,False
4847,1,2025-07-15,5000,SUPERVISION,False
4848,1,2025-07-15,5000,SUPERVISION,True
4849,1,2025-07-16,5000,SUPERVISION,True
4850,1,2025-07-16,1000,SIM,True
4851,1,2025-07-16,5000,SUPERVISION,True
4852,1,2025-07-16,5000,SUPERVISION,False
4853,1,2025-07-16,5000,SUPERVISION,False
4854,1,2025-07-16,100,PASS,False
4855,1,2025-07-17,5000,SUPERVISION,False
4856,1,2025-07-17,5000,SUPERVISION,False
4857,1,2025-07-17,5000,SUPERVISION,False
4858,1,2025-07-17,100,PASS,False
4859,1,2025-07-17,5000,SUPERVISION,False
4860,1,2025-07-17,5000,SUPERVISION,False
4861,1,2025-07-18,5000,SUPERVISION,False
4862,1,2025-07-18,5000,SUPERVISION,False
4863,1,2025-07-18,100,PASS,False
4864,1,2025-07-18,5000,SUPERVISION,False
4865,1,2025-07-18,5000,SUPERVISION,True
4866,1,2025-07-19,5000,SUPERVISION,True
4867,1,2025-07-19,1000,SIM,True
4868,1,2025-07-19,100,PASS,True
4869,1,2025-07-19,1000,SIM,True
4870,1,2025-07-20,100,PASS,True
4871,1,2025-07-20,100,PASS,False
4872,1,2025-07-21,100,PASS,False
4873,1,2025-07-21,5000,SUPERVISION,False
4874,1,2025-07-21,5000,SUPERVISION,True
4875,1,2025-07-21,5000,SUPERVISION,True
4876,1,2025-07-21,5000,SUPERVISION,False
4877,1,2025-07-22,5000,SUPERVISION,False
4878,1,2025-07-22,5000,SUPERVISION,False
4879,1,2025-07-22,100,PASS,False
4880,1,2025-07-23,5000,SUPERVISION,False
4881,1,2025-07-23,100,PASS,False
4882,1,2025-07-23,5000,SUPERVISION,False
4883,1,2025-07-23,5000,SUPERVISION,True
4884,1,2025-07-23,5000,SUPERVISION,True
4885,1,2025-07-23,5000,SUPERVISION,False
4886,1,2025-07-24,5000,SUPERVISION,False
4887,1,2025-07-24,5000,SUPERVISION,False
4888,1,2025-07-24,5000,SUPERVISION,False
4889,1,2025-07-24,1000,SIM,False
4890,1,2025-07-24,5000,SUPERVISION,False
4891,1,2025-07-24,1000,SIM,False
4892,1,2025-07-24,5000,SUPERVISION,False
4893,1,2025-07-25,1000,SIM,False
4894,1,2025-07-25,100,PASS,False
4895,1,2025-07-25,100,PASS,False
4896,1,2025-07-26,5000,SUPERVISION,False
4897,1,2025-07-26,5000,SUPERVISION,True
4898,1,2025-07-27,5000,SUPERVISION,True
4899,1,2025-07-27,5000,SUPERVISION,False
4900,1,2025-07-27,5000,SUPERVISION,False
4901,1,2025-07-27,5000,SUPERVISION,False
4902,1,2025-07-27,5000,SUPERVISION,False
4903,1,2025-07-27,1000,SIM,False
4904,1,2025-07-27,5000,SUPERVISION,False
4905,1,2025-07-27,5000,SUPERVISION,True
4906,1,2025-07-28,5000,SUPERVISION,True
4907,1,2025-07-28,5000,SUPERVISION,True
4908,1,2025-07-28,1000,SIM,True
4909,1,2025-07-28,1000,SIM,True
4910,1,2025-07-28,5000,SUPERVISION,True
4911,1,2025-07-28,5000,SUPERVISION,True
4912,1,2025-07-28,5000,SUPERVISION,True
4913,1,2025-07-29,5000,SUPERVISION,True
4914,1,2025-07-29,5000,SUPERVISION,False
4915,1,2025-07-29,5000,SUPERVISION,False
4916,1,2025-07-29,5000,SUPERVISION,False
4917,1,2025-07-29,5000,SUPERVISION,False
4918,1,2025-07-30,5000,SUPERVISION,False
4919,1,2025-07-30,5000,SUPERVISION,False
4920,1,2025-07-30,5000,SUPERVISION,False
4921,1,2025-07-31,1000,SIM,False
4922,1,2025-07-31,5000,SUPERVISION,False
4923,1,2025-07-31,5000,SUPERVISION,False
4924,1,2025-07-31,5000,SUPERVISION,True
4925,1,2025-07-31,5000,SUPERVISION,True
4926,1,2025-07-31,100,PASS,True
4927,1,2025-07-31,100,PASS,False
4928,1,2025-07-31,100,PASS,False
4929,1,2025-07-31,5000,SUPERVISION,False
4930,1,2025-08-01,1000,SIM,False
4931,1,2025-08-01,5000,SUPERVISION,False
4932,1,2025-08-01,5000,SUPERVISION,False
4933,1,2025-08-01,5000,SUPERVISION,False
4934,1,2025-08-01,1000,SIM,False
4935,1,2025-08-01,100,PASS,False
4936,1,2025-08-02,5000,SUPERVISION,False
4937,1,2025-08-02,1000,SIM,False
4938,1,2025-08-02,5000,SUPERVISION,False
4939,1,2025-08-02,5000,SUPERVISION,False
4940,1,2025-08-02,1000,SIM,False
4941,1,2025-08-03,1000,SIM,False
4942,1,2025-08-03,5000,SUPERVISION,False
4943,1,2025-08-03,5000,SUPERVISION,False
4944,1,2025-08-03,5000,SUPERVISION,False
4945,1,2025-08-04,1000,SIM,False
4946,1,2025-08-04,1000,SIM,False
4947,1,2025-08-04,1000,SIM,False
4948,1,2025-08-04,1000,SIM,False
4949,1,2025-08-04,1000,SIM,False
4950,1,2025-08-05,1000,SIM,False
4951,1,2025-08-05,1000,SIM,False
4952,1,2025-08-05,100,PASS,False
4953,1,2025-08-05,100,PASS,True
4954,1,2025-08-05,100,PASS,True
4955,1,2025-08-05,1000,SIM,True
4956,1,2025-08-05,5000,SUPERVISION,True
4957,1,2025-08-05,1000,SIM,True
4958,1,2025-08-06,5000,SUPERVISION,True
4959,1,2025-08-06,1000,SIM,True
4960,1,2025-08-06,1000,SIM,True
4961,1,2025-08-06,1000,SIM,True
4962,1,2025-08-06,1000,SIM,True
4963,1,2025-08-06,100,PASS,True
4964,1,2025-08-06,5000,SUPERVISION,True
4965,1,2025-08-07,5000,SUPERVISION,True
4966,1,2025-08-07,5000,SUPERVISION,True
4967,1,2025-08-07,5000,SUPERVISION,False
4968,1,2025-08-07,5000,SUPERVISION,False
4969,1,2025-08-07,1000,SIM,False
4970,1,2025-08-07,5000,SUPERVISION,False
4971,1,2025-08-08,100,PASS,False
4972,1,2025-08-08,5000,SUPERVISION,False
4973,1,2025-08-08,1000,SIM,False
4974,1,2025-08-08,5000,SUPERVISION,False
4975,1,2025-08-08,5000,SUPERVISION,False
4976,1,2025-08-09,5000,SUPERVISION,False
4977,1,2025-08-09,5000,SUPERVISION,False
4978,1,2025-08-09,5000,SUPERVISION,False
4979,1,2025-08-09,5000,SUPERVISION,False
4980,1,2025-08-10,5000,SUPERVISION,False
4981,1,2025-08-10,1000,SIM,False
4982,1,2025-08-10,100,PASS,False
4983,1,2025-08-10,100,PASS,True
4984,1,2025-08-10,100,PASS,True
4985,1,2025-08-10,5000,SUPERVISION,True
4986,1,2025-08-10,5000,SUPERVISION,True
4987,1,2025-08-10,100,PASS,True
4988,1,2025-08-10,100,PASS,True
4989,1,2025-08-11,5000,SUPERVISION,True
4990,1,2025-08-11,5000,SUPERVISION,True
4991,1,2025-08-11,1000,SIM,True
4992,1,2025-08-12,5000,SUPERVISION,True
4993,1,2025-08-12,5000,SUPERVISION,True
4994,1,2025-08-12,5000,SUPERVISION,False
4995,1,2025-08-12,5000,SUPERVISION,False
4996,1,2025-08-12,5000,SUPERVISION,False
4997,1,2025-08-13,5000,SUPERVISION,False
4998,1,2025-08-13,5000,SUPERVISION,True
4999,1,2025-08-14,5000,SUPERVISION,True
5000,1,2025-08-14,5000,SUPERVISION,False
5001,1,2025-08-14,5000,SUPERVISION,False
5002,1,2025-08-14,5000,SUPERVISION,True
5003,1,2025-08-14,5000,SUPERVISION,True
5004,1,2025-08-14,5000,SUPERVISION,True
5005,1,2025-08-15,5000,SUPERVISION,True
5006,1,2025-08-15,5000,SUPERVISION,True
5007,1,2025-08-15,5000,SUPERVISION,True
5008,1,2025-08-15,5000,SUPERVISION,True
5009,1,2025-08-15,5000,SUPERVISION,True
5010,1,2025-08-15,1000,SIM,True
5011,1,2025-08-15,100,PASS,True
5012,1,2025-08-16,5000,SUPERVISION,True
5013,1,2025-08-16,5000,SUPERVISION,False
5014,1,2025-08-16,5000,SUPERVISION,False
5015,1,2025-08-17,5000,SUPERVISION,False
5016,1,2025-08-17,5000,SUPERVISION,False
5017,1,2025-08-17,5000,SUPERVISION,True
5018,1,2025-08-17,5000,SUPERVISION,True
5019,1,2025-08-17,5000,SUPERVISION,True
5020,1,2025-08-18,5000,SUPERVISION,True
5021,1,2025-08-18,5000,SUPERVISION,False
5022,1,2025-08-18,5000,SUPERVISION,False
5023,1,2025-08-19,1000,SIM,False
5024,1,2025-08-19,5000,SUPERVISION,False
5025,1,2025-08-19,5000,SUPERVISION,True
5026,1,2025-08-19,5000,SUPERVISION,True
5027,1,2025-08-19,1000,SIM,True
5028,1,2025-08-20,5000,SUPERVISION,True
5029,1,2025-08-20,100,PASS,True
5030,1,2025-08-20,100,PASS,False
5031,1,2025-08-20,100,PASS,False
5032,1,2025-08-20,5000,SUPERVISION,False
5033,1,2025-08-20,1000,SIM,False
5034,1,2025-08-20,1000,SIM,True
5035,1,2025-08-21,1000,SIM,True
5036,1,2025-08-21,100,PASS,True
5037,1,2025-08-21,5000,SUPERVISION,True
5038,1,2025-08-22,1000,SIM,True
5039,1,2025-08-22,100,PASS,True
5040,1,2025-08-22,5000,SUPERVISION,True
5041,1,2025-08-23,5000,SUPERVISION,True
5042,1,2025-08-23,100,PASS,True
5043,1,2025-08-23,5000,SUPERVISION,True
5044,1,2025-08-23,5000,SUPERVISION,True
5045,1,2025-08-23,1000,SIM,True
5046,1,2025-08-23,100,PASS,True
5047,1,2025-08-23,100,PASS,True
5048,1,2025-08-24,5000,SUPERVISION,True
5049,1,2025-08-24,5000,SUPERVISION,True
5050,1,2025-08-24,1000,SIM,True
5051,1,2025-08-24,1000,SIM,True
5052,1,2025-08-24,100,PASS,True
5053,1,2025-08-24,5000,SUPERVISION,True
5054,1,2025-08-24,5000,SUPERVISION,False
5055,1,2025-08-25,5000,SUPERVISION,False
5056,1,2025-08-25,1000,SIM,False
5057,1,2025-08-25,1000,SIM,False
5058,1,2025-08-26,100,PASS,False
5059,1,2025-08-26,5000,SUPERVISION,False
5060,1,2025-08-26,5000,SUPERVISION,True
5061,1,2025-08-26,5000,SUPERVISION,True
5062,1,2025-08-26,5000,SUPERVISION,True
5063,1,2025-08-27,5000,SUPERVISION,True
5064,1,2025-08-27,5000,SUPERVISION,True
5065,1,2025-08-27,1000,SIM,True
5066,1,2025-08-27,1000,SIM,True
5067,1,2025-08-27,100,PASS,True
5068,1,2025-08-27,5000,SUPERVISION,True
5069,1,2025-08-28,5000,SUPERVISION,True
5070,1,2025-08-28,5000,SUPERVISION,True
5071,1,2025-08-28,5000,SUPERVISION,True
5072,1,2025-08-28,1000,SIM,True
5073,1,2025-08-28,100,PASS,True
5074,1,2025-08-29,5000,SUPERVISION,True
5075,1,2025-08-29,100,PASS,True
5076,1,2025-08-29,1000,SIM,True
5077,1,2025-08-29,5000,SUPERVISION,True
5078,1,2025-08-29,100,PASS,True
5079,1,2025-08-29,100,PASS,False
5080,1,2025-08-30,100,PASS,False
5081,1,2025-08-30,5000,SUPERVISION,False
5082,1,2025-08-30,5000,SUPERVISION,True
5083,1,2025-08-30,5000,SUPERVISION,True
5084,1,2025-08-31,5000,SUPERVISION,True
5085,1,2025-08-31,1000,SIM,True
5086,1,2025-08-31,100,PASS,True
5087,1,2025-08-31,5000,SUPERVISION,True
5088,1,2025-08-31,5000,SUPERVISION,True
5089,1,2025-08-31,5000,SUPERVISION,True
5090,1,2025-09-01,5000,SUPERVISION,True
5091,1,2025-09-01,1000,SIM,True
5092,1,2025-09-01,5000,SUPERVISION,True
5093,1,2025-09-01,5000,SUPERVISION,True
5094,1,2025-09-01,5000,SUPERVISION,False
5095,1,2025-09-01,5000,SUPERVISION,False
5096,1,2025-09-01,100,PASS,False
5097,1,2025-09-02,5000,SUPERVISION,False
5098,1,2025-09-02,5000,SUPERVISION,True
5099,1,2025-09-02,5000,SUPERVISION,True
5100,1,2025-09-02,5000,SUPERVISION,True
5101,1,2025-09-02,5000,SUPERVISION,True
5102,1,2025-09-03,5000,SUPERVISION,True
5103,1,2025-09-03,5000,SUPERVISION,True
5104,1,2025-09-03,5000,SUPERVISION,True
5105,1,2025-09-03,1000,SIM,True
5106,1,2025-09-03,1000,SIM,True
5107,1,2025-09-03,5000,SUPERVISION,True
5108,1,2025-09-03,5000,SUPERVISION,False
5109,1,2025-09-04,5000,SUPERVISION,False
5110,1,2025-09-04,5000,SUPERVISION,True
5111,1,2025-09-04,5000,SUPERVISION,True
5112,1,2025-09-05,1000,SIM,True
5113,1,2025-09-05,100,PASS,True
5114,1,2025-09-05,100,PASS,False
5115,1,2025-09-05,100,PASS,False
5116,1,2025-09-05,5000,SUPERVISION,False
5117,1,2025-09-06,100,PASS,False
5118,1,2025-09-06,100,PASS,True
5119,1,2025-09-06,100,PASS,True
5120,1,2025-09-07,5000,SUPERVISION,True
5121,1,2025-09-07,5000,SUPERVISION,True
5122,1,2025-09-07,5000,SUPERVISION,True
5123,1,2025-09-07,5000,SUPERVISION,True
5124,1,2025-09-07,5000,SUPERVISION,True
5125,1,2025-09-07,1000,SIM,True
5126,1,2025-09-07,1000,SIM,True
5127,1,2025-09-08,100,PASS,True
5128,1,2025-09-08,1000,SIM,True
5129,1,2025-09-08,5000,SUPERVISION,True
5130,1,2025-09-08,5000,SUPERVISION,False
5131,1,2025-09-08,5000,SUPERVISION,False
5132,1,2025-09-08,5000,SUPERVISION,False
5133,1,2025-09-08,100,PASS,False
5134,1,2025-09-09,5000,SUPERVISION,False
5135,1,2025-09-09,1000,SIM,False
5136,1,2025-09-09,5000,SUPERVISION,False
5137,1,2025-09-09,5000,SUPERVISION,True
5138,1,2025-09-09,5000,SUPERVISION,True
5139,1,2025-09-09,5000,SUPERVISION,True
5140,1,2025-09-10,5000,SUPERVISION,True
5141,1,2025-09-10,5000,SUPERVISION,False
5142,1,2025-09-10,5000,SUPERVISION,False
5143,1,2025-09-10,5000,SUPERVISION,False
5144,1,2025-09-10,5000,SUPERVISION,False
5145,1,2025-09-10,5000,SUPERVISION,False
5146,1,2025-09-10,5000,SUPERVISION,False
5147,1,2025-09-11,5000,SUPERVISION,False
5148,1,2025-09-11,1000,SIM,False
5149,1,2025-09-11,5000,SUPERVISION,False
5150,1,2025-09-11,5000,SUPERVISION,False
5151,1,2025-09-11,5000,SUPERVISION,False
5152,1,2025-09-11,1000,SIM,False
5153,1,2025-09-11,1000,SIM,False
5154,1,2025-09-12,1000,SIM,False
5155,1,2025-09-12,1000,SIM,False
5156,1,2025-09-12,100,PASS,False
5157,1,2025-09-12,100,PASS,False
5158,1,2025-09-12,5000,SUPERVISION,False
5159,1,2025-09-13,100,PASS,False
5160,1,2025-09-13,5000,SUPERVISION,False
5161,1,2025-09-13,1000,SIM,False
5162,1,2025-09-13,5000,SUPERVISION,False
5163,1,2025-09-14,100,PASS,False
5164,1,2025-09-14,100,PASS,False
5165,1,2025-09-14,1000,SIM,False
5166,1,2025-09-14,100,PASS,False
5167,1,2025-09-14,5000,SUPERVISION,False
5168,1,2025-09-15,5000,SUPERVISION,True
5169,1,2025-09-15,5000,SUPERVISION,True
5170,1,2025-09-15,5000,SUPERVISION,False
5171,1,2025-09-15,5000,SUPERVISION,False
5172,1,2025-09-15,5000,SUPERVISION,False
5173,1,2025-09-15,100,PASS,False
5174,1,2025-09-15,5000,SUPERVISION,False
5175,1,2025-09-15,5000,SUPERVISION,False
5176,1,2025-09-15,5000,SUPERVISION,True
5177,1,2025-09-16,5000,SUPERVISION,True
5178,1,2025-09-16,1000,SIM,True
5179,1,2025-09-16,5000,SUPERVISION,True
5180,1,2025-09-16,1000,SIM,True
5181,1,2025-09-16,1000,SIM,True
5182,1,2025-09-16,100,PASS,True
5183,1,2025-09-16,100,PASS,True
5184,1,2025-09-16,5000,SUPERVISION,True
5185,1,2025-09-16,100,PASS,True
5186,1,2025-09-17,5000,SUPERVISION,True
5187,1,2025-09-17,5000,SUPERVISION,True
5188,1,2025-09-18,5000,SUPERVISION,True
5189,1,2025-09-18,100,PASS,True
5190,1,2025-09-18,5000,SUPERVISION,True
5191,1,2025-09-18,5000,SUPERVISION,True
5192,1,2025-09-19,5000,SUPERVISION,True
5193,1,2025-09-19,5000,SUPERVISION,True
5194,1,2025-09-19,1000,SIM,True
5195,1,2025-09-19,1000,SIM,False
5196,1,2025-09-19,1000,SIM,False
5197,1,2025-09-19,1000,SIM,False
5198,1,2025-09-19,1000,SIM,True
5199,1,2025-09-20,1000,SIM,True
5200,1,2025-09-20,100,PASS,True
5201,1,2025-09-20,5000,SUPERVISION,True
5202,1,2025-09-20,5000,SUPERVISION,True
5203,1,2025-09-20,5000,SUPERVISION,True
5204,1,2025-09-20,5000,SUPERVISION,True
5205,1,2025-09-21,1000,SIM,True
5206,1,2025-09-21,1000,SIM,True
5207,1,2025-09-21,5000,SUPERVISION,True
5208,1,2025-09-21,5000,SUPERVISION,True
5209,1,2025-09-21,5000,SUPERVISION,False
5210,1,2025-09-22,5000,SUPERVISION,False
5211,1,2025-09-22,5000,SUPERVISION,True
5212,1,2025-09-22,5000,SUPERVISION,True
5213,1,2025-09-22,5000,SUPERVISION,False
5214,1,2025-09-22,5000,SUPERVISION,False
5215,1,2025-09-23,1000,SIM,False
5216,1,2025-09-23,5000,SUPERVISION,False
5217,1,2025-09-23,5000,SUPERVISION,False
5218,1,2025-09-23,5000,SUPERVISION,False
5219,1,2025-09-23,5000,SUPERVISION,True
5220,1,2025-09-24,5000,SUPERVISION,True
5221,1,2025-09-24,5000,SUPERVISION,True
5222,1,2025-09-24,5000,SUPERVISION,True
5223,1,2025-09-24,5000,SUPERVISION,False
5224,1,2025-09-25,5000,SUPERVISION,False
5225,1,2025-09-25,1000,SIM,False
5226,1,2025-09-25,5000,SUPERVISION,False
5227,1,2025-09-26,5000,SUPERVISION,False
5228,1,2025-09-26,5000,SUPERVISION,False
5229,1,2025-09-27,5000,SUPERVISION,False
5230,1,2025-09-27,100,PASS,False
5231,1,2025-09-27,5000,SUPERVISION,False
5232,1,2025-09-27,5000,SUPERVISION,False
5233,1,2025-09-28,1000,SIM,False
5234,1,2025-09-28,1000,SIM,True
5235,1,2025-09-29,1000,SIM,True
5236,1,2025-09-29,5000,SUPERVISION,True
5237,1,2025-09-29,5000,SUPERVISION,True
5238,1,2025-09-29,1000,SIM,True
5239,1,2025-09-29,5000,SUPERVISION,True
5240,1,2025-09-29,100,PASS,True
5241,1,2025-09-29,5000,SUPERVISION,True
5242,1,2025-09-30,5000,SUPERVISION,True
5243,1,2025-09-30,100,PASS,True
5244,1,2025-09-30,5000,SUPERVISION,True
5245,1,2025-09-30,1000,SIM,True
5246,1,2025-09-30,5000,SUPERVISION,True
5247,1,2025-09-30,5000,SUPERVISION,True
5248,1,2025-10-01,5000,SUPERVISION,True
5249,1,2025-10-01,1000,SIM,True
5250,1,2025-10-01,1000,SIM,True
5251,1,2025-10-01,100,PASS,True
5252,1,2025-10-01,5000,SUPERVISION,True
5253,1,2025-10-01,5000,SUPERVISION,False
5254,1,2025-10-01,5000,SUPERVISION,False
5255,1,2025-10-01,1000,SIM,False
5256,1,2025-10-02,100,PASS,False
5257,1,2025-10-02,5000,SUPERVISION,False
5258,1,2025-10-02,5000,SUPERVISION,True
5259,1,2025-10-02,5000,SUPERVISION,True
5260,1,2025-10-02,1000,SIM,True
5261,1,2025-10-02,1000,SIM,True
5262,1,2025-10-02,1000,SIM,True
5263,1,2025-10-02,100,PASS,True
5264,1,2025-10-02,5000,SUPERVISION,True
5265,1,2025-10-03,5000,SUPERVISION,True
5266,1,2025-10-03,5000,SUPERVISION,True
5267,1,2025-10-03,5000,SUPERVISION,True
5268,1,2025-10-03,5000,SUPERVISION,False
5269,1,2025-10-04,5000,SUPERVISION,False
5270,1,2025-10-04,5000,SUPERVISION,False
5271,1,2025-10-04,1000,SIM,False
5272,1,2025-10-04,1000,SIM,True
5273,1,2025-10-04,1000,SIM,True
5274,1,2025-10-05,5000,SUPERVISION,True
5275,1,2025-10-05,5000,SUPERVISION,False
5276,1,2025-10-05,5000,SUPERVISION,False
5277,1,2025-10-05,100,PASS,False
5278,1,2025-10-05,5000,SUPERVISION,False
5279,1,2025-10-05,1000,SIM,False
5280,1,2025-10-05,100,PASS,False
5281,1,2025-10-05,5000,SUPERVISION,False
5282,1,2025-10-06,5000,SUPERVISION,True
5283,1,2025-10-06,5000,SUPERVISION,True
5284,1,2025-10-06,1000,SIM,True
5285,1,2025-10-06,1000,SIM,False
5286,1,2025-10-06,1000,SIM,False
5287,1,2025-10-06,1000,SIM,True
5288,1,2025-10-06,1000,SIM,True
5289,1,2025-10-06,100,PASS,True
5290,1,2025-10-06,100,PASS,True
5291,1,2025-10-06,1000,SIM,True
5292,1,2025-10-07,5000,SUPERVISION,True
5293,1,2025-10-07,5000,SUPERVISION,True
5294,1,2025-10-07,5000,SUPERVISION,True
5295,1,2025-10-07,5000,SUPERVISION,True
5296,1,2025-10-07,5000,SUPERVISION,True
5297,1,2025-10-07,5000,SUPERVISION,True
5298,1,2025-10-07,5000,SUPERVISION,True
5299,1,2025-10-08,5000,SUPERVISION,False
5300,1,2025-10-08,5000,SUPERVISION,False
5301,1,2025-10-08,5000,SUPERVISION,True
5302,1,2025-10-08,5000,SUPERVISION,True
5303,1,2025-10-08,1000,SIM,True
5304,1,2025-10-08,100,PASS,True
5305,1,2025-10-08,100,PASS,True
5306,1,2025-10-08,100,PASS,True
5307,1,2025-10-08,5000,SUPERVISION,True
5308,1,2025-10-09,5000,SUPERVISION,True
5309,1,2025-10-09,5000,SUPERVISION,True
5310,1,2025-10-09,5000,SUPERVISION,False
5311,1,2025-10-09,5000,SUPERVISION,False
5312,1,2025-10-09,5000,SUPERVISION,True
5313,1,2025-10-09,5000,SUPERVISION,True
5314,1,2025-10-10,5000,SUPERVISION,True
5315,1,2025-10-10,5000,SUPERVISION,True
5316,1,2025-10-10,1000,SIM,True
5317,1,2025-10-10,100,PASS,True
5318,1,2025-10-10,5000,SUPERVISION,True
5319,1,2025-10-10,1000,SIM,True
5320,1,2025-10-10,1000,SIM,True
5321,1,2025-10-10,100,PASS,True
5322,1,2025-10-11,100,PASS,True
5323,1,2025-10-11,100,PASS,True
5324,1,2025-10-11,100,PASS,True
5325,1,2025-10-11,5000,SUPERVISION,True
5326,1,2025-10-12,1000,SIM,True
5327,1,2025-10-12,1000,SIM,False
5328,1,2025-10-12,1000,SIM,False
5329,1,2025-10-12,5000,SUPERVISION,False
5330,1,2025-10-12,1000,SIM,False
5331,1,2025-10-12,100,PASS,False
5332,1,2025-10-12,5000,SUPERVISION,False
5333,1,2025-10-13,5000,SUPERVISION,False
5334,1,2025-10-13,5000,SUPERVISION,True
5335,1,2025-10-13,5000,SUPERVISION,True
5336,1,2025-10-13,5000,SUPERVISION,True
5337,1,2025-10-13,100,PASS,True
5338,1,2025-10-14,5000,SUPERVISION,True
5339,1,2025-10-14,1000,SIM,True
5340,1,2025-10-14,5000,SUPERVISION,True
5341,1,2025-10-14,5000,SUPERVISION,True
5342,1,2025-10-15,5000,SUPERVISION,True
5343,1,2025-10-15,5000,SUPERVISION,True
5344,1,2025-10-15,100,PASS,True
5345,1,2025-10-15,5000,SUPERVISION,True
5346,1,2025-10-15,100,PASS,True
5347,1,2025-10-15,100,PASS,True
5348,1,2025-10-16,5000,SUPERVISION,True
5349,1,2025-10-16,5000,SUPERVISION,True
5350,1,2025-10-16,5000,SUPERVISION,False
5351,1,2025-10-16,5000,SUPERVISION,False
5352,1,2025-10-16,5000,SUPERVISION,False
5353,1,2025-10-16,5000,SUPERVISION,False
5354,1,2025-10-16,5000,SUPERVISION,False
5355,1,2025-10-16,5000,SUPERVISION,False
5356,1,2025-10-16,1000,SIM,False
5357,1,2025-10-17,1000,SIM,False
5358,1,2025-10-17,1000,SIM,False
5359,1,2025-10-17,5000,SUPERVISION,False
5360,1,2025-10-17,5000,SUPERVISION,False
5361,1,2025-10-17,5000,SUPERVISION,False
5362,1,2025-10-17,5000,SUPERVISION,False
5363,1,2025-10-17,5000,SUPERVISION,True
5364,1,2025-10-17,5000,SUPERVISION,True
5365,1,2025-10-18,100,PASS,True
5366,1,2025-10-18,1000,SIM,True
5367,1,2025-10-18,100,PASS,True
5368,1,2025-10-19,5000,SUPERVISION,True
5369,1,2025-10-19,100,PASS,True
5370,1,2025-10-19,5000,SUPERVISION,True
5371,1,2025-10-19,5000,SUPERVISION,True
5372,1,2025-10-19,5000,SUPERVISION,True
5373,1,2025-10-19,1000,SIM,True
5374,1,2025-10-19,1000,SIM,False
5375,1,2025-10-19,1000,SIM,False
5376,1,2025-10-19,1000,SIM,False
5377,1,2025-10-20,1000,SIM,False
5378,1,2025-10-20,100,PASS,False
5379,1,2025-10-20,5000,SUPERVISION,False
5380,1,2025-10-20,1000,SIM,False
5381,1,2025-10-20,5000,SUPERVISION,False
5382,1,2025-10-21,5000,SUPERVISION,False
5383,1,2025-10-21,5000,SUPERVISION,False
5384,1,2025-10-21,5000,SUPERVISION,False
5385,1,2025-10-21,5000,SUPERVISION,False
5386,1,2025-10-21,5000,SUPERVISION,False
5387,1,2025-10-21,5000,SUPERVISION,False
5388,1,2025-10-22,5000,SUPERVISION,False
5389,1,2025-10-22,5000,SUPERVISION,False
5390,1,2025-10-22,1000,SIM,False
5391,1,2025-10-22,100,PASS,False
5392,1,2025-10-22,1000,SIM,False
5393,1,2025-10-23,100,PASS,False
5394,1,2025-10-23,5000,SUPERVISION,False
5395,1,2025-10-23,100,PASS,False
5396,1,2025-10-23,100,PASS,True
5397,1,2025-10-24,100,PASS,True
5398,1,2025-10-24,5000,SUPERVISION,True
5399,1,2025-10-24,1000,SIM,True
5400,1,2025-10-24,1000,SIM,True
5401,1,2025-10-25,100,PASS,True
5402,1,2025-10-25,100,PASS,False
5403,1,2025-10-26,100,PASS,False
5404,1,2025-10-26,5000,SUPERVISION,False
5405,1,2025-10-26,5000,SUPERVISION,False
5406,1,2025-10-26,5000,SUPERVISION,True
5407,1,2025-10-26,5000,SUPERVISION,True
5408,1,2025-10-26,100,PASS,True
5409,1,2025-10-27,100,PASS,False
5410,1,2025-10-27,100,PASS,False
5411,1,2025-10-27,5000,SUPERVISION,False
5412,1,2025-10-27,1000,SIM,False
5413,1,2025-10-28,100,PASS,False
5414,1,2025-10-28,100,PASS,False
5415,1,2025-10-28,1000,SIM,False
5416,1,2025-10-29,1000,SIM,False
5417,1,2025-10-29,1000,SIM,False
5418,1,2025-10-29,1000,SIM,False
5419,1,2025-10-30,5000,SUPERVISION,False
5420,1,2025-10-30,100,PASS,False
5421,1,2025-10-30,5000,SUPERVISION,False
5422,1,2025-10-30,5000,SUPERVISION,True
5423,1,2025-10-30,5000,SUPERVISION,True
5424,1,2025-10-30,5000,SUPERVISION,False
5425,1,2025-10-31,5000,SUPERVISION,False
5426,1,2025-10-31,1000,SIM,False
5427,1,2025-10-31,1000,SIM,False
5428,1,2025-10-31,5000,SUPERVISION,False
5429,1,2025-10-31,100,PASS,False
5430,1,2025-10-31,5000,SUPERVISION,False
5431,1,2025-10-31,5000,SUPERVISION,False
5432,1,2025-11-01,5000,SUPERVISION,True
5433,1,2025-11-01,5000,SUPERVISION,True
5434,1,2025-11-01,5000,SUPERVISION,True
5435,1,2025-11-01,5000,SUPERVISION,True
5436,1,2025-11-01,5000,SUPERVISION,False
5437,1,2025-11-02,5000,SUPERVISION,False
5438,1,2025-11-02,5000,SUPERVISION,True
5439,1,2025-11-02,5000,SUPERVISION,True
5440,1,2025-11-02,1000,SIM,True
5441,1,2025-11-02,1000,SIM,True
5442,1,2025-11-02,1000,SIM,True
5443,1,2025-11-03,1000,SIM,True
5444,1,2025-11-03,1000,SIM,True
5445,1,2025-11-04,100,PASS,True
5446,1,2025-11-04,100,PASS,True
5447,1,2025-11-04,5000,SUPERVISION,True
5448,1,2025-11-05,5000,SUPERVISION,True
5449,1,2025-11-05,5000,SUPERVISION,True
5450,1,2025-11-05,5000,SUPERVISION,True
5451,1,2025-11-05,100,PASS,True
5452,1,2025-11-05,5000,SUPERVISION,True
5453,1,2025-11-05,5000,SUPERVISION,False
5454,1,2025-11-05,5000,SUPERVISION,False
5455,1,2025-11-06,5000,SUPERVISION,False
5456,1,2025-11-06,5000,SUPERVISION,True
5457,1,2025-11-06,5000,SUPERVISION,True
5458,1,2025-11-06,5000,SUPERVISION,False
5459,1,2025-11-06,5000,SUPERVISION,False
5460,1,2025-11-07,5000,SUPERVISION,True
5461,1,2025-11-07,5000,SUPERVISION,True
5462,1,2025-11-07,100,PASS,True
5463,1,2025-11-08,100,PASS,True
5464,1,2025-11-08,1000,SIM,True
5465,1,2025-11-08,100,PASS,True
5466,1,2025-11-08,5000,SUPERVISION,True
5467,1,2025-11-08,5000,SUPERVISION,True
5468,1,2025-11-09,5000,SUPERVISION,True
5469,1,2025-11-09,5000,SUPERVISION,True
5470,1,2025-11-10,5000,SUPERVISION,True
5471,1,2025-11-10,5000,SUPERVISION,True
5472,1,2025-11-10,1000,SIM,True
5473,1,2025-11-10,100,PASS,True
5474,1,2025-11-10,1000,SIM,True
5475,1,2025-11-10,100,PASS,True
5476,1,2025-11-10,1000,SIM,True
5477,1,2025-11-11,5000,SUPERVISION,True
5478,1,2025-11-11,5000,SUPERVISION,True
5479,1,2025-11-11,5000,SUPERVISION,True
5480,1,2025-11-11,5000,SUPERVISION,True
5481,1,2025-11-11,5000,SUPERVISION,True
5482,1,2025-11-11,5000,SUPERVISION,True
5483,1,2025-11-11,5000,SUPERVISION,True
5484,1,2025-11-12,5000,SUPERVISION,True
5485,1,2025-11-13,5000,SUPERVISION,True
5486,1,2025-11-13,5000,SUPERVISION,True
5487,1,2025-11-13,5000,SUPERVISION,True
5488,1,2025-11-13,1000,SIM,True
5489,1,2025-11-13,100,PASS,True
5490,1,2025-11-13,100,PASS,False
5491,1,2025-11-13,100,PASS,False
5492,1,2025-11-13,5000,SUPERVISION,False
5493,1,2025-11-14,100,PASS,False
5494,1,2025-11-14,100,PASS,False
5495,1,2025-11-14,1000,SIM,False
5496,1,2025-11-14,1000,SIM,False
5497,1,2025-11-14,1000,SIM,True
5498,1,2025-11-15,1000,SIM,True
5499,1,2025-11-16,100,PASS,True
5500,1,2025-11-16,100,PASS,True
5501,1,2025-11-16,100,PASS,True
5502,1,2025-11-16,5000,SUPERVISION,True
5503,1,2025-11-17,5000,SUPERVISION,True
5504,1,2025-11-17,5000,SUPERVISION,False
5505,1,2025-11-17,5000,SUPERVISION,False
5506,1,2025-11-17,5000,SUPERVISION,False
5507,1,2025-11-17,5000,SUPERVISION,True
5508,1,2025-11-17,5000,SUPERVISION,True
5509,1,2025-11-17,5000,SUPERVISION,True
5510,1,2025-11-17,5000,SUPERVISION,True
5511,1,2025-11-18,1000,SIM,True
5512,1,2025-11-18,1000,SIM,True
5513,1,2025-11-18,1000,SIM,True
5514,1,2025-11-18,100,PASS,True
5515,1,2025-11-18,100,PASS,True
5516,1,2025-11-19,5000,SUPERVISION,True
5517,1,2025-11-19,5000,SUPERVISION,True
5518,1,2025-11-19,5000,SUPERVISION,True
5519,1,2025-11-19,5000,SUPERVISION,True
5520,1,2025-11-19,5000,SUPERVISION,True
5521,1,2025-11-20,5000,SUPERVISION,True
5522,1,2025-11-20,5000,SUPERVISION,True
5523,1,2025-11-20,100,PASS,True
5524,1,2025-11-20,100,PASS,True
5525,1,2025-11-20,100,PASS,True
5526,1,2025-11-20,5000,SUPERVISION,True
5527,1,2025-11-20,1000,SIM,True
5528,1,2025-11-20,5000,SUPERVISION,True
5529,1,2025-11-20,1000,SIM,True
5530,1,2025-11-21,5000,SUPERVISION,True
5531,1,2025-11-21,5000,SUPERVISION,False
5532,1,2025-11-21,5000,SUPERVISION,False
5533,1,2025-11-21,1000,SIM,False
5534,1,2025-11-21,5000,SUPERVISION,False
5535,1,2025-11-21,5000,SUPERVISION,False
5536,1,2025-11-21,5000,SUPERVISION,True
5537,1,2025-11-21,5000,SUPERVISION,True
5538,1,2025-11-21,5000,SUPERVISION,False
5539,1,2025-11-22,5000,SUPERVISION,False
5540,1,2025-11-22,1000,SIM,False
5541,1,2025-11-22,1000,SIM,False
5542,1,2025-11-22,100,PASS,False
5543,1,2025-11-23,5000,SUPERVISION,False
5544,1,2025-11-23,1000,SIM,False
5545,1,2025-11-23,5000,SUPERVISION,False
5546,1,2025-11-23,100,PASS,False
5547,1,2025-11-24,100,PASS,True
5548,1,2025-11-24,100,PASS,True
5549,1,2025-11-24,5000,SUPERVISION,True
5550,1,2025-11-24,5000,SUPERVISION,True
5551,1,2025-11-24,5000,SUPERVISION,True
5552,1,2025-11-25,5000,SUPERVISION,False
5553,1,2025-11-25,5000,SUPERVISION,False
5554,1,2025-11-25,5000,SUPERVISION,False
5555,1,2025-11-25,5000,SUPERVISION,True
5556,1,2025-11-25,5000,SUPERVISION,True
5557,1,2025-11-25,1000,SIM,True
5558,1,2025-11-25,5000,SUPERVISION,True
5559,1,2025-11-25,5000,SUPERVISION,False
5560,1,2025-11-25,5000,SUPERVISION,False
5561,1,2025-11-25,5000,SUPERVISION,False
5562,1,2025-11-26,1000,SIM,False
5563,1,2025-11-26,1000,SIM,True
5564,1,2025-11-26,1000,SIM,True
5565,1,2025-11-26,1000,SIM,True
5566,1,2025-11-26,1000,SIM,True
5567,1,2025-11-26,5000,SUPERVISION,True
5568,1,2025-11-27,100,PASS,True
5569,1,2025-11-27,5000,SUPERVISION,True
5570,1,2025-11-28,5000,SUPERVISION,True
5571,1,2025-11-28,5000,SUPERVISION,True
5572,1,2025-11-28,5000,SUPERVISION,True
5573,1,2025-11-28,100,PASS,True
5574,1,2025-11-28,100,PASS,False
5575,1,2025-11-29,100,PASS,False
5576,1,2025-11-29,5000,SUPERVISION,False
5577,1,2025-11-29,1000,SIM,False
5578,1,2025-11-29,100,PASS,False
5579,1,2025-11-29,5000,SUPERVISION,False
5580,1,2025-11-29,5000,SUPERVISION,False
5581,1,2025-11-29,1000,SIM,False
5582,1,2025-11-29,5000,SUPERVISION,False
5583,1,2025-11-29,5000,SUPERVISION,False
5584,1,2025-11-29,1000,SIM,False
5585,1,2025-11-30,1000,SIM,False
5586,1,2025-11-30,5000,SUPERVISION,False
5587,1,2025-11-30,5000,SUPERVISION,True
5588,1,2025-11-30,5000,SUPERVISION,True
5589,1,2025-11-30,5000,SUPERVISION,True
5590,1,2025-11-30,1000,SIM,True
5591,1,2025-12-01,5000,SUPERVISION,True
5592,1,2025-12-01,1000,SIM,True
5593,1,2025-12-01,5000,SUPERVISION,True
5594,1,2025-12-01,5000,SUPERVISION,True
5595,1,2025-12-01,1000,SIM,True
5596,1,2025-12-01,1000,SIM,True
5597,1,2025-12-01,1000,SIM,True
5598,1,2025-12-02,5000,SUPERVISION,True
5599,1,2025-12-02,5000,SUPERVISION,True
5600,1,2025-12-02,5000,SUPERVISION,False
5601,1,2025-12-02,5000,SUPERVISION,False
5602,1,2025-12-03,5000,SUPERVISION,False
5603,1,2025-12-03,5000,SUPERVISION,True
5604,1,2025-12-03,5000,SUPERVISION,True
5605,1,2025-12-03,5000,SUPERVISION,False
5606,1,2025-12-03,5000,SUPERVISION,False
5607,1,2025-12-04,100,PASS,False
5608,1,2025-12-04,1000,SIM,False
5609,1,2025-12-04,5000,SUPERVISION,False
5610,1,2025-12-04,5000,SUPERVISION,False
5611,1,2025-12-05,100,PASS,False
5612,1,2025-12-05,5000,SUPERVISION,False
5613,1,2025-12-05,5000,SUPERVISION,False
5614,1,2025-12-05,5000,SUPERVISION,False
5615,1,2025-12-06,5000,SUPERVISION,False
5616,1,2025-12-06,5000,SUPERVISION,True
5617,1,2025-12-06,5000,SUPERVISION,True
5618,1,2025-12-07,5000,SUPERVISION,True
5619,1,2025-12-07,5000,SUPERVISION,True
5620,1,2025-12-07,5000,SUPERVISION,True
5621,1,2025-12-08,5000,SUPERVISION,True
5622,1,2025-12-08,5000,SUPERVISION,False
5623,1,2025-12-08,5000,SUPERVISION,False
5624,1,2025-12-08,5000,SUPERVISION,True
5625,1,2025-12-08,5000,SUPERVISION,True
5626,1,2025-12-08,5000,SUPERVISION,True
5627,1,2025-12-09,5000,SUPERVISION,False
5628,1,2025-12-09,5000,SUPERVISION,False
5629,1,2025-12-09,5000,SUPERVISION,False
5630,1,2025-12-09,5000,SUPERVISION,True
5631,1,2025-12-09,5000,SUPERVISION,True
5632,1,2025-12-09,5000,SUPERVISION,True
5633,1,2025-12-11,5000,SUPERVISION,False
5634,1,2025-12-11,5000,SUPERVISION,False
5635,1,2025-12-11,5000,SUPERVISION,False
5636,1,2025-12-11,5000,SUPERVISION,False
5637,1,2025-12-12,100,PASS,False
5638,1,2025-12-12,5000,SUPERVISION,False
5639,1,2025-12-12,1000,SIM,False
5640,1,2025-12-12,100,PASS,False
5641,1,2025-12-13,5000,SUPERVISION,False
5642,1,2025-12-13,5000,SUPERVISION,True
5643,1,2025-12-13,5000,SUPERVISION,True
5644,1,2025-12-13,100,PASS,True
5645,1,2025-12-13,5000,SUPERVISION,True
5646,1,2025-12-13,5000,SUPERVISION,True
5647,1,2025-12-13,5000,SUPERVISION,True
5648,1,2025-12-13,5000,SUPERVISION,False
5649,1,2025-12-14,5000,SUPERVISION,False
5650,1,2025-12-14,1000,SIM,False
5651,1,2025-12-14,100,PASS,False
5652,1,2025-12-14,100,PASS,True
5653,1,2025-12-14,100,PASS,True
5654,1,2025-12-15,100,PASS,True
5655,1,2025-12-15,5000,SUPERVISION,True
5656,1,2025-12-15,1000,SIM,True
5657,1,2025-12-15,1000,SIM,True
5658,1,2025-12-15,100,PASS,True
5659,1,2025-12-15,100,PASS,True
5660,1,2025-12-15,5000,SUPERVISION,True
5661,1,2025-12-15,5000,SUPERVISION,False
5662,1,2025-12-16,5000,SUPERVISION,False
5663,1,2025-12-16,1000,SIM,False
5664,1,2025-12-16,100,PASS,False
5665,1,2025-12-17,100,PASS,False
5666,1,2025-12-17,100,PASS,True
5667,1,2025-12-17,100,PASS,True
5668,1,2025-12-17,100,PASS,False
5669,1,2025-12-17,100,PASS,False
5670,1,2025-12-17,5000,SUPERVISION,False
5671,1,2025-12-17,5000,SUPERVISION,True
5672,1,2025-12-18,5000,SUPERVISION,True
5673,1,2025-12-18,5000,SUPERVISION,True
5674,1,2025-12-18,5000,SUPERVISION,False
5675,1,2025-12-19,5000,SUPERVISION,False
5676,1,2025-12-19,1000,SIM,False
5677,1,2025-12-19,5000,SUPERVISION,False
5678,1,2025-12-19,1000,SIM,False
5679,1,2025-12-19,1000,SIM,False
5680,1,2025-12-20,100,PASS,False
5681,1,2025-12-20,5000,SUPERVISION,False
5682,1,2025-12-20,5000,SUPERVISION,True
5683,1,2025-12-20,5000,SUPERVISION,True
5684,1,2025-12-20,5000,SUPERVISION,False
5685,1,2025-12-20,5000,SUPERVISION,False
5686,1,2025-12-21,5000,SUPERVISION,False
5687,1,2025-12-21,1000,SIM,False
5688,1,2025-12-21,1000,SIM,True
5689,1,2025-12-21,1000,SIM,True
5690,1,2025-12-22,1000,SIM,True
5691,1,2025-12-22,1000,SIM,False
5692,1,2025-12-22,1000,SIM,False
5693,1,2025-12-22,5000,SUPERVISION,False
5694,1,2025-12-22,5000,SUPERVISION,True
5695,1,2025-12-22,5000,SUPERVISION,True
5696,1,2025-12-23,5000,SUPERVISION,False
5697,1,2025-12-23,5000,SUPERVISION,False
5698,1,2025-12-23,5000,SUPERVISION,False
5699,1,2025-12-23,100,PASS,False
5700,1,2025-12-23,100,PASS,False
5701,1,2025-12-24,100,PASS,False
5702,1,2025-12-24,100,PASS,False
5703,1,2025-12-24,5000,SUPERVISION,False
5704,1,2025-12-24,5000,SUPERVISION,False
5705,1,2025-12-25,5000,SUPERVISION,False
5706,1,2025-12-25,1000,SIM,False
5707,1,2025-12-25,5000,SUPERVISION,False
5708,1,2025-12-25,5000,SUPERVISION,True
5709,1,2025-12-25,5000,SUPERVISION,True
5710,1,2025-12-26,5000,SUPERVISION,True
5711,1,2025-12-26,5000,SUPERVISION,True
5712,1,2025-12-26,1000,SIM,True
5713,1,2025-12-26,5000,SUPERVISION,True
5714,1,2025-12-26,5000,SUPERVISION,False
5715,1,2025-12-27,5000,SUPERVISION,False
5716,1,2025-12-27,100,PASS,False
5717,1,2025-12-27,100,PASS,False
5718,1,2025-12-27,100,PASS,False
5719,1,2025-12-27,100,PASS,False
5720,1,2025-12-27,5000,SUPERVISION,False
5721,1,2025-12-27,5000,SUPERVISION,True
5722,1,2025-12-28,5000,SUPERVISION,True
5723,1,2025-12-28,5000,SUPERVISION,True
5724,1,2025-12-28,100,PASS,True
5725,1,2025-12-28,100,PASS,False
5726,1,2025-12-28,100,PASS,False
5727,1,2025-12-28,100,PASS,True
5728,1,2025-12-28,100,PASS,True
5729,1,2025-12-28,100,PASS,False
5730,1,2025-12-28,100,PASS,False
5731,1,2025-12-29,100,PASS,False
5732,1,2025-12-29,5000,SUPERVISION,False
5733,1,2025-12-29,5000,SUPERVISION,True
5734,1,2025-12-30,5000,SUPERVISION,True
5735,1,2025-12-30,5000,SUPERVISION,True
5736,1,2025-12-30,100,PASS,True
5737,1,2025-12-30,5000,SUPERVISION,True
5738,1,2025-12-30,5000,SUPERVISION,False
5739,1,2025-12-30,5000,SUPERVISION,False
5740,1,2025-12-30,100,PASS,False
5741,1,2025-12-30,5000,SUPERVISION,False
5742,1,2025-12-30,5000,SUPERVISION,False
5743,1,2025-12-30,5000,SUPERVISION,True
5744,1,2025-12-31,5000,SUPERVISION,True
5745,1,2025-12-31,1000,SIM,True
5746,1,2025-12-31,100,PASS,True
5747,1,2025-12-31,5000,SUPERVISION,True
5748,1,2025-12-31,1000,SIM,True
5749,1,2025-12-31,5000,SUPERVISION,True
5750,1,2026-01-01,5000,SUPERVISION,True
5751,1,2026-01-01,5000,SUPERVISION,True
5752,1,2026-01-01,5000,SUPERVISION,True
5753,1,2026-01-02,5000,SUPERVISION,True
5754,1,2026-01-02,5000,SUPERVISION,True
5755,1,2026-01-02,5000,SUPERVISION,True
5756,1,2026-01-02,5000,SUPERVISION,True
5757,1,2026-01-02,5000,SUPERVISION,True
5758,1,2026-01-02,5000,SUPERVISION,True
5759,1,2026-01-02,5000,SUPERVISION,True
5760,1,2026-01-03,100,PASS,True
5761,1,2026-01-03,5000,SUPERVISION,True
5762,1,2026-01-03,5000,SUPERVISION,True
5763,1,2026-01-03,5000,SUPERVISION,True
5764,1,2026-01-03,1000,SIM,True
5765,1,2026-01-03,100,PASS,True
5766,1,2026-01-05,5000,SUPERVISION,True
5767,1,2026-01-05,5000,SUPERVISION,True
5768,1,2026-01-05,5000,SUPERVISION,True
5769,1,2026-01-05,5000,SUPERVISION,True
5770,1,2026-01-05,5000,SUPERVISION,False
5771,1,2026-01-06,5000,SUPERVISION,False
5772,1,2026-01-06,5000,SUPERVISION,False
5773,1,2026-01-06,5000,SUPERVISION,False
5774,1,2026-01-07,1000,SIM,False
5775,1,2026-01-07,5000,SUPERVISION,False
5776,1,2026-01-07,5000,SUPERVISION,True
5777,1,2026-01-08,5000,SUPERVISION,True
5778,1,2026-01-08,1000,SIM,True
5779,1,2026-01-08,1000,SIM,True
5780,1,2026-01-08,1000,SIM,True
5781,1,2026-01-08,100,PASS,True
5782,1,2026-01-08,5000,SUPERVISION,True
5783,1,2026-01-09,5000,SUPERVISION,True
5784,1,2026-01-09,5000,SUPERVISION,True
5785,1,2026-01-09,5000,SUPERVISION,True
5786,1,2026-01-10,5000,SUPERVISION,True
5787,1,2026-01-10,5000,SUPERVISION,True
5788,1,2026-01-10,5000,SUPERVISION,True
5789,1,2026-01-10,5000,SUPERVISION,True
5790,1,2026-01-10,5000,SUPERVISION,False
5791,1,2026-01-11,5000,SUPERVISION,False
5792,1,2026-01-11,1000,SIM,False
5793,1,2026-01-11,1000,SIM,True
5794,1,2026-01-11,1000,SIM,True
5795,1,2026-01-11,100,PASS,True
5796,1,2026-01-12,5000,SUPERVISION,True
5797,1,2026-01-12,1000,SIM,True
5798,1,2026-01-12,5000,SUPERVISION,True
5799,1,2026-01-12,5000,SUPERVISION,True
5800,1,2026-01-12,5000,SUPERVISION,True
5801,1,2026-01-12,1000,SIM,True
5802,1,2026-01-12,1000,SIM,False
5803,1,2026-01-13,1000,SIM,False
5804,1,2026-01-13,100,PASS,False
5805,1,2026-01-13,5000,SUPERVISION,False
5806,1,2026-01-13,5000,SUPERVISION,True
5807,1,2026-01-13,5000,SUPERVISION,True
5808,1,2026-01-13,5000,SUPERVISION,False
5809,1,2026-01-13,5000,SUPERVISION,False
5810,1,2026-01-13,5000,SUPERVISION,True
5811,1,2026-01-13,5000,SUPERVISION,True
5812,1,2026-01-14,100,PASS,True
5813,1,2026-01-14,5000,SUPERVISION,True
5814,1,2026-01-14,5000,SUPERVISION,True
5815,1,2026-01-14,5000,SUPERVISION,True
5816,1,2026-01-14,5000,SUPERVISION,True
5817,1,2026-01-15,1000,SIM,True
5818,1,2026-01-15,100,PASS,True
5819,1,2026-01-15,100,PASS,True
5820,1,2026-01-15,5000,SUPERVISION,True
5821,1,2026-01-15,5000,SUPERVISION,True
5822,1,2026-01-15,5000,SUPERVISION,True
5823,1,2026-01-16,1000,SIM,True
5824,1,2026-01-16,100,PASS,True
5825,1,2026-01-16,5000,SUPERVISION,True
5826,1,2026-01-16,5000,SUPERVISION,True
5827,1,2026-01-17,5000,SUPERVISION,True
5828,1,2026-01-17,100,PASS,True
5829,1,2026-01-17,100,PASS,True
5830,1,2026-01-17,5000,SUPERVISION,True
5831,1,2026-01-17,5000,SUPERVISION,False
5832,1,2026-01-18,5000,SUPERVISION,False
5833,1,2026-01-18,5000,SUPERVISION,False
5834,1,2026-01-18,1000,SIM,False
5835,1,2026-01-18,5000,SUPERVISION,False
5836,1,2026-01-18,5000,SUPERVISION,False
5837,1,2026-01-18,1000,SIM,False
5838,1,2026-01-19,100,PASS,False
5839,1,2026-01-19,5000,SUPERVISION,False
5840,1,2026-01-19,5000,SUPERVISION,False
5841,1,2026-01-19,5000,SUPERVISION,False
5842,1,2026-01-19,1000,SIM,False
5843,1,2026-01-20,1000,SIM,True
5844,1,2026-01-20,1000,SIM,True
5845,1,2026-01-20,5000,SUPERVISION,True
5846,1,2026-01-20,5000,SUPERVISION,True
5847,1,2026-01-20,1000,SIM,True
5848,1,2026-01-21,5000,SUPERVISION,True
5849,1,2026-01-21,100,PASS,True
5850,1,2026-01-21,100,PASS,True
5851,1,2026-01-21,100,PASS,True
5852,1,2026-01-21,1000,SIM,True
5853,1,2026-01-21,1000,SIM,True
5854,1,2026-01-22,100,PASS,True
5855,1,2026-01-22,100,PASS,True
5856,1,2026-01-22,5000,SUPERVISION,True
5857,1,2026-01-22,5000,SUPERVISION,True
5858,1,2026-01-22,5000,SUPERVISION,False
5859,1,2026-01-22,5000,SUPERVISION,False
5860,1,2026-01-22,1000,SIM,False
5861,1,2026-01-22,1000,SIM,False
5862,1,2026-01-22,1000,SIM,False
5863,1,2026-01-22,5000,SUPERVISION,False
5864,1,2026-01-23,1000,SIM,False
5865,1,2026-01-23,100,PASS,False
5866,1,2026-01-23,1000,SIM,False
5867,1,2026-01-23,100,PASS,False
5868,1,2026-01-23,100,PASS,False
5869,1,2026-01-23,5000,SUPERVISION,False
5870,1,2026-01-23,5000,SUPERVISION,False
5871,1,2026-01-23,5000,SUPERVISION,True
5872,1,2026-01-23,5000,SUPERVISION,True
5873,1,2026-01-23,5000,SUPERVISION,True
5874,1,2026-01-24,5000,SUPERVISION,False
5875,1,2026-01-24,5000,SUPERVISION,False
5876,1,2026-01-24,5000,SUPERVISION,True
5877,1,2026-01-24,5000,SUPERVISION,True
5878,1,2026-01-24,5000,SUPERVISION,False
5879,1,2026-01-25,5000,SUPERVISION,False
5880,1,2026-01-25,100,PASS,False
5881,1,2026-01-25,5000,SUPERVISION,False
5882,1,2026-01-26,5000,SUPERVISION,False
5883,1,2026-01-26,5000,SUPERVISION,True
5884,1,2026-01-26,5000,SUPERVISION,True
5885,1,2026-01-26,5000,SUPERVISION,False
5886,1,2026-01-26,5000,SUPERVISION,False
5887,1,2026-01-26,5000,SUPERVISION,True
5888,1,2026-01-26,5000,SUPERVISION,True
5889,1,2026-01-27,5000,SUPERVISION,True
5890,1,2026-01-27,5000,SUPERVISION,True
5891,1,2026-01-27,5000,SUPERVISION,True
5892,1,2026-01-28,5000,SUPERVISION,False
5893,1,2026-01-28,5000,SUPERVISION,False
5894,1,2026-01-28,5000,SUPERVISION,False
5895,1,2026-01-28,5000,SUPERVISION,False
5896,1,2026-01-29,100,PASS,False
5897,1,2026-01-29,5000,SUPERVISION,False
5898,1,2026-01-29,5000,SUPERVISION,False
5899,1,2026-01-29,5000,SUPERVISION,False
5900,1,2026-01-29,5000,SUPERVISION,True
5901,1,2026-01-30,5000,SUPERVISION,True
5902,1,2026-01-30,5000,SUPERVISION,True
5903,1,2026-01-30,5000,SUPERVISION,True
5904,1,2026-01-30,5000,SUPERVISION,True
5905,1,2026-01-30,5000,SUPERVISION,False
5906,1,2026-01-30,5000,SUPERVISION,False
5907,1,2026-01-31,100,PASS,False
5908,1,2026-01-31,5000,SUPERVISION,False
5909,1,2026-01-31,5000,SUPERVISION,False
5910,1,2026-01-31,5000,SUPERVISION,False
5911,1,2026-01-31,1000,SIM,False
5912,1,2026-02-01,1000,SIM,False
5913,1,2026-02-01,1000,SIM,True
5914,1,2026-02-01,1000,SIM,True
5915,1,2026-02-01,1000,SIM,True
5916,1,2026-02-01,1000,SIM,True
5917,1,2026-02-01,100,PASS,True
5918,1,2026-02-02,5000,SUPERVISION,True
5919,1,2026-02-02,5000,SUPERVISION,False
5920,1,2026-02-02,5000,SUPERVISION,False
5921,1,2026-02-02,5000,SUPERVISION,False
5922,1,2026-02-02,5000,SUPERVISION,True
5923,1,2026-02-03,5000,SUPERVISION,True
5924,1,2026-02-03,5000,SUPERVISION,True
5925,1,2026-02-03,5000,SUPERVISION,True
5926,1,2026-02-03,100,PASS,True
5927,1,2026-02-04,100,PASS,True
5928,1,2026-02-04,100,PASS,True
5929,1,2026-02-04,5000,SUPERVISION,True
5930,1,2026-02-04,5000,SUPERVISION,True
5931,1,2026-02-04,5000,SUPERVISION,False
5932,1,2026-02-04,5000,SUPERVISION,False
5933,1,2026-02-04,5000,SUPERVISION,True
5934,1,2026-02-04,5000,SUPERVISION,True
5935,1,2026-02-05,5000,SUPERVISION,True
5936,1,2026-02-05,5000,SUPERVISION,False
5937,1,2026-02-05,5000,SUPERVISION,False
5938,1,2026-02-05,5000,SUPERVISION,False
5939,1,2026-02-06,5000,SUPERVISION,False
5940,1,2026-02-06,5000,SUPERVISION,True
5941,1,2026-02-06,5000,SUPERVISION,True
5942,1,2026-02-06,5000,SUPERVISION,True
5943,1,2026-02-06,5000,SUPERVISION,True
5944,1,2026-02-06,1000,SIM,True
5945,1,2026-02-06,100,PASS,True
5946,1,2026-02-06,100,PASS,True
5947,1,2026-02-07,5000,SUPERVISION,True
5948,1,2026-02-07,100,PASS,True
5949,1,2026-02-07,5000,SUPERVISION,True
5950,1,2026-02-08,5000,SUPERVISION,True
5951,1,2026-02-08,5000,SUPERVISION,True
5952,1,2026-02-08,100,PASS,True
5953,1,2026-02-09,100,PASS,False
5954,1,2026-02-09,100,PASS,False
5955,1,2026-02-09,5000,SUPERVISION,False
5956,1,2026-02-09,5000,SUPERVISION,False
5957,1,2026-02-10,1000,SIM,False
5958,1,2026-02-10,1000,SIM,False
5959,1,2026-02-10,100,PASS,False
5960,1,2026-02-10,100,PASS,True
5961,1,2026-02-11,100,PASS,True
5962,1,2026-02-11,5000,SUPERVISION,True
5963,1,2026-02-12,100,PASS,True
5964,1,2026-02-12,100,PASS,True
5965,1,2026-02-12,5000,SUPERVISION,True
5966,1,2026-02-13,5000,SUPERVISION,True
5967,1,2026-02-13,1000,SIM,True
5968,1,2026-02-13,1000,SIM,True
5969,1,2026-02-13,100,PASS,True
5970,1,2026-02-14,5000,SUPERVISION,True
5971,1,2026-02-14,5000,SUPERVISION,True
5972,1,2026-02-14,5000,SUPERVISION,True
5973,1,2026-02-15,5000,SUPERVISION,False
5974,1,2026-02-15,5000,SUPERVISION,False
5975,1,2026-02-15,5000,SUPERVISION,True
5976,1,2026-02-15,5000,SUPERVISION,True
5977,1,2026-02-15,5000,SUPERVISION,True
5978,1,2026-02-15,5000,SUPERVISION,False
5979,1,2026-02-15,5000,SUPERVISION,False
5980,1,2026-02-15,5000,SUPERVISION,True
5981,1,2026-02-15,5000,SUPERVISION,True
5982,1,2026-02-16,5000,SUPERVISION,True
5983,1,2026-02-16,5000,SUPERVISION,False
5984,1,2026-02-16,5000,SUPERVISION,False
5985,1,2026-02-16,5000,SUPERVISION,False
5986,1,2026-02-17,1000,SIM,False
5987,1,2026-02-17,5000,SUPERVISION,False
5988,1,2026-02-17,1000,SIM,False
5989,1,2026-02-18,1000,SIM,False
5990,1,2026-02-18,100,PASS,False
5991,1,2026-02-18,5000,SUPERVISION,False
5992,1,2026-02-18,5000,SUPERVISION,True
5993,1,2026-02-18,5000,SUPERVISION,True
5994,1,2026-02-19,5000,SUPERVISION,True
5995,1,2026-02-19,100,PASS,True
5996,1,2026-02-19,100,PASS,False
5997,1,2026-02-19,100,PASS,False
5998,1,2026-02-20,100,PASS,False
5999,1,2026-02-20,100,PASS,False
6000,1,2026-02-20,5000,SUPERVISION,False
6001,1,2026-02-20,5000,SUPERVISION,False
6002,1,2026-02-20,5000,SUPERVISION,True
6003,1,2026-02-20,5000,SUPERVISION,True
6004,1,2026-02-21,100,PASS,True
6005,1,2026-02-21,100,PASS,False
6006,1,2026-02-21,100,PASS,False
6007,1,2026-02-22,5000,SUPERVISION,False
6008,1,2026-02-22,5000,SUPERVISION,False
6009,1,2026-02-22,5000,SUPERVISION,True
6010,1,2026-02-22,5000,SUPERVISION,True
6011,1,2026-02-22,5000,SUPERVISION,True
6012,1,2026-02-22,5000,SUPERVISION,False
6013,1,2026-02-22,5000,SUPERVISION,False
6014,1,2026-02-23,5000,SUPERVISION,False
6015,1,2026-02-23,5000,SUPERVISION,True
6016,1,2026-02-23,5000,SUPERVISION,True
6017,1,2026-02-23,5000,SUPERVISION,True
6018,1,2026-02-23,5000,SUPERVISION,True
6019,1,2026-02-23,5000,SUPERVISION,False
6020,1,2026-02-23,5000,SUPERVISION,False
6021,1,2026-02-23,5000,SUPERVISION,False
6022,1,2026-02-24,100,PASS,False
6023,1,2026-02-24,100,PASS,False
6024,1,2026-02-25,5000,SUPERVISION,False
6025,1,2026-02-25,5000,SUPERVISION,True
6026,1,2026-02-25,5000,SUPERVISION,True
6027,1,2026-02-25,5000,SUPERVISION,False
6028,1,2026-02-25,5000,SUPERVISION,False
6029,1,2026-02-25,1000,SIM,False
6030,1,2026-02-25,5000,SUPERVISION,False
6031,1,2026-02-25,5000,SUPERVISION,True
6032,1,2026-02-26,5000,SUPERVISION,True
6033,1,2026-02-26,5000,SUPERVISION,True
6034,1,2026-02-26,5000,SUPERVISION,True
6035,1,2026-02-26,5000,SUPERVISION,True
6036,1,2026-02-26,5000,SUPERVISION,True
6037,1,2026-02-26,5000,SUPERVISION,False
6038,1,2026-02-26,5000,SUPERVISION,False
6039,1,2026-02-27,1000,SIM,False
6040,1,2026-02-27,1000,SIM,False
6041,1,2026-02-27,5000,SUPERVISION,False
6042,1,2026-02-27,5000,SUPERVISION,False
6043,1,2026-02-27,5000,SUPERVISION,False
6044,1,2026-02-27,5000,SUPERVISION,False
6045,1,2026-02-28,5000,SUPERVISION,True
6046,1,2026-02-28,5000,SUPERVISION,True
6047,1,2026-02-28,5000,SUPERVISION,True
6048,1,2026-03-01,5000,SUPERVISION,False
6049,1,2026-03-01,5000,SUPERVISION,False
6050,1,2026-03-01,5000,SUPERVISION,False
6051,1,2026-03-01,5000,SUPERVISION,True
6052,1,2026-03-01,5000,SUPERVISION,True
6053,1,2026-03-02,1000,SIM,True
6054,1,2026-03-02,100,PASS,True
6055,1,2026-03-02,100,PASS,True
6056,1,2026-03-02,100,PASS,True
6057,1,2026-03-02,100,PASS,False
6058,1,2026-03-03,100,PASS,False
6059,1,2026-03-03,100,PASS,False
6060,1,2026-03-03,5000,SUPERVISION,False
6061,1,2026-03-03,5000,SUPERVISION,False
6062,1,2026-03-04,5000,SUPERVISION,False
6063,1,2026-03-04,5000,SUPERVISION,False
6064,1,2026-03-04,5000,SUPERVISION,True
6065,1,2026-03-04,5000,SUPERVISION,True
6066,1,2026-03-04,5000,SUPERVISION,False
6067,1,2026-03-04,5000,SUPERVISION,False
6068,1,2026-03-04,1000,SIM,False
6069,1,2026-03-04,1000,SIM,True
6070,1,2026-03-04,1000,SIM,True
6071,1,2026-03-05,1000,SIM,False
6072,1,2026-03-05,1000,SIM,False
6073,1,2026-03-05,5000,SUPERVISION,False
6074,1,2026-03-05,5000,SUPERVISION,False
6075,1,2026-03-05,1000,SIM,False
6076,1,2026-03-05,1000,SIM,False
6077,1,2026-03-05,5000,SUPERVISION,False
6078,1,2026-03-05,100,PASS,False
6079,1,2026-03-06,100,PASS,False
6080,1,2026-03-06,1000,SIM,False
6081,1,2026-03-06,5000,SUPERVISION,False
6082,1,2026-03-06,5000,SUPERVISION,True
6083,1,2026-03-06,5000,SUPERVISION,True
6084,1,2026-03-07,100,PASS,True
6085,1,2026-03-07,100,PASS,False
6086,1,2026-03-07,100,PASS,False
6087,1,2026-03-07,5000,SUPERVISION,False
6088,1,2026-03-07,5000,SUPERVISION,True
6089,1,2026-03-07,5000,SUPERVISION,True
6090,1,2026-03-07,5000,SUPERVISION,True
6091,1,2026-03-07,5000,SUPERVISION,False
6092,1,2026-03-07,5000,SUPERVISION,False
6093,1,2026-03-08,100,PASS,False
6094,1,2026-03-08,5000,SUPERVISION,False
6095,1,2026-03-08,1000,SIM,False
6096,1,2026-03-08,5000,SUPERVISION,False
6097,1,2026-03-08,5000,SUPERVISION,False
6098,1,2026-03-08,5000,SUPERVISION,False
6099,1,2026-03-08,5000,SUPERVISION,False
6100,1,2026-03-08,100,PASS,False
6101,1,2026-03-09,5000,SUPERVISION,False
6102,1,2026-03-09,1000,SIM,False
6103,1,2026-03-09,100,PASS,False
6104,1,2026-03-09,100,PASS,False
6105,1,2026-03-09,5000,SUPERVISION,False
6106,1,2026-03-09,5000,SUPERVISION,False
6107,1,2026-03-09,100,PASS,False
6108,1,2026-03-10,1000,SIM,False
6109,1,2026-03-10,1000,SIM,False
6110,1,2026-03-10,1000,SIM,False
6111,1,2026-03-11,100,PASS,False
6112,1,2026-03-11,5000,SUPERVISION,False
6113,1,2026-03-11,5000,SUPERVISION,True
6114,1,2026-03-11,5000,SUPERVISION,True
6115,1,2026-03-11,5000,SUPERVISION,True
6116,1,2026-03-11,1000,SIM,True
6117,1,2026-03-11,5000,SUPERVISION,True
6118,1,2026-03-11,5000,SUPERVISION,True
6119,1,2026-03-12,1000,SIM,True
6120,1,2026-03-13,1000,SIM,False
6121,1,2026-03-13,1000,SIM,False
6122,1,2026-03-13,100,PASS,False
6123,1,2026-03-13,100,PASS,True
6124,1,2026-03-13,100,PASS,True
6125,1,2026-03-13,100,PASS,False
6126,1,2026-03-14,100,PASS,False
6127,1,2026-03-14,100,PASS,False
6128,1,2026-03-14,5000,SUPERVISION,False
6129,1,2026-03-14,100,PASS,False
6130,1,2026-03-14,100,PASS,True
6131,1,2026-03-14,100,PASS,True
6132,1,2026-03-14,5000,SUPERVISION,True
6133,1,2026-03-14,1000,SIM,True
6134,1,2026-03-14,1000,SIM,True
6135,1,2026-03-14,1000,SIM,True
6136,1,2026-03-15,100,PASS,True
6137,1,2026-03-15,100,PASS,False
6138,1,2026-03-15,100,PASS,False
6139,1,2026-03-15,100,PASS,False
6140,1,2026-03-15,5000,SUPERVISION,False
6141,1,2026-03-15,5000,SUPERVISION,False
6142,1,2026-03-15,1000,SIM,False
6143,1,2026-03-16,1000,SIM,True
6144,1,2026-03-16,1000,SIM,True
6145,1,2026-03-16,100,PASS,True
6146,1,2026-03-16,5000,SUPERVISION,True
6147,1,2026-03-16,5000,SUPERVISION,False
6148,1,2026-03-16,5000,SUPERVISION,False
6149,1,2026-03-16,1000,SIM,False
6150,1,2026-03-16,5000,SUPERVISION,False
6151,1,2026-03-17,5000,SUPERVISION,False
6152,1,2026-03-17,5000,SUPERVISION,False
6153,1,2026-03-17,5000,SUPERVISION,False
6154,1,2026-03-17,5000,SUPERVISION,False
6155,1,2026-03-17,5000,SUPERVISION,True
6156,1,2026-03-17,5000,SUPERVISION,True
6157,1,2026-03-17,5000,SUPERVISION,True
6158,1,2026-03-18,1000,SIM,True
6159,1,2026-03-18,5000,SUPERVISION,True
6160,1,2026-03-18,5000,SUPERVISION,False
6161,1,2026-03-18,5000,SUPERVISION,False
6162,1,2026-03-19,1000,SIM,False
6163,1,2026-03-19,100,PASS,False
6164,1,2026-03-20,1000,SIM,False
6165,1,2026-03-20,5000,SUPERVISION,False
6166,1,2026-03-20,1000,SIM,False
6167,1,2026-03-20,1000,SIM,False
6168,1,2026-03-20,1000,SIM,False
6169,1,2026-03-20,5000,SUPERVISION,False
6170,1,2026-03-20,1000,SIM,False
6171,1,2026-03-20,1000,SIM,False
6172,1,2026-03-21,100,PASS,False
6173,1,2026-03-21,5000,SUPERVISION,False
6174,1,2026-03-21,5000,SUPERVISION,False
6175,1,2026-03-21,1000,SIM,False
6176,1,2026-03-22,1000,SIM,True
6177,1,2026-03-22,1000,SIM,True
6178,1,2026-03-22,5000,SUPERVISION,True
6179,1,2026-03-22,5000,SUPERVISION,True
6180,1,2026-03-22,1000,SIM,True
6181,1,2026-03-22,100,PASS,True
6182,1,2026-03-22,1000,SIM,True
6183,1,2026-03-23,100,PASS,True
6184,1,2026-03-23,5000,SUPERVISION,True
6185,1,2026-03-23,5000,SUPERVISION,False
6186,1,2026-03-23,5000,SUPERVISION,False
6187,1,2026-03-23,5000,SUPERVISION,True
6188,1,2026-03-23,5000,SUPERVISION,True
6189,1,2026-03-23,5000,SUPERVISION,True
6190,1,2026-03-24,1000,SIM,True
6191,1,2026-03-24,1000,SIM,False
6192,1,2026-03-24,1000,SIM,False
6193,1,2026-03-24,100,PASS,False
6194,1,2026-03-25,100,PASS,False
6195,1,2026-03-25,1000,SIM,False
6196,1,2026-03-26,1000,SIM,True
6197,1,2026-03-26,1000,SIM,True
6198,1,2026-03-26,1000,SIM,True
6199,1,2026-03-27,1000,SIM,True
6200,1,2026-03-27,100,PASS,True
6201,1,2026-03-27,5000,SUPERVISION,True
6202,1,2026-03-27,5000,SUPERVISION,False
6203,1,2026-03-27,5000,SUPERVISION,False
6204,1,2026-03-27,1000,SIM,False
6205,1,2026-03-28,5000,SUPERVISION,False
6206,1,2026-03-28,5000,SUPERVISION,True
6207,1,2026-03-28,5000,SUPERVISION,True
6208,1,2026-03-28,5000,SUPERVISION,False
6209,1,2026-03-28,5000,SUPERVISION,False
6210,1,2026-03-29,5000,SUPERVISION,False
6211,1,2026-03-29,5000,SUPERVISION,True
6212,1,2026-03-29,5000,SUPERVISION,True
6213,1,2026-03-29,5000,SUPERVISION,False
6214,1,2026-03-30,5000,SUPERVISION,False
6215,1,2026-03-30,1000,SIM,False
6216,1,2026-03-30,5000,SUPERVISION,False
6217,1,2026-03-30,5000,SUPERVISION,True
6218,1,2026-03-30,5000,SUPERVISION,True
6219,1,2026-03-30,1000,SIM,True
6220,1,2026-03-31,1000,SIM,True
6221,1,2026-03-31,100,PASS,True
6222,1,2026-03-31,1000,SIM,True
6223,1,2026-03-31,1000,SIM,True
6224,1,2026-03-31,100,PASS,True
6225,1,2026-03-31,5000,SUPERVISION,True
6226,1,2026-03-31,100,PASS,True
6227,1,2026-04-01,100,PASS,True
6228,1,2026-04-01,5000,SUPERVISION,True
6229,1,2026-04-01,5000,SUPERVISION,True
6230,1,2026-04-01,100,PASS,True
6231,1,2026-04-01,5000,SUPERVISION,True
6232,1,2026-04-01,100,PASS,True
6233,1,2026-04-01,100,PASS,False
6234,1,2026-04-02,100,PASS,False
6235,1,2026-04-02,5000,SUPERVISION,False
6236,1,2026-04-02,5000,SUPERVISION,False
6237,1,2026-04-02,5000,SUPERVISION,False
6238,1,2026-04-02,5000,SUPERVISION,False
6239,1,2026-04-02,1000,SIM,False
6240,1,2026-04-02,100,PASS,False
6241,1,2026-04-02,1000,SIM,False
6242,1,2026-04-02,100,PASS,False
6243,1,2026-04-03,100,PASS,True
6244,1,2026-04-03,100,PASS,True
6245,1,2026-04-03,5000,SUPERVISION,True
6246,1,2026-04-03,5000,SUPERVISION,True
6247,1,2026-04-03,5000,SUPERVISION,False
6248,1,2026-04-03,5000,SUPERVISION,False
6249,1,2026-04-04,5000,SUPERVISION,True
6250,1,2026-04-04,5000,SUPERVISION,True
6251,1,2026-04-04,5000,SUPERVISION,False
6252,1,2026-04-04,5000,SUPERVISION,False
6253,1,2026-04-05,5000,SUPERVISION,False
6254,1,2026-04-05,5000,SUPERVISION,False
6255,1,2026-04-05,5000,SUPERVISION,True
6256,1,2026-04-05,5000,SUPERVISION,True
6257,1,2026-04-05,5000,SUPERVISION,True
6258,1,2026-04-05,1000,SIM,True
6259,1,2026-04-05,1000,SIM,True
6260,1,2026-04-06,5000,SUPERVISION,True
6261,1,2026-04-06,5000,SUPERVISION,True
6262,1,2026-04-07,100,PASS,True
6263,1,2026-04-07,5000,SUPERVISION,True
6264,1,2026-04-07,5000,SUPERVISION,True
6265,1,2026-04-07,1000,SIM,True
6266,1,2026-04-07,5000,SUPERVISION,True
6267,1,2026-04-07,5000,SUPERVISION,True
6268,1,2026-04-07,5000,SUPERVISION,False
6269,1,2026-04-07,5000,SUPERVISION,False
6270,1,2026-04-08,1000,SIM,False
6271,1,2026-04-08,1000,SIM,False
6272,1,2026-04-08,100,PASS,False
6273,1,2026-04-08,100,PASS,False
6274,1,2026-04-09,100,PASS,False
6275,1,2026-04-09,100,PASS,True
6276,1,2026-04-09,100,PASS,True
6277,1,2026-04-09,5000,SUPERVISION,True
6278,1,2026-04-09,5000,SUPERVISION,True
6279,1,2026-04-09,1000,SIM,True
6280,1,2026-04-10,1000,SIM,True
6281,1,2026-04-10,1000,SIM,False
6282,1,2026-04-10,1000,SIM,False
6283,1,2026-04-10,1000,SIM,False
6284,1,2026-04-10,5000,SUPERVISION,False
6285,1,2026-04-10,5000,SUPERVISION,False
6286,1,2026-04-10,5000,SUPERVISION,False
6287,1,2026-04-11,5000,SUPERVISION,True
6288,1,2026-04-11,5000,SUPERVISION,True
6289,1,2026-04-11,1000,SIM,True
6290,1,2026-04-11,5000,SUPERVISION,True
6291,1,2026-04-11,100,PASS,True
6292,1,2026-04-11,100,PASS,True
6293,1,2026-04-12,5000,SUPERVISION,True
6294,1,2026-04-12,1000,SIM,True
6295,1,2026-04-12,1000,SIM,True
6296,1,2026-04-13,100,PASS,True
6297,1,2026-04-13,5000,SUPERVISION,True
6298,1,2026-04-13,100,PASS,True
6299,1,2026-04-13,5000,SUPERVISION,True
6300,1,2026-04-13,5000,SUPERVISION,True
6301,1,2026-04-14,5000,SUPERVISION,True
6302,1,2026-04-14,5000,SUPERVISION,True
6303,1,2026-04-14,5000,SUPERVISION,False
6304,1,2026-04-14,5000,SUPERVISION,False
6305,1,2026-04-14,5000,SUPERVISION,True
6306,1,2026-04-14,5000,SUPERVISION,True
6307,1,2026-04-14,1000,SIM,True
6308,1,2026-04-15,100,PASS,True
6309,1,2026-04-15,5000,SUPERVISION,True
6310,1,2026-04-15,1000,SIM,True
6311,1,2026-04-15,1000,SIM,True
6312,1,2026-04-15,100,PASS,True
6313,1,2026-04-16,5000,SUPERVISION,True
6314,1,2026-04-16,100,PASS,True
6315,1,2026-04-16,5000,SUPERVISION,True
6316,1,2026-04-16,5000,SUPERVISION,True
6317,1,2026-04-17,5000,SUPERVISION,True
6318,1,2026-04-17,5000,SUPERVISION,False
6319,1,2026-04-17,5000,SUPERVISION,False
6320,1,2026-04-17,5000,SUPERVISION,False
6321,1,2026-04-17,5000,SUPERVISION,False
6322,1,2026-04-17,5000,SUPERVISION,True
6323,1,2026-04-18,5000,SUPERVISION,True
6324,1,2026-04-18,5000,SUPERVISION,True
6325,1,2026-04-18,5000,SUPERVISION,True
6326,1,2026-04-18,5000,SUPERVISION,False
6327,1,2026-04-18,5000,SUPERVISION,False
6328,1,2026-04-18,5000,SUPERVISION,True
6329,1,2026-04-18,5000,SUPERVISION,True
6330,1,2026-04-18,5000,SUPERVISION,False
6331,1,2026-04-18,5000,SUPERVISION,False
6332,1,2026-04-19,100,PASS,False
6333,1,2026-04-19,1000,SIM,False
6334,1,2026-04-19,5000,SUPERVISION,False
6335,1,2026-04-20,5000,SUPERVISION,True
6336,1,2026-04-20,5000,SUPERVISION,True
6337,1,2026-04-20,5000,SUPERVISION,True
6338,1,2026-04-20,5000,SUPERVISION,False
6339,1,2026-04-21,5000,SUPERVISION,False
6340,1,2026-04-21,5000,SUPERVISION,True
6341,1,2026-04-21,5000,SUPERVISION,True
6342,1,2026-04-21,5000,SUPERVISION,True
6343,1,2026-04-21,1000,SIM,True
6344,1,2026-04-21,100,PASS,True
6345,1,2026-04-21,100,PASS,True
6346,1,2026-04-21,5000,SUPERVISION,True
6347,1,2026-04-22,5000,SUPERVISION,True
6348,1,2026-04-22,100,PASS,True
6349,1,2026-04-22,5000,SUPERVISION,True
6350,1,2026-04-22,1000,SIM,True
6351,1,2026-04-22,100,PASS,True
6352,1,2026-04-22,5000,SUPERVISION,True
6353,1,2026-04-23,5000,SUPERVISION,False
6354,1,2026-04-23,5000,SUPERVISION,False
6355,1,2026-04-23,5000,SUPERVISION,False
6356,1,2026-04-23,5000,SUPERVISION,False
6357,1,2026-04-24,5000,SUPERVISION,True
6358,1,2026-04-24,5000,SUPERVISION,True
6359,1,2026-04-24,5000,SUPERVISION,True
6360,1,2026-04-24,5000,SUPERVISION,True
6361,1,2026-04-24,5000,SUPERVISION,False
6362,1,2026-04-24,5000,SUPERVISION,False
6363,1,2026-04-24,5000,SUPERVISION,True
6364,1,2026-04-24,5000,SUPERVISION,True
6365,1,2026-04-25,5000,SUPERVISION,True
6366,1,2026-04-25,5000,SUPERVISION,True
6367,1,2026-04-25,100,PASS,True
6368,1,2026-04-25,1000,SIM,True
6369,1,2026-04-25,5000,SUPERVISION,True
6370,3,2023-02-02,1000,SIM,True
6371,3,2023-02-02,5000,SUPERVISION,True
6372,3,2023-02-04,1000,SIM,True
6373,3,2023-02-12,1000,SIM,True
6374,3,2023-02-12,1000,SIM,False
6375,3,2023-02-12,1000,SIM,False
6376,3,2023-02-13,1000,SIM,False
6377,3,2023-02-13,5000,SUPERVISION,False
6378,3,2023-02-14,5000,SUPERVISION,False
6379,3,2023-02-14,5000,SUPERVISION,True
6380,3,2023-02-15,5000,SUPERVISION,True
6381,3,2023-02-17,5000,SUPERVISION,True
6382,3,2023-02-20,100,PASS,True
6383,3,2023-02-27,5000,SUPERVISION,True
6384,3,2023-02-28,5000,SUPERVISION,True
6385,3,2023-02-28,100,PASS,True
6386,3,2023-03-01,5000,SUPERVISION,True
6387,3,2023-03-02,1000,SIM,True
6388,3,2023-03-02,1000,SIM,False
6389,3,2023-03-03,1000,SIM,False
6390,3,2023-03-03,100,PASS,False
6391,3,2023-03-05,1000,SIM,False
6392,3,2023-03-07,100,PASS,False
6393,3,2023-03-09,5000,SUPERVISION,False
6394,3,2023-03-12,5000,SUPERVISION,True
6395,3,2023-03-12,5000,SUPERVISION,True
6396,3,2023-03-13,5000,SUPERVISION,False
6397,3,2023-03-14,5000,SUPERVISION,False
6398,3,2023-03-14,5000,SUPERVISION,False
6399,3,2023-03-14,1000,SIM,False
6400,3,2023-03-15,1000,SIM,False
6401,3,2023-03-17,100,PASS,False
6402,3,2023-03-18,5000,SUPERVISION,False
6403,3,2023-03-18,5000,SUPERVISION,False
6404,3,2023-03-21,100,PASS,False
6405,3,2023-03-22,5000,SUPERVISION,False
6406,3,2023-03-28,1000,SIM,False
6407,3,2023-03-29,1000,SIM,False
6408,3,2023-03-29,100,PASS,False
6409,3,2023-03-30,5000,SUPERVISION,False
6410,3,2023-03-30,1000,SIM,False
6411,3,2023-04-01,5000,SUPERVISION,False
6412,3,2023-04-01,5000,SUPERVISION,False
6413,3,2023-04-02,5000,SUPERVISION,True
6414,3,2023-04-03,5000,SUPERVISION,True
6415,3,2023-04-06,100,PASS,True
6416,3,2023-04-12,100,PASS,False
6417,3,2023-04-13,100,PASS,False
6418,3,2023-04-15,5000,SUPERVISION,False
6419,3,2023-04-16,5000,SUPERVISION,False
6420,3,2023-04-17,5000,SUPERVISION,False
6421,3,2023-04-19,5000,SUPERVISION,False
6422,3,2023-04-19,5000,SUPERVISION,True
6423,3,2023-04-23,5000,SUPERVISION,True
6424,3,2023-04-24,5000,SUPERVISION,False
6425,3,2023-04-26,5000,SUPERVISION,False
6426,3,2023-04-30,5000,SUPERVISION,True
6427,3,2023-05-01,5000,SUPERVISION,True
6428,3,2023-05-01,5000,SUPERVISION,True
6429,3,2023-05-02,5000,SUPERVISION,False
6430,3,2023-05-04,5000,SUPERVISION,False
6431,3,2023-05-05,5000,SUPERVISION,False
6432,3,2023-05-07,5000,SUPERVISION,False
6433,3,2023-05-08,5000,SUPERVISION,True
6434,3,2023-05-10,5000,SUPERVISION,True
6435,3,2023-05-11,1000,SIM,True
6436,3,2023-05-12,5000,SUPERVISION,True
6437,3,2023-05-12,5000,SUPERVISION,True
6438,3,2023-05-12,1000,SIM,True
6439,3,2023-05-13,5000,SUPERVISION,True
6440,3,2023-05-13,5000,SUPERVISION,True
6441,3,2023-05-13,5000,SUPERVISION,False
6442,3,2023-05-14,5000,SUPERVISION,False
6443,3,2023-05-20,5000,SUPERVISION,False
6444,3,2023-05-20,5000,SUPERVISION,True
6445,3,2023-05-21,5000,SUPERVISION,True
6446,3,2023-05-22,5000,SUPERVISION,True
6447,3,2023-05-23,5000,SUPERVISION,True
6448,3,2023-05-24,5000,SUPERVISION,True
6449,3,2023-05-29,1000,SIM,True
6450,3,2023-06-01,100,PASS,True
6451,3,2023-06-03,5000,SUPERVISION,True
6452,3,2023-06-04,5000,SUPERVISION,True
6453,3,2023-06-07,5000,SUPERVISION,True
6454,3,2023-06-15,5000,SUPERVISION,False
6455,3,2023-06-16,5000,SUPERVISION,False
6456,3,2023-06-17,1000,SIM,False
6457,3,2023-06-17,100,PASS,False
6458,3,2023-06-17,100,PASS,True
6459,3,2023-06-21,100,PASS,True
6460,3,2023-06-21,5000,SUPERVISION,True
6461,3,2023-06-21,5000,SUPERVISION,True
6462,3,2023-06-22,1000,SIM,True
6463,3,2023-06-23,1000,SIM,True
6464,3,2023-06-27,1000,SIM,False
6465,3,2023-07-01,1000,SIM,False
6466,3,2023-07-01,1000,SIM,True
6467,3,2023-07-01,1000,SIM,True
6468,3,2023-07-02,5000,SUPERVISION,True
6469,3,2023-07-03,5000,SUPERVISION,False
6470,3,2023-07-03,5000,SUPERVISION,False
6471,3,2023-07-05,5000,SUPERVISION,False
6472,3,2023-07-11,5000,SUPERVISION,False
6473,3,2023-07-12,5000,SUPERVISION,False
6474,3,2023-07-12,100,PASS,False
6475,3,2023-07-12,100,PASS,False
6476,3,2023-07-13,100,PASS,False
6477,3,2023-07-16,5000,SUPERVISION,False
6478,3,2023-07-18,5000,SUPERVISION,True
6479,3,2023-07-19,5000,SUPERVISION,True
6480,3,2023-07-26,1000,SIM,True
6481,3,2023-07-29,1000,SIM,False
6482,3,2023-08-02,1000,SIM,False
6483,3,2023-08-07,5000,SUPERVISION,False
6484,3,2023-08-08,5000,SUPERVISION,True
6485,3,2023-08-10,5000,SUPERVISION,True
6486,3,2023-08-10,1000,SIM,True
6487,3,2023-08-11,1000,SIM,True
6488,3,2023-08-15,5000,SUPERVISION,True
6489,3,2023-08-16,5000,SUPERVISION,True
6490,3,2023-08-17,5000,SUPERVISION,False
6491,3,2023-08-20,5000,SUPERVISION,False
6492,3,2023-08-21,5000,SUPERVISION,True
6493,3,2023-08-21,5000,SUPERVISION,True
6494,3,2023-08-26,5000,SUPERVISION,True
6495,3,2023-08-27,5000,SUPERVISION,True
6496,3,2023-08-27,5000,SUPERVISION,True
6497,3,2023-08-28,5000,SUPERVISION,False
6498,3,2023-08-29,5000,SUPERVISION,False
6499,3,2023-08-31,5000,SUPERVISION,False
6500,3,2023-09-01,5000,SUPERVISION,False
6501,3,2023-09-02,5000,SUPERVISION,False
6502,3,2023-09-03,5000,SUPERVISION,False
6503,3,2023-09-03,1000,SIM,False
6504,3,2023-09-04,1000,SIM,False
6505,3,2023-09-06,1000,SIM,False
6506,3,2023-09-06,1000,SIM,False
6507,3,2023-09-08,100,PASS,False
6508,3,2023-09-12,100,PASS,False
6509,3,2023-09-12,100,PASS,False
6510,3,2023-09-14,5000,SUPERVISION,False
6511,3,2023-09-17,5000,SUPERVISION,True
6512,3,2023-09-19,5000,SUPERVISION,True
6513,3,2023-09-23,1000,SIM,True
6514,3,2023-09-23,1000,SIM,True
6515,3,2023-09-23,1000,SIM,True
6516,3,2023-09-24,5000,SUPERVISION,True
6517,3,2023-09-28,5000,SUPERVISION,True
6518,3,2023-09-28,5000,SUPERVISION,True
6519,3,2023-09-28,100,PASS,True
6520,3,2023-09-28,100,PASS,False
6521,3,2023-09-29,100,PASS,False
6522,3,2023-10-03,5000,SUPERVISION,False
6523,3,2023-10-06,5000,SUPERVISION,False
6524,3,2023-10-06,5000,SUPERVISION,False
6525,3,2023-10-06,1000,SIM,False
6526,3,2023-10-09,1000,SIM,False
6527,3,2023-10-10,5000,SUPERVISION,False
6528,3,2023-10-10,5000,SUPERVISION,True
6529,3,2023-10-11,5000,SUPERVISION,True
6530,3,2023-10-13,100,PASS,True
6531,3,2023-10-13,5000,SUPERVISION,True
6532,3,2023-10-13,5000,SUPERVISION,True
6533,3,2023-10-14,5000,SUPERVISION,True
6534,3,2023-10-14,5000,SUPERVISION,True
6535,3,2023-10-15,5000,SUPERVISION,True
6536,3,2023-10-16,5000,SUPERVISION,True
6537,3,2023-10-18,5000,SUPERVISION,True
6538,3,2023-10-18,1000,SIM,True
6539,3,2023-10-18,100,PASS,True
6540,3,2023-10-21,5000,SUPERVISION,True
6541,3,2023-10-21,5000,SUPERVISION,True
6542,3,2023-10-23,5000,SUPERVISION,True
6543,3,2023-10-26,5000,SUPERVISION,False
6544,3,2023-10-26,5000,SUPERVISION,False
6545,3,2023-10-31,5000,SUPERVISION,False
6546,3,2023-10-31,5000,SUPERVISION,True
6547,3,2023-11-05,5000,SUPERVISION,True
6548,3,2023-11-08,5000,SUPERVISION,False
6549,3,2023-11-10,5000,SUPERVISION,False
6550,3,2023-11-16,5000,SUPERVISION,True
6551,3,2023-11-21,5000,SUPERVISION,True
6552,3,2023-11-24,5000,SUPERVISION,False
6553,3,2023-11-24,5000,SUPERVISION,False
6554,3,2023-11-25,5000,SUPERVISION,False
6555,3,2023-11-28,5000,SUPERVISION,False
6556,3,2023-12-01,100,PASS,False
6557,3,2023-12-04,5000,SUPERVISION,False
6558,3,2023-12-06,5000,SUPERVISION,True
6559,3,2023-12-08,5000,SUPERVISION,True
6560,3,2023-12-11,5000,SUPERVISION,True
6561,3,2023-12-12,5000,SUPERVISION,False
6562,3,2023-12-15,5000,SUPERVISION,False
6563,3,2023-12-17,5000,SUPERVISION,False
6564,3,2023-12-18,1000,SIM,False
6565,3,2023-12-19,5000,SUPERVISION,False
6566,3,2023-12-21,100,PASS,False
6567,3,2023-12-25,100,PASS,False
6568,3,2023-12-29,100,PASS,False
6569,3,2024-01-01,5000,SUPERVISION,False
6570,3,2024-01-02,5000,SUPERVISION,False
6571,3,2024-01-03,5000,SUPERVISION,False
6572,3,2024-01-04,5000,SUPERVISION,False
6573,3,2024-01-05,5000,SUPERVISION,True
6574,3,2024-01-09,5000,SUPERVISION,True
6575,3,2024-01-11,5000,SUPERVISION,False
6576,3,2024-01-13,5000,SUPERVISION,False
6577,3,2024-01-16,5000,SUPERVISION,False
6578,3,2024-01-17,1000,SIM,False
6579,3,2024-01-21,1000,SIM,True
6580,3,2024-01-22,1000,SIM,True
6581,3,2024-01-22,1000,SIM,True
6582,3,2024-01-26,1000,SIM,True
6583,3,2024-01-27,100,PASS,True
6584,3,2024-01-27,5000,SUPERVISION,True
6585,3,2024-01-30,5000,SUPERVISION,False
6586,3,2024-01-31,5000,SUPERVISION,False
6587,3,2024-02-01,1000,SIM,False
6588,3,2024-02-02,1000,SIM,True
6589,3,2024-02-05,1000,SIM,True
6590,3,2024-02-07,100,PASS,True
6591,3,2024-02-09,5000,SUPERVISION,True
6592,3,2024-02-10,5000,SUPERVISION,True
6593,3,2024-02-11,5000,SUPERVISION,True
6594,3,2024-02-11,5000,SUPERVISION,False
6595,3,2024-02-13,5000,SUPERVISION,False
6596,3,2024-02-13,5000,SUPERVISION,False
6597,3,2024-02-15,100,PASS,False
6598,3,2024-02-16,5000,SUPERVISION,False
6599,3,2024-02-20,5000,SUPERVISION,False
6600,3,2024-02-21,5000,SUPERVISION,False
6601,3,2024-02-22,5000,SUPERVISION,False
6602,3,2024-02-24,5000,SUPERVISION,True
6603,3,2024-02-24,5000,SUPERVISION,True
6604,3,2024-02-28,1000,SIM,True
6605,3,2024-02-29,100,PASS,True
6606,3,2024-02-29,5000,SUPERVISION,True
6607,3,2024-02-29,5000,SUPERVISION,True
6608,3,2024-03-04,1000,SIM,True
6609,3,2024-03-04,1000,SIM,True
6610,3,2024-03-08,5000,SUPERVISION,True
6611,3,2024-03-11,1000,SIM,True
6612,3,2024-03-11,1000,SIM,True
6613,3,2024-03-12,5000,SUPERVISION,True
6614,3,2024-03-12,5000,SUPERVISION,True
6615,3,2024-03-14,5000,SUPERVISION,False
6616,3,2024-03-15,5000,SUPERVISION,False
6617,3,2024-03-15,5000,SUPERVISION,False
6618,3,2024-03-16,1000,SIM,False
6619,3,2024-03-18,100,PASS,False
6620,3,2024-03-19,5000,SUPERVISION,False
6621,3,2024-03-21,5000,SUPERVISION,False
6622,3,2024-03-24,5000,SUPERVISION,False
6623,3,2024-03-31,5000,SUPERVISION,True
6624,3,2024-03-31,5000,SUPERVISION,True
6625,3,2024-04-01,1000,SIM,True
6626,3,2024-04-02,1000,SIM,True
6627,3,2024-04-06,100,PASS,True
6628,3,2024-04-08,5000,SUPERVISION,True
6629,3,2024-04-08,5000,SUPERVISION,True
6630,3,2024-04-10,5000,SUPERVISION,True
6631,3,2024-04-11,5000,SUPERVISION,True
6632,3,2024-04-11,5000,SUPERVISION,False
6633,3,2024-04-11,5000,SUPERVISION,False
6634,3,2024-04-12,100,PASS,False
6635,3,2024-04-13,100,PASS,True
6636,3,2024-04-14,100,PASS,True
6637,3,2024-04-16,100,PASS,False
6638,3,2024-04-16,100,PASS,False
6639,3,2024-04-16,5000,SUPERVISION,False
6640,3,2024-04-17,5000,SUPERVISION,False
6641,3,2024-04-18,1000,SIM,False
6642,3,2024-04-24,1000,SIM,False
6643,3,2024-04-25,1000,SIM,True
6644,3,2024-04-29,1000,SIM,True
6645,3,2024-05-01,5000,SUPERVISION,True
6646,3,2024-05-01,1000,SIM,True
6647,3,2024-05-02,1000,SIM,False
6648,3,2024-05-04,1000,SIM,False
6649,3,2024-05-05,1000,SIM,False
6650,3,2024-05-05,1000,SIM,True
6651,3,2024-05-06,1000,SIM,True
6652,3,2024-05-11,100,PASS,True
6653,3,2024-05-23,5000,SUPERVISION,True
6654,3,2024-05-24,5000,SUPERVISION,True
6655,3,2024-05-25,1000,SIM,True
6656,3,2024-05-27,100,PASS,True
6657,3,2024-05-29,5000,SUPERVISION,True
6658,3,2024-05-30,5000,SUPERVISION,False
6659,3,2024-05-31,5000,SUPERVISION,False
6660,3,2024-06-06,1000,SIM,False
6661,3,2024-06-10,5000,SUPERVISION,False
6662,3,2024-06-10,5000,SUPERVISION,False
6663,3,2024-06-12,1000,SIM,False
6664,3,2024-06-12,100,PASS,False
6665,3,2024-06-15,100,PASS,False
6666,3,2024-06-16,100,PASS,False
6667,3,2024-06-27,5000,SUPERVISION,False
6668,3,2024-06-27,100,PASS,False
6669,3,2024-07-01,5000,SUPERVISION,False
6670,3,2024-07-12,5000,SUPERVISION,False
6671,3,2024-07-12,5000,SUPERVISION,False
6672,3,2024-07-13,5000,SUPERVISION,False
6673,3,2024-07-15,5000,SUPERVISION,False
6674,3,2024-07-15,5000,SUPERVISION,False
6675,3,2024-07-19,1000,SIM,False
6676,3,2024-07-19,1000,SIM,False
6677,3,2024-07-20,5000,SUPERVISION,False
6678,3,2024-07-23,1000,SIM,False
6679,3,2024-07-24,1000,SIM,True
6680,3,2024-08-05,1000,SIM,True
6681,3,2024-08-06,100,PASS,True
6682,3,2024-08-11,100,PASS,True
6683,3,2024-08-16,5000,SUPERVISION,True
6684,3,2024-08-18,5000,SUPERVISION,True
6685,3,2024-08-22,5000,SUPERVISION,True
6686,3,2024-08-22,100,PASS,True
6687,3,2024-08-23,5000,SUPERVISION,True
6688,3,2024-08-23,100,PASS,True
6689,3,2024-08-29,100,PASS,True
6690,3,2024-08-29,5000,SUPERVISION,True
6691,3,2024-09-04,5000,SUPERVISION,True
6692,3,2024-09-06,5000,SUPERVISION,False
6693,3,2024-09-06,5000,SUPERVISION,False
6694,3,2024-09-06,100,PASS,False
6695,3,2024-09-06,5000,SUPERVISION,False
6696,3,2024-09-07,5000,SUPERVISION,False
6697,3,2024-09-08,100,PASS,False
6698,3,2024-09-10,100,PASS,False
6699,3,2024-09-12,100,PASS,True
6700,3,2024-09-14,100,PASS,True
6701,3,2024-09-14,5000,SUPERVISION,True
6702,3,2024-09-14,5000,SUPERVISION,True
6703,3,2024-09-15,5000,SUPERVISION,True
6704,3,2024-09-16,5000,SUPERVISION,True
6705,3,2024-09-17,5000,SUPERVISION,True
6706,3,2024-09-18,5000,SUPERVISION,True
6707,3,2024-09-20,1000,SIM,True
6708,3,2024-09-21,1000,SIM,True
6709,3,2024-09-27,1000,SIM,True
6710,3,2024-09-30,100,PASS,True
6711,3,2024-10-01,100,PASS,True
6712,3,2024-10-03,5000,SUPERVISION,True
6713,3,2024-10-07,5000,SUPERVISION,True
6714,3,2024-10-09,5000,SUPERVISION,False
6715,3,2024-10-16,5000,SUPERVISION,False
6716,3,2024-10-16,5000,SUPERVISION,False
6717,3,2024-10-17,5000,SUPERVISION,False
6718,3,2024-10-21,1000,SIM,False
6719,3,2024-10-21,5000,SUPERVISION,False
6720,3,2024-10-22,5000,SUPERVISION,True
6721,3,2024-10-23,5000,SUPERVISION,True
6722,3,2024-10-27,5000,SUPERVISION,False
6723,3,2024-10-31,5000,SUPERVISION,False
6724,3,2024-11-04,5000,SUPERVISION,False
6725,3,2024-11-04,5000,SUPERVISION,True
6726,3,2024-11-06,5000,SUPERVISION,True
6727,3,2024-11-07,5000,SUPERVISION,True
6728,3,2024-11-07,5000,SUPERVISION,True
6729,3,2024-11-08,5000,SUPERVISION,True
6730,3,2024-11-08,5000,SUPERVISION,True
6731,3,2024-11-09,5000,SUPERVISION,False
6732,3,2024-11-10,5000,SUPERVISION,False
6733,3,2024-11-14,5000,SUPERVISION,False
6734,3,2024-11-15,5000,SUPERVISION,False
6735,3,2024-11-15,5000,SUPERVISION,False
6736,3,2024-11-16,1000,SIM,False
6737,3,2024-11-17,1000,SIM,True
6738,3,2024-11-18,1000,SIM,True
6739,3,2024-11-26,100,PASS,True
6740,3,2024-11-28,5000,SUPERVISION,True
6741,3,2024-11-28,5000,SUPERVISION,False
6742,3,2024-11-28,5000,SUPERVISION,False
6743,3,2024-11-28,5000,SUPERVISION,False
6744,3,2024-11-30,5000,SUPERVISION,True
6745,3,2024-12-02,5000,SUPERVISION,True
6746,3,2024-12-08,5000,SUPERVISION,True
6747,3,2024-12-10,5000,SUPERVISION,True
6748,3,2024-12-12,5000,SUPERVISION,True
6749,3,2024-12-13,5000,SUPERVISION,False
6750,3,2024-12-14,5000,SUPERVISION,False
6751,3,2024-12-17,5000,SUPERVISION,False
6752,3,2024-12-18,5000,SUPERVISION,False
6753,3,2024-12-18,5000,SUPERVISION,False
6754,3,2024-12-20,5000,SUPERVISION,False
6755,3,2024-12-22,5000,SUPERVISION,False
6756,3,2024-12-25,5000,SUPERVISION,True
6757,3,2024-12-27,5000,SUPERVISION,True
6758,3,2024-12-27,5000,SUPERVISION,True
6759,3,2024-12-31,5000,SUPERVISION,True
6760,3,2025-01-01,5000,SUPERVISION,False
6761,3,2025-01-02,5000,SUPERVISION,False
6762,3,2025-01-03,5000,SUPERVISION,True
6763,3,2025-01-06,5000,SUPERVISION,True
6764,3,2025-01-09,5000,SUPERVISION,True
6765,3,2025-01-10,5000,SUPERVISION,False
6766,3,2025-01-17,5000,SUPERVISION,False
6767,3,2025-01-20,5000,SUPERVISION,True
6768,3,2025-01-24,5000,SUPERVISION,True
6769,3,2025-01-25,5000,SUPERVISION,True
6770,3,2025-01-27,5000,SUPERVISION,False
6771,3,2025-01-28,5000,SUPERVISION,False
6772,3,2025-02-01,5000,SUPERVISION,False
6773,3,2025-02-02,5000,SUPERVISION,False
6774,3,2025-02-06,5000,SUPERVISION,True
6775,3,2025-02-07,5000,SUPERVISION,True
6776,3,2025-02-08,5000,SUPERVISION,False
6777,3,2025-02-09,5000,SUPERVISION,False
6778,3,2025-02-11,5000,SUPERVISION,True
6779,3,2025-02-13,5000,SUPERVISION,True
6780,3,2025-02-13,5000,SUPERVISION,True
6781,3,2025-02-14,1000,SIM,True
6782,3,2025-02-15,1000,SIM,False
6783,3,2025-02-16,1000,SIM,False
6784,3,2025-02-19,100,PASS,False
6785,3,2025-02-19,100,PASS,False
6786,3,2025-02-23,5000,SUPERVISION,False
6787,3,2025-02-28,5000,SUPERVISION,True
6788,3,2025-03-02,5000,SUPERVISION,True
6789,3,2025-03-06,100,PASS,True
6790,3,2025-03-07,5000,SUPERVISION,True
6791,3,2025-03-08,100,PASS,True
6792,3,2025-03-09,5000,SUPERVISION,True
6793,3,2025-03-10,5000,SUPERVISION,False
6794,3,2025-03-14,5000,SUPERVISION,False
6795,3,2025-03-14,1000,SIM,False
6796,3,2025-03-14,5000,SUPERVISION,False
6797,3,2025-03-17,5000,SUPERVISION,False
6798,3,2025-03-17,5000,SUPERVISION,False
6799,3,2025-03-18,5000,SUPERVISION,True
6800,3,2025-03-20,5000,SUPERVISION,True
6801,3,2025-03-20,5000,SUPERVISION,True
6802,3,2025-03-24,5000,SUPERVISION,False
6803,3,2025-03-26,5000,SUPERVISION,False
6804,3,2025-03-27,5000,SUPERVISION,True
6805,3,2025-03-27,5000,SUPERVISION,True
6806,3,2025-03-28,1000,SIM,True
6807,3,2025-03-28,5000,SUPERVISION,True
6808,3,2025-04-03,5000,SUPERVISION,True
6809,3,2025-04-04,5000,SUPERVISION,True
6810,3,2025-04-07,5000,SUPERVISION,True
6811,3,2025-04-10,5000,SUPERVISION,True
6812,3,2025-04-13,5000,SUPERVISION,False
6813,3,2025-04-15,5000,SUPERVISION,False
6814,3,2025-04-15,5000,SUPERVISION,False
6815,3,2025-04-17,5000,SUPERVISION,False
6816,3,2025-04-20,100,PASS,False
6817,3,2025-05-02,5000,SUPERVISION,False
6818,3,2025-05-09,1000,SIM,False
6819,3,2025-05-10,1000,SIM,False
6820,3,2025-05-10,100,PASS,False
6821,3,2025-05-12,100,PASS,False
6822,3,2025-05-12,5000,SUPERVISION,False
6823,3,2025-05-13,5000,SUPERVISION,True
6824,3,2025-05-14,5000,SUPERVISION,True
6825,3,2025-05-14,5000,SUPERVISION,True
6826,3,2025-05-16,100,PASS,True
6827,3,2025-05-17,5000,SUPERVISION,True
6828,3,2025-05-20,5000,SUPERVISION,True
6829,3,2025-05-22,5000,SUPERVISION,True
6830,3,2025-05-25,1000,SIM,True
6831,3,2025-05-29,100,PASS,True
6832,3,2025-05-29,5000,SUPERVISION,True
6833,3,2025-05-31,5000,SUPERVISION,False
6834,3,2025-05-31,5000,SUPERVISION,False
6835,3,2025-05-31,5000,SUPERVISION,False
6836,3,2025-06-05,5000,SUPERVISION,False
6837,3,2025-06-06,5000,SUPERVISION,False
6838,3,2025-06-07,100,PASS,False
6839,3,2025-06-08,100,PASS,False
6840,3,2025-06-08,1000,SIM,False
6841,3,2025-06-08,100,PASS,False
6842,3,2025-06-09,1000,SIM,False
6843,3,2025-06-09,100,PASS,False
6844,3,2025-06-10,5000,SUPERVISION,False
6845,3,2025-06-10,5000,SUPERVISION,False
6846,3,2025-06-18,5000,SUPERVISION,False
6847,3,2025-06-18,5000,SUPERVISION,True
6848,3,2025-06-19,5000,SUPERVISION,True
6849,3,2025-06-20,5000,SUPERVISION,False
6850,3,2025-06-22,5000,SUPERVISION,False
6851,3,2025-06-24,5000,SUPERVISION,False
6852,3,2025-06-26,5000,SUPERVISION,True
6853,3,2025-07-01,5000,SUPERVISION,True
6854,3,2025-07-05,1000,SIM,True
6855,3,2025-07-07,5000,SUPERVISION,True
6856,3,2025-07-09,5000,SUPERVISION,False
6857,3,2025-07-10,5000,SUPERVISION,False
6858,3,2025-07-14,5000,SUPERVISION,False
6859,3,2025-07-14,5000,SUPERVISION,True
6860,3,2025-07-14,5000,SUPERVISION,True
6861,3,2025-07-17,100,PASS,True
6862,3,2025-07-27,100,PASS,False
6863,3,2025-07-29,100,PASS,False
6864,3,2025-08-01,100,PASS,True
6865,3,2025-08-03,100,PASS,True
6866,3,2025-08-04,100,PASS,False
6867,3,2025-08-07,100,PASS,False
6868,3,2025-08-07,5000,SUPERVISION,False
6869,3,2025-08-08,1000,SIM,False
6870,3,2025-08-08,100,PASS,False
6871,3,2025-08-08,100,PASS,False
6872,3,2025-08-09,5000,SUPERVISION,False
6873,3,2025-08-11,5000,SUPERVISION,False
6874,3,2025-08-11,5000,SUPERVISION,False
6875,3,2025-08-14,1000,SIM,False
6876,3,2025-08-15,100,PASS,False
6877,3,2025-08-15,5000,SUPERVISION,False
6878,3,2025-08-15,5000,SUPERVISION,False
6879,3,2025-08-16,1000,SIM,False
6880,3,2025-08-19,100,PASS,False
6881,3,2025-08-20,1000,SIM,False
6882,3,2025-08-20,1000,SIM,False
6883,3,2025-08-22,1000,SIM,False
6884,3,2025-08-23,100,PASS,False
6885,3,2025-08-27,1000,SIM,False
6886,3,2025-08-31,1000,SIM,True
6887,3,2025-09-01,1000,SIM,True
6888,3,2025-09-02,1000,SIM,True
6889,3,2025-09-03,100,PASS,True
6890,3,2025-09-04,5000,SUPERVISION,True
6891,3,2025-09-04,5000,SUPERVISION,True
6892,3,2025-09-06,5000,SUPERVISION,False
6893,3,2025-09-06,5000,SUPERVISION,False
6894,3,2025-09-07,100,PASS,False
6895,3,2025-09-07,5000,SUPERVISION,False
6896,3,2025-09-07,5000,SUPERVISION,True
6897,3,2025-09-07,5000,SUPERVISION,True
6898,3,2025-09-08,1000,SIM,True
6899,3,2025-09-09,5000,SUPERVISION,True
6900,3,2025-09-11,5000,SUPERVISION,True
6901,3,2025-09-14,5000,SUPERVISION,True
6902,3,2025-09-15,5000,SUPERVISION,True
6903,3,2025-09-15,5000,SUPERVISION,False
6904,3,2025-09-19,5000,SUPERVISION,False
6905,3,2025-09-20,1000,SIM,False
6906,3,2025-09-20,100,PASS,False
6907,3,2025-09-23,5000,SUPERVISION,False
6908,3,2025-10-02,1000,SIM,False
6909,3,2025-10-06,1000,SIM,False
6910,3,2025-10-06,100,PASS,False
6911,3,2025-10-10,5000,SUPERVISION,False
6912,3,2025-10-11,5000,SUPERVISION,False
6913,3,2025-10-11,5000,SUPERVISION,False
6914,3,2025-10-11,5000,SUPERVISION,False
6915,3,2025-10-11,5000,SUPERVISION,True
6916,3,2025-10-13,5000,SUPERVISION,True
6917,3,2025-10-14,5000,SUPERVISION,True
6918,3,2025-10-17,5000,SUPERVISION,True
6919,3,2025-10-22,1000,SIM,True
6920,3,2025-10-26,1000,SIM,True
6921,3,2025-10-29,1000,SIM,True
6922,3,2025-10-29,1000,SIM,True
6923,3,2025-11-01,100,PASS,True
6924,3,2025-11-04,5000,SUPERVISION,True
6925,3,2025-11-05,5000,SUPERVISION,True
6926,3,2025-11-05,5000,SUPERVISION,True
6927,3,2025-11-06,1000,SIM,True
6928,3,2025-11-09,1000,SIM,True
6929,3,2025-11-09,5000,SUPERVISION,True
6930,3,2025-11-10,5000,SUPERVISION,True
6931,3,2025-11-11,5000,SUPERVISION,False
6932,3,2025-11-15,5000,SUPERVISION,False
6933,3,2025-11-18,5000,SUPERVISION,False
6934,3,2025-11-19,5000,SUPERVISION,False
6935,3,2025-11-23,5000,SUPERVISION,True
6936,3,2025-11-27,5000,SUPERVISION,True
6937,3,2025-11-27,5000,SUPERVISION,False
6938,3,2025-11-28,5000,SUPERVISION,False
6939,3,2025-11-30,5000,SUPERVISION,True
6940,3,2025-11-30,5000,SUPERVISION,True
6941,3,2025-12-01,5000,SUPERVISION,True
6942,3,2025-12-07,1000,SIM,True
6943,3,2025-12-07,100,PASS,True
6944,3,2025-12-09,5000,SUPERVISION,True
6945,3,2025-12-10,1000,SIM,True
6946,3,2025-12-10,5000,SUPERVISION,True
6947,3,2025-12-10,100,PASS,True
6948,3,2025-12-11,100,PASS,False
6949,3,2025-12-13,100,PASS,False
6950,3,2025-12-20,5000,SUPERVISION,False
6951,3,2025-12-22,100,PASS,False
6952,3,2025-12-23,5000,SUPERVISION,False
6953,3,2025-12-24,100,PASS,False
6954,3,2025-12-26,5000,SUPERVISION,False
6955,3,2025-12-28,5000,SUPERVISION,False
6956,3,2025-12-29,5000,SUPERVISION,False
6957,3,2026-01-06,5000,SUPERVISION,False
6958,3,2026-01-06,5000,SUPERVISION,False
6959,3,2026-01-07,5000,SUPERVISION,False
6960,3,2026-01-08,5000,SUPERVISION,False
6961,3,2026-01-11,5000,SUPERVISION,False
6962,3,2026-01-12,5000,SUPERVISION,False
6963,3,2026-01-12,1000,SIM,False
6964,3,2026-01-12,1000,SIM,False
6965,3,2026-01-15,1000,SIM,False
6966,3,2026-01-27,1000,SIM,False
6967,3,2026-01-27,100,PASS,False
6968,3,2026-01-29,100,PASS,False
6969,3,2026-01-30,5000,SUPERVISION,False
6970,3,2026-01-31,1000,SIM,False
6971,3,2026-01-31,100,PASS,False
6972,3,2026-02-02,5000,SUPERVISION,False
6973,3,2026-02-04,5000,SUPERVISION,False
6974,3,2026-02-05,5000,SUPERVISION,False
6975,3,2026-02-07,1000,SIM,False
6976,3,2026-02-09,1000,SIM,False
6977,3,2026-02-11,5000,SUPERVISION,False
6978,3,2026-02-13,1000,SIM,False
6979,3,2026-02-16,1000,SIM,True
6980,3,2026-02-18,1000,SIM,True
6981,3,2026-02-21,5000,SUPERVISION,True
6982,3,2026-02-22,5000,SUPERVISION,True
6983,3,2026-02-22,1000,SIM,True
6984,3,2026-02-27,100,PASS,True
6985,3,2026-02-28,1000,SIM,True
6986,3,2026-03-01,5000,SUPERVISION,True
6987,3,2026-03-01,5000,SUPERVISION,True
6988,3,2026-03-04,100,PASS,True
6989,3,2026-03-05,5000,SUPERVISION,True
6990,3,2026-03-05,5000,SUPERVISION,True
6991,3,2026-03-11,5000,SUPERVISION,True
6992,3,2026-03-13,5000,SUPERVISION,True
6993,3,2026-03-19,5000,SUPERVISION,False
6994,3,2026-03-21,5000,SUPERVISION,False
6995,3,2026-03-23,5000,SUPERVISION,False
6996,3,2026-03-26,1000,SIM,False
6997,3,2026-03-28,1000,SIM,True
6998,3,2026-03-31,1000,SIM,True
6999,3,2026-04-01,5000,SUPERVISION,True
7000,3,2026-04-10,5000,SUPERVISION,True
7001,3,2026-04-12,5000,SUPERVISION,False
7002,3,2026-04-15,5000,SUPERVISION,False
7003,3,2026-04-22,5000,SUPERVISION,False
7004,3,2026-04-25,100,PASS,False
7005,2,2023-01-22,1000,SIM,True
7006,2,2023-01-22,100,PASS,True
7007,2,2023-01-22,5000,SUPERVISION,True
7008,2,2023-01-23,5000,SUPERVISION,True
7009,2,2023-01-23,5000,SUPERVISION,True
7010,2,2023-01-25,5000,SUPERVISION,True
7011,2,2023-01-26,5000,SUPERVISION,False
7012,2,2023-01-27,5000,SUPERVISION,False
7013,2,2023-01-28,100,PASS,False
7014,2,2023-01-28,5000,SUPERVISION,False
7015,2,2023-01-28,1000,SIM,False
7016,2,2023-01-28,5000,SUPERVISION,False
7017,2,2023-01-30,5000,SUPERVISION,False
7018,2,2023-01-30,1000,SIM,False
7019,2,2023-01-31,1000,SIM,False
7020,2,2023-01-31,100,PASS,False
7021,2,2023-01-31,1000,SIM,False
7022,2,2023-01-31,100,PASS,False
7023,2,2023-02-02,100,PASS,True
7024,2,2023-02-03,100,PASS,True
7025,2,2023-02-03,100,PASS,True
7026,2,2023-02-06,5000,SUPERVISION,True
7027,2,2023-02-06,5000,SUPERVISION,True
7028,2,2023-02-06,5000,SUPERVISION,True
7029,2,2023-02-06,5000,SUPERVISION,True
7030,2,2023-02-08,5000,SUPERVISION,True
7031,2,2023-02-08,5000,SUPERVISION,True
7032,2,2023-02-09,5000,SUPERVISION,True
7033,2,2023-02-10,1000,SIM,True
7034,2,2023-02-13,5000,SUPERVISION,True
7035,2,2023-02-13,5000,SUPERVISION,True
7036,2,2023-02-15,5000,SUPERVISION,False
7037,2,2023-02-15,5000,SUPERVISION,False
7038,2,2023-02-16,5000,SUPERVISION,False
7039,2,2023-02-17,1000,SIM,False
7040,2,2023-02-17,1000,SIM,False
7041,2,2023-02-19,1000,SIM,False
7042,2,2023-02-21,1000,SIM,False
7043,2,2023-02-21,1000,SIM,False
7044,2,2023-02-22,100,PASS,False
7045,2,2023-02-22,1000,SIM,False
7046,2,2023-02-23,5000,SUPERVISION,False
7047,2,2023-02-23,5000,SUPERVISION,False
7048,2,2023-02-25,5000,SUPERVISION,False
7049,2,2023-02-25,5000,SUPERVISION,False
7050,2,2023-02-25,5000,SUPERVISION,False
7051,2,2023-02-25,5000,SUPERVISION,True
7052,2,2023-02-27,5000,SUPERVISION,True
7053,2,2023-03-01,5000,SUPERVISION,True
7054,2,2023-03-01,100,PASS,True
7055,2,2023-03-01,5000,SUPERVISION,True
7056,2,2023-03-01,100,PASS,True
7057,2,2023-03-01,100,PASS,False
7058,2,2023-03-04,100,PASS,False
7059,2,2023-03-05,100,PASS,True
7060,2,2023-03-06,100,PASS,True
7061,2,2023-03-08,5000,SUPERVISION,True
7062,2,2023-03-10,5000,SUPERVISION,True
7063,2,2023-03-10,1000,SIM,True
7064,2,2023-03-11,100,PASS,True
7065,2,2023-03-11,5000,SUPERVISION,True
7066,2,2023-03-11,5000,SUPERVISION,True
7067,2,2023-03-11,5000,SUPERVISION,False
7068,2,2023-03-13,5000,SUPERVISION,False
7069,2,2023-03-14,1000,SIM,False
7070,2,2023-03-14,5000,SUPERVISION,False
7071,2,2023-03-17,5000,SUPERVISION,False
7072,2,2023-03-17,5000,SUPERVISION,False
7073,2,2023-03-19,1000,SIM,False
7074,2,2023-03-20,100,PASS,False
7075,2,2023-03-20,5000,SUPERVISION,False
7076,2,2023-03-21,5000,SUPERVISION,False
7077,2,2023-03-22,5000,SUPERVISION,False
7078,2,2023-03-22,5000,SUPERVISION,False
7079,2,2023-03-22,5000,SUPERVISION,True
7080,2,2023-03-22,5000,SUPERVISION,True
7081,2,2023-03-22,100,PASS,True
7082,2,2023-03-24,5000,SUPERVISION,True
7083,2,2023-03-26,1000,SIM,True
7084,2,2023-03-27,5000,SUPERVISION,True
7085,2,2023-03-29,5000,SUPERVISION,True
7086,2,2023-03-29,5000,SUPERVISION,True
7087,2,2023-03-30,1000,SIM,True
7088,2,2023-03-30,1000,SIM,True
7089,2,2023-03-30,1000,SIM,True
7090,2,2023-03-30,1000,SIM,False
7091,2,2023-03-31,1000,SIM,False
7092,2,2023-04-02,1000,SIM,False
7093,2,2023-04-03,1000,SIM,False
7094,2,2023-04-06,100,PASS,False
7095,2,2023-04-06,100,PASS,False
7096,2,2023-04-06,5000,SUPERVISION,False
7097,2,2023-04-07,5000,SUPERVISION,False
7098,2,2023-04-08,5000,SUPERVISION,False
7099,2,2023-04-09,5000,SUPERVISION,False
7100,2,2023-04-09,5000,SUPERVISION,False
7101,2,2023-04-09,5000,SUPERVISION,False
7102,2,2023-04-09,5000,SUPERVISION,False
7103,2,2023-04-11,5000,SUPERVISION,False
7104,2,2023-04-12,100,PASS,False
7105,2,2023-04-12,5000,SUPERVISION,False
7106,2,2023-04-14,5000,SUPERVISION,False
7107,2,2023-04-14,5000,SUPERVISION,True
7108,2,2023-04-15,5000,SUPERVISION,True
7109,2,2023-04-15,5000,SUPERVISION,False
7110,2,2023-04-16,5000,SUPERVISION,False
7111,2,2023-04-16,100,PASS,False
7112,2,2023-04-17,5000,SUPERVISION,False
7113,2,2023-04-17,5000,SUPERVISION,True
7114,2,2023-04-18,5000,SUPERVISION,True
7115,2,2023-04-18,5000,SUPERVISION,True
7116,2,2023-04-18,5000,SUPERVISION,False
7117,2,2023-04-18,5000,SUPERVISION,False
7118,2,2023-04-19,100,PASS,False
7119,2,2023-04-19,100,PASS,False
7120,2,2023-04-19,5000,SUPERVISION,False
7121,2,2023-04-19,5000,SUPERVISION,False
7122,2,2023-04-19,5000,SUPERVISION,True
7123,2,2023-04-19,5000,SUPERVISION,True
7124,2,2023-04-20,1000,SIM,True
7125,2,2023-04-20,1000,SIM,True
7126,2,2023-04-20,100,PASS,True
7127,2,2023-04-21,5000,SUPERVISION,True
7128,2,2023-04-21,5000,SUPERVISION,False
7129,2,2023-04-22,5000,SUPERVISION,False
7130,2,2023-04-22,5000,SUPERVISION,False
7131,2,2023-04-22,5000,SUPERVISION,True
7132,2,2023-04-22,5000,SUPERVISION,True
7133,2,2023-04-22,5000,SUPERVISION,False
7134,2,2023-04-22,5000,SUPERVISION,False
7135,2,2023-04-25,5000,SUPERVISION,True
7136,2,2023-04-25,5000,SUPERVISION,True
7137,2,2023-04-26,1000,SIM,True
7138,2,2023-04-26,100,PASS,True
7139,2,2023-04-28,1000,SIM,True
7140,2,2023-04-30,1000,SIM,True
7141,2,2023-04-30,1000,SIM,False
7142,2,2023-04-30,1000,SIM,False
7143,2,2023-05-02,5000,SUPERVISION,False
7144,2,2023-05-03,100,PASS,False
7145,2,2023-05-03,100,PASS,False
7146,2,2023-05-04,5000,SUPERVISION,False
7147,2,2023-05-04,5000,SUPERVISION,True
7148,2,2023-05-04,5000,SUPERVISION,True
7149,2,2023-05-04,5000,SUPERVISION,True
7150,2,2023-05-04,5000,SUPERVISION,True
7151,2,2023-05-06,1000,SIM,True
7152,2,2023-05-07,5000,SUPERVISION,True
7153,2,2023-05-07,5000,SUPERVISION,True
7154,2,2023-05-08,1000,SIM,True
7155,2,2023-05-10,100,PASS,True
7156,2,2023-05-10,5000,SUPERVISION,True
7157,2,2023-05-12,5000,SUPERVISION,False
7158,2,2023-05-13,5000,SUPERVISION,False
7159,2,2023-05-13,100,PASS,False
7160,2,2023-05-14,100,PASS,True
7161,2,2023-05-14,100,PASS,True
7162,2,2023-05-17,5000,SUPERVISION,True
7163,2,2023-05-20,5000,SUPERVISION,False
7164,2,2023-05-22,5000,SUPERVISION,False
7165,2,2023-05-22,5000,SUPERVISION,False
7166,2,2023-05-23,1000,SIM,False
7167,2,2023-05-25,5000,SUPERVISION,False
7168,2,2023-05-27,5000,SUPERVISION,False
7169,2,2023-05-29,1000,SIM,False
7170,2,2023-05-29,100,PASS,False
7171,2,2023-05-29,1000,SIM,False
7172,2,2023-05-31,1000,SIM,True
7173,2,2023-05-31,1000,SIM,True
7174,2,2023-06-02,1000,SIM,False
7175,2,2023-06-02,1000,SIM,False
7176,2,2023-06-04,1000,SIM,True
7177,2,2023-06-04,1000,SIM,True
7178,2,2023-06-05,100,PASS,True
7179,2,2023-06-05,5000,SUPERVISION,True
7180,2,2023-06-05,5000,SUPERVISION,True
7181,2,2023-06-06,1000,SIM,True
7182,2,2023-06-06,100,PASS,True
7183,2,2023-06-07,100,PASS,False
7184,2,2023-06-09,100,PASS,False
7185,2,2023-06-10,5000,SUPERVISION,False
7186,2,2023-06-10,5000,SUPERVISION,True
7187,2,2023-06-10,5000,SUPERVISION,True
7188,2,2023-06-11,100,PASS,True
7189,2,2023-06-11,100,PASS,True
7190,2,2023-06-11,5000,SUPERVISION,True
7191,2,2023-06-12,1000,SIM,True
7192,2,2023-06-16,5000,SUPERVISION,True
7193,2,2023-06-17,1000,SIM,True
7194,2,2023-06-17,5000,SUPERVISION,True
7195,2,2023-06-18,100,PASS,True
7196,2,2023-06-19,5000,SUPERVISION,True
7197,2,2023-06-21,5000,SUPERVISION,False
7198,2,2023-06-21,5000,SUPERVISION,False
7199,2,2023-06-21,5000,SUPERVISION,True
7200,2,2023-06-22,5000,SUPERVISION,True
7201,2,2023-06-24,5000,SUPERVISION,True
7202,2,2023-06-25,5000,SUPERVISION,True
7203,2,2023-06-26,5000,SUPERVISION,True
7204,2,2023-06-26,5000,SUPERVISION,False
7205,2,2023-06-28,5000,SUPERVISION,False
7206,2,2023-06-28,5000,SUPERVISION,False
7207,2,2023-06-30,5000,SUPERVISION,False
7208,2,2023-07-01,5000,SUPERVISION,False
7209,2,2023-07-01,5000,SUPERVISION,True
7210,2,2023-07-02,5000,SUPERVISION,True
7211,2,2023-07-04,1000,SIM,True
7212,2,2023-07-05,1000,SIM,True
7213,2,2023-07-07,100,PASS,True
7214,2,2023-07-08,5000,SUPERVISION,True
7215,2,2023-07-08,5000,SUPERVISION,True
7216,2,2023-07-09,5000,SUPERVISION,True
7217,2,2023-07-10,5000,SUPERVISION,True
7218,2,2023-07-10,5000,SUPERVISION,True
7219,2,2023-07-11,1000,SIM,True
7220,2,2023-07-12,1000,SIM,True
7221,2,2023-07-12,1000,SIM,False
7222,2,2023-07-14,1000,SIM,False
7223,2,2023-07-14,1000,SIM,False
7224,2,2023-07-16,100,PASS,False
7225,2,2023-07-17,5000,SUPERVISION,False
7226,2,2023-07-17,5000,SUPERVISION,False
7227,2,2023-07-18,5000,SUPERVISION,False
7228,2,2023-07-19,5000,SUPERVISION,True
7229,2,2023-07-19,5000,SUPERVISION,True
7230,2,2023-07-21,5000,SUPERVISION,True
7231,2,2023-07-21,1000,SIM,True
7232,2,2023-07-23,100,PASS,True
7233,2,2023-07-23,100,PASS,True
7234,2,2023-07-24,5000,SUPERVISION,True
7235,2,2023-07-24,5000,SUPERVISION,False
7236,2,2023-07-25,5000,SUPERVISION,False
7237,2,2023-07-26,1000,SIM,False
7238,2,2023-07-27,1000,SIM,True
7239,2,2023-07-29,1000,SIM,True
7240,2,2023-07-29,1000,SIM,False
7241,2,2023-08-01,1000,SIM,False
7242,2,2023-08-01,100,PASS,False
7243,2,2023-08-01,100,PASS,True
7244,2,2023-08-02,100,PASS,True
7245,2,2023-08-02,5000,SUPERVISION,True
7246,2,2023-08-03,5000,SUPERVISION,True
7247,2,2023-08-04,1000,SIM,True
7248,2,2023-08-04,1000,SIM,True
7249,2,2023-08-05,100,PASS,True
7250,2,2023-08-06,5000,SUPERVISION,True
7251,2,2023-08-07,100,PASS,True
7252,2,2023-08-10,100,PASS,False
7253,2,2023-08-10,100,PASS,False
7254,2,2023-08-11,100,PASS,True
7255,2,2023-08-11,100,PASS,True
7256,2,2023-08-13,5000,SUPERVISION,True
7257,2,2023-08-13,5000,SUPERVISION,True
7258,2,2023-08-14,1000,SIM,True
7259,2,2023-08-14,5000,SUPERVISION,True
7260,2,2023-08-14,1000,SIM,True
7261,2,2023-08-15,5000,SUPERVISION,True
7262,2,2023-08-15,5000,SUPERVISION,True
7263,2,2023-08-17,5000,SUPERVISION,True
7264,2,2023-08-20,5000,SUPERVISION,True
7265,2,2023-08-21,5000,SUPERVISION,True
7266,2,2023-08-22,5000,SUPERVISION,False
7267,2,2023-08-22,5000,SUPERVISION,False
7268,2,2023-08-23,5000,SUPERVISION,False
7269,2,2023-08-23,1000,SIM,False
7270,2,2023-08-25,1000,SIM,True
7271,2,2023-08-26,1000,SIM,True
7272,2,2023-08-27,5000,SUPERVISION,True
7273,2,2023-08-28,5000,SUPERVISION,True
7274,2,2023-08-28,1000,SIM,True
7275,2,2023-08-29,1000,SIM,True
7276,2,2023-08-29,5000,SUPERVISION,True
7277,2,2023-08-29,100,PASS,True
7278,2,2023-08-31,5000,SUPERVISION,True
7279,2,2023-09-03,5000,SUPERVISION,True
7280,2,2023-09-03,5000,SUPERVISION,True
7281,2,2023-09-04,1000,SIM,True
7282,2,2023-09-04,100,PASS,True
7283,2,2023-09-05,100,PASS,True
7284,2,2023-09-06,5000,SUPERVISION,True
7285,2,2023-09-07,5000,SUPERVISION,True
7286,2,2023-09-07,100,PASS,True
7287,2,2023-09-08,5000,SUPERVISION,True
7288,2,2023-09-10,5000,SUPERVISION,True
7289,2,2023-09-11,1000,SIM,True
7290,2,2023-09-12,5000,SUPERVISION,True
7291,2,2023-09-12,5000,SUPERVISION,True
7292,2,2023-09-13,5000,SUPERVISION,True
7293,2,2023-09-14,5000,SUPERVISION,True
7294,2,2023-09-14,1000,SIM,True
7295,2,2023-09-16,5000,SUPERVISION,True
7296,2,2023-09-16,1000,SIM,True
7297,2,2023-09-16,5000,SUPERVISION,True
7298,2,2023-09-17,5000,SUPERVISION,False
7299,2,2023-09-17,5000,SUPERVISION,False
7300,2,2023-09-18,5000,SUPERVISION,False
7301,2,2023-09-18,5000,SUPERVISION,True
7302,2,2023-09-18,5000,SUPERVISION,True
7303,2,2023-09-18,5000,SUPERVISION,True
7304,2,2023-09-23,5000,SUPERVISION,False
7305,2,2023-09-23,5000,SUPERVISION,False
7306,2,2023-09-24,5000,SUPERVISION,True
7307,2,2023-09-25,5000,SUPERVISION,True
7308,2,2023-09-27,5000,SUPERVISION,True
7309,2,2023-09-29,5000,SUPERVISION,False
7310,2,2023-10-01,5000,SUPERVISION,False
7311,2,2023-10-01,5000,SUPERVISION,False
7312,2,2023-10-01,1000,SIM,False
7313,2,2023-10-05,1000,SIM,True
7314,2,2023-10-07,1000,SIM,True
7315,2,2023-10-09,1000,SIM,True
7316,2,2023-10-10,1000,SIM,False
7317,2,2023-10-10,1000,SIM,False
7318,2,2023-10-12,1000,SIM,False
7319,2,2023-10-12,100,PASS,False
7320,2,2023-10-13,1000,SIM,False
7321,2,2023-10-13,5000,SUPERVISION,False
7322,2,2023-10-15,5000,SUPERVISION,True
7323,2,2023-10-16,5000,SUPERVISION,True
7324,2,2023-10-17,5000,SUPERVISION,False
7325,2,2023-10-17,5000,SUPERVISION,False
7326,2,2023-10-19,100,PASS,False
7327,2,2023-10-20,100,PASS,False
7328,2,2023-10-20,100,PASS,True
7329,2,2023-10-20,100,PASS,True
7330,2,2023-10-20,5000,SUPERVISION,True
7331,2,2023-10-20,5000,SUPERVISION,True
7332,2,2023-10-21,100,PASS,True
7333,2,2023-10-21,5000,SUPERVISION,True
7334,2,2023-10-22,1000,SIM,True
7335,2,2023-10-22,1000,SIM,False
7336,2,2023-10-23,1000,SIM,False
7337,2,2023-10-24,5000,SUPERVISION,False
7338,2,2023-10-24,5000,SUPERVISION,False
7339,2,2023-10-24,5000,SUPERVISION,True
7340,2,2023-10-24,5000,SUPERVISION,True
7341,2,2023-10-25,5000,SUPERVISION,True
7342,2,2023-10-26,5000,SUPERVISION,True
7343,2,2023-10-30,5000,SUPERVISION,True
7344,2,2023-10-30,5000,SUPERVISION,False
7345,2,2023-10-31,5000,SUPERVISION,False
7346,2,2023-11-01,1000,SIM,False
7347,2,2023-11-01,100,PASS,False
7348,2,2023-11-01,5000,SUPERVISION,False
7349,2,2023-11-02,5000,SUPERVISION,False
7350,2,2023-11-02,1000,SIM,False
7351,2,2023-11-03,5000,SUPERVISION,False
7352,2,2023-11-03,5000,SUPERVISION,False
7353,2,2023-11-03,5000,SUPERVISION,True
7354,2,2023-11-04,5000,SUPERVISION,True
7355,2,2023-11-05,5000,SUPERVISION,True
7356,2,2023-11-05,5000,SUPERVISION,True
7357,2,2023-11-05,1000,SIM,True
7358,2,2023-11-05,100,PASS,True
7359,2,2023-11-05,100,PASS,False
7360,2,2023-11-06,100,PASS,False
7361,2,2023-11-06,5000,SUPERVISION,False
7362,2,2023-11-09,1000,SIM,False
7363,2,2023-11-09,1000,SIM,False
7364,2,2023-11-10,5000,SUPERVISION,False
7365,2,2023-11-10,5000,SUPERVISION,False
7366,2,2023-11-10,5000,SUPERVISION,False
7367,2,2023-11-11,1000,SIM,False
7368,2,2023-11-13,1000,SIM,True
7369,2,2023-11-13,1000,SIM,True
7370,2,2023-11-13,5000,SUPERVISION,True
7371,2,2023-11-15,1000,SIM,True
7372,2,2023-11-16,5000,SUPERVISION,True
7373,2,2023-11-17,1000,SIM,True
7374,2,2023-11-17,1000,SIM,True
7375,2,2023-11-17,1000,SIM,False
7376,2,2023-11-18,1000,SIM,False
7377,2,2023-11-19,100,PASS,False
7378,2,2023-11-19,100,PASS,True
7379,2,2023-11-19,100,PASS,True
7380,2,2023-11-19,5000,SUPERVISION,True
7381,2,2023-11-20,5000,SUPERVISION,True
7382,2,2023-11-20,5000,SUPERVISION,True
7383,2,2023-11-21,5000,SUPERVISION,False
7384,2,2023-11-23,5000,SUPERVISION,False
7385,2,2023-11-25,5000,SUPERVISION,True
7386,2,2023-11-26,5000,SUPERVISION,True
7387,2,2023-11-26,5000,SUPERVISION,True
7388,2,2023-11-26,5000,SUPERVISION,False
7389,2,2023-11-27,5000,SUPERVISION,False
7390,2,2023-11-28,100,PASS,False
7391,2,2023-11-28,100,PASS,False
7392,2,2023-11-29,5000,SUPERVISION,False
7393,2,2023-11-30,5000,SUPERVISION,False
7394,2,2023-12-01,5000,SUPERVISION,False
7395,2,2023-12-01,5000,SUPERVISION,False
7396,2,2023-12-02,5000,SUPERVISION,True
7397,2,2023-12-03,5000,SUPERVISION,True
7398,2,2023-12-06,5000,SUPERVISION,True
7399,2,2023-12-06,5000,SUPERVISION,True
7400,2,2023-12-07,5000,SUPERVISION,False
7401,2,2023-12-10,5000,SUPERVISION,False
7402,2,2023-12-10,1000,SIM,False
7403,2,2023-12-11,100,PASS,False
7404,2,2023-12-12,100,PASS,False
7405,2,2023-12-12,1000,SIM,False
7406,2,2023-12-12,1000,SIM,False
7407,2,2023-12-14,5000,SUPERVISION,False
7408,2,2023-12-15,5000,SUPERVISION,True
7409,2,2023-12-15,5000,SUPERVISION,True
7410,2,2023-12-17,5000,SUPERVISION,True
7411,2,2023-12-17,5000,SUPERVISION,True
7412,2,2023-12-18,5000,SUPERVISION,True
7413,2,2023-12-19,5000,SUPERVISION,False
7414,2,2023-12-19,5000,SUPERVISION,False
7415,2,2023-12-23,5000,SUPERVISION,False
7416,2,2023-12-23,5000,SUPERVISION,False
7417,2,2023-12-24,100,PASS,False
7418,2,2023-12-26,5000,SUPERVISION,False
7419,2,2023-12-27,1000,SIM,False
7420,2,2023-12-28,1000,SIM,False
7421,2,2023-12-28,5000,SUPERVISION,False
7422,2,2023-12-28,1000,SIM,False
7423,2,2023-12-29,5000,SUPERVISION,False
7424,2,2023-12-29,5000,SUPERVISION,False
7425,2,2023-12-29,5000,SUPERVISION,True
7426,2,2023-12-30,5000,SUPERVISION,True
7427,2,2023-12-31,5000,SUPERVISION,True
7428,2,2023-12-31,5000,SUPERVISION,True
7429,2,2023-12-31,5000,SUPERVISION,True
7430,2,2023-12-31,1000,SIM,True
7431,2,2024-01-01,5000,SUPERVISION,True
7432,2,2024-01-02,5000,SUPERVISION,True
7433,2,2024-01-02,5000,SUPERVISION,True
7434,2,2024-01-02,5000,SUPERVISION,True
7435,2,2024-01-03,1000,SIM,True
7436,2,2024-01-04,100,PASS,True
7437,2,2024-01-04,5000,SUPERVISION,True
7438,2,2024-01-04,5000,SUPERVISION,False
7439,2,2024-01-04,5000,SUPERVISION,False
7440,2,2024-01-05,100,PASS,False
7441,2,2024-01-05,5000,SUPERVISION,False
7442,2,2024-01-06,1000,SIM,False
7443,2,2024-01-08,1000,SIM,True
7444,2,2024-01-08,1000,SIM,True
7445,2,2024-01-09,100,PASS,True
7446,2,2024-01-10,5000,SUPERVISION,True
7447,2,2024-01-11,1000,SIM,True
7448,2,2024-01-12,5000,SUPERVISION,True
7449,2,2024-01-12,100,PASS,True
7450,2,2024-01-12,100,PASS,False
7451,2,2024-01-15,100,PASS,False
7452,2,2024-01-17,5000,SUPERVISION,False
7453,2,2024-01-18,5000,SUPERVISION,False
7454,2,2024-01-18,5000,SUPERVISION,False
7455,2,2024-01-18,5000,SUPERVISION,False
7456,2,2024-01-19,5000,SUPERVISION,False
7457,2,2024-01-20,100,PASS,False
7458,2,2024-01-20,100,PASS,True
7459,2,2024-01-21,100,PASS,True
7460,2,2024-01-21,5000,SUPERVISION,True
7461,2,2024-01-21,100,PASS,True
7462,2,2024-01-22,1000,SIM,True
7463,2,2024-01-23,1000,SIM,True
7464,2,2024-01-24,1000,SIM,True
7465,2,2024-01-24,100,PASS,True
7466,2,2024-01-24,100,PASS,True
7467,2,2024-01-25,100,PASS,False
7468,2,2024-01-26,100,PASS,False
7469,2,2024-01-27,100,PASS,False
7470,2,2024-01-27,5000,SUPERVISION,False
7471,2,2024-01-28,100,PASS,False
7472,2,2024-01-29,100,PASS,False
7473,2,2024-01-29,5000,SUPERVISION,False
7474,2,2024-01-30,100,PASS,False
7475,2,2024-01-30,5000,SUPERVISION,False
7476,2,2024-01-31,5000,SUPERVISION,True
7477,2,2024-01-31,5000,SUPERVISION,True
7478,2,2024-02-02,5000,SUPERVISION,True
7479,2,2024-02-03,5000,SUPERVISION,True
7480,2,2024-02-05,100,PASS,True
7481,2,2024-02-06,5000,SUPERVISION,True
7482,2,2024-02-06,5000,SUPERVISION,True
7483,2,2024-02-06,5000,SUPERVISION,True
7484,2,2024-02-08,5000,SUPERVISION,True
7485,2,2024-02-08,5000,SUPERVISION,True
7486,2,2024-02-09,5000,SUPERVISION,True
7487,2,2024-02-10,5000,SUPERVISION,False
7488,2,2024-02-11,5000,SUPERVISION,False
7489,2,2024-02-11,5000,SUPERVISION,False
7490,2,2024-02-12,1000,SIM,False
7491,2,2024-02-14,100,PASS,False
7492,2,2024-02-15,5000,SUPERVISION,False
7493,2,2024-02-16,100,PASS,False
7494,2,2024-02-16,5000,SUPERVISION,False
7495,2,2024-02-19,1000,SIM,False
7496,2,2024-02-19,1000,SIM,False
7497,2,2024-02-19,1000,SIM,False
7498,2,2024-02-19,1000,SIM,True
7499,2,2024-02-19,1000,SIM,True
7500,2,2024-02-19,5000,SUPERVISION,True
7501,2,2024-02-20,1000,SIM,True
7502,2,2024-02-21,100,PASS,True
7503,2,2024-02-23,5000,SUPERVISION,True
7504,2,2024-02-24,5000,SUPERVISION,True
7505,2,2024-02-24,5000,SUPERVISION,True
7506,2,2024-02-24,5000,SUPERVISION,False
7507,2,2024-02-24,5000,SUPERVISION,False
7508,2,2024-02-25,5000,SUPERVISION,False
7509,2,2024-02-26,5000,SUPERVISION,True
7510,2,2024-02-26,5000,SUPERVISION,True
7511,2,2024-02-26,5000,SUPERVISION,True
7512,2,2024-02-26,1000,SIM,True
7513,2,2024-02-28,1000,SIM,False
7514,2,2024-02-28,1000,SIM,False
7515,2,2024-02-29,5000,SUPERVISION,False
7516,2,2024-03-01,5000,SUPERVISION,False
7517,2,2024-03-03,1000,SIM,False
7518,2,2024-03-06,5000,SUPERVISION,False
7519,2,2024-03-07,100,PASS,False
7520,2,2024-03-07,5000,SUPERVISION,False
7521,2,2024-03-07,5000,SUPERVISION,False
7522,2,2024-03-08,5000,SUPERVISION,True
7523,2,2024-03-11,5000,SUPERVISION,True
7524,2,2024-03-11,100,PASS,True
7525,2,2024-03-11,5000,SUPERVISION,True
7526,2,2024-03-12,5000,SUPERVISION,True
7527,2,2024-03-12,5000,SUPERVISION,True
7528,2,2024-03-12,5000,SUPERVISION,False
7529,2,2024-03-16,5000,SUPERVISION,False
7530,2,2024-03-16,5000,SUPERVISION,False
7531,2,2024-03-17,100,PASS,False
7532,2,2024-03-18,5000,SUPERVISION,False
7533,2,2024-03-18,5000,SUPERVISION,False
7534,2,2024-03-19,5000,SUPERVISION,False
7535,2,2024-03-20,5000,SUPERVISION,False
7536,2,2024-03-21,1000,SIM,False
7537,2,2024-03-21,100,PASS,False
7538,2,2024-03-22,100,PASS,True
7539,2,2024-03-23,100,PASS,True
7540,2,2024-03-24,100,PASS,True
7541,2,2024-03-25,1000,SIM,True
7542,2,2024-03-25,5000,SUPERVISION,True
7543,2,2024-03-26,1000,SIM,True
7544,2,2024-03-26,1000,SIM,True
7545,2,2024-03-27,100,PASS,True
7546,2,2024-03-28,5000,SUPERVISION,True
7547,2,2024-03-28,5000,SUPERVISION,True
7548,2,2024-03-30,5000,SUPERVISION,True
7549,2,2024-03-30,5000,SUPERVISION,True
7550,2,2024-04-03,100,PASS,True
7551,2,2024-04-04,5000,SUPERVISION,True
7552,2,2024-04-05,5000,SUPERVISION,True
7553,2,2024-04-06,5000,SUPERVISION,False
7554,2,2024-04-08,5000,SUPERVISION,False
7555,2,2024-04-08,5000,SUPERVISION,False
7556,2,2024-04-09,5000,SUPERVISION,False
7557,2,2024-04-10,1000,SIM,False
7558,2,2024-04-11,5000,SUPERVISION,False
7559,2,2024-04-11,5000,SUPERVISION,False
7560,2,2024-04-12,5000,SUPERVISION,False
7561,2,2024-04-12,100,PASS,False
7562,2,2024-04-13,1000,SIM,False
7563,2,2024-04-13,5000,SUPERVISION,False
7564,2,2024-04-15,100,PASS,False
7565,2,2024-04-15,1000,SIM,False
7566,2,2024-04-16,1000,SIM,False
7567,2,2024-04-18,5000,SUPERVISION,False
7568,2,2024-04-18,5000,SUPERVISION,False
7569,2,2024-04-18,5000,SUPERVISION,False
7570,2,2024-04-18,5000,SUPERVISION,False
7571,2,2024-04-19,5000,SUPERVISION,False
7572,2,2024-04-19,5000,SUPERVISION,False
7573,2,2024-04-19,5000,SUPERVISION,False
7574,2,2024-04-20,5000,SUPERVISION,True
7575,2,2024-04-21,5000,SUPERVISION,True
7576,2,2024-04-22,5000,SUPERVISION,True
7577,2,2024-04-23,5000,SUPERVISION,False
7578,2,2024-04-24,5000,SUPERVISION,False
7579,2,2024-04-24,5000,SUPERVISION,False
7580,2,2024-04-26,5000,SUPERVISION,True
7581,2,2024-04-26,5000,SUPERVISION,True
7582,2,2024-04-27,100,PASS,True
7583,2,2024-04-30,5000,SUPERVISION,True
7584,2,2024-04-30,1000,SIM,True
7585,2,2024-05-01,5000,SUPERVISION,True
7586,2,2024-05-01,1000,SIM,True
7587,2,2024-05-02,5000,SUPERVISION,True
7588,2,2024-05-05,5000,SUPERVISION,True
7589,2,2024-05-05,100,PASS,True
7590,2,2024-05-06,100,PASS,True
7591,2,2024-05-07,5000,SUPERVISION,True
7592,2,2024-05-08,5000,SUPERVISION,False
7593,2,2024-05-09,5000,SUPERVISION,False
7594,2,2024-05-09,5000,SUPERVISION,False
7595,2,2024-05-09,1000,SIM,False
7596,2,2024-05-09,1000,SIM,False
7597,2,2024-05-09,1000,SIM,False
7598,2,2024-05-10,5000,SUPERVISION,False
7599,2,2024-05-10,5000,SUPERVISION,True
7600,2,2024-05-11,5000,SUPERVISION,True
7601,2,2024-05-11,5000,SUPERVISION,False
7602,2,2024-05-12,5000,SUPERVISION,False
7603,2,2024-05-13,1000,SIM,False
7604,2,2024-05-13,5000,SUPERVISION,False
7605,2,2024-05-14,5000,SUPERVISION,False
7606,2,2024-05-14,5000,SUPERVISION,False
7607,2,2024-05-15,5000,SUPERVISION,False
7608,2,2024-05-15,5000,SUPERVISION,False
7609,2,2024-05-15,1000,SIM,False
7610,2,2024-05-16,1000,SIM,False
7611,2,2024-05-16,100,PASS,False
7612,2,2024-05-17,5000,SUPERVISION,False
7613,2,2024-05-18,5000,SUPERVISION,False
7614,2,2024-05-18,5000,SUPERVISION,True
7615,2,2024-05-18,5000,SUPERVISION,True
7616,2,2024-05-18,5000,SUPERVISION,True
7617,2,2024-05-18,5000,SUPERVISION,True
7618,2,2024-05-19,100,PASS,True
7619,2,2024-05-19,5000,SUPERVISION,True
7620,2,2024-05-19,1000,SIM,True
7621,2,2024-05-20,100,PASS,True
7622,2,2024-05-20,5000,SUPERVISION,True
7623,2,2024-05-21,1000,SIM,True
7624,2,2024-05-21,100,PASS,True
7625,2,2024-05-21,1000,SIM,True
7626,2,2024-05-22,1000,SIM,True
7627,2,2024-05-22,5000,SUPERVISION,True
7628,2,2024-05-23,1000,SIM,True
7629,2,2024-05-24,1000,SIM,True
7630,2,2024-05-24,5000,SUPERVISION,True
7631,2,2024-05-25,5000,SUPERVISION,True
7632,2,2024-05-26,100,PASS,True
7633,2,2024-05-28,5000,SUPERVISION,True
7634,2,2024-05-28,1000,SIM,True
7635,2,2024-05-28,100,PASS,True
7636,2,2024-05-29,5000,SUPERVISION,True
7637,2,2024-05-29,5000,SUPERVISION,True
7638,2,2024-05-29,1000,SIM,True
7639,2,2024-05-30,5000,SUPERVISION,True
7640,2,2024-05-31,1000,SIM,True
7641,2,2024-05-31,1000,SIM,True
7642,2,2024-06-02,100,PASS,True
7643,2,2024-06-02,5000,SUPERVISION,True
7644,2,2024-06-04,1000,SIM,True
7645,2,2024-06-06,100,PASS,True
7646,2,2024-06-07,1000,SIM,True
7647,2,2024-06-07,5000,SUPERVISION,True
7648,2,2024-06-08,5000,SUPERVISION,True
7649,2,2024-06-09,100,PASS,True
7650,2,2024-06-09,100,PASS,False
7651,2,2024-06-10,100,PASS,False
7652,2,2024-06-11,5000,SUPERVISION,False
7653,2,2024-06-11,5000,SUPERVISION,False
7654,2,2024-06-11,5000,SUPERVISION,False
7655,2,2024-06-12,5000,SUPERVISION,True
7656,2,2024-06-13,5000,SUPERVISION,True
7657,2,2024-06-16,100,PASS,True
7658,2,2024-06-16,100,PASS,True
7659,2,2024-06-17,1000,SIM,True
7660,2,2024-06-17,100,PASS,True
7661,2,2024-06-18,5000,SUPERVISION,True
7662,2,2024-06-18,5000,SUPERVISION,True
7663,2,2024-06-19,100,PASS,True
7664,2,2024-06-19,5000,SUPERVISION,True
7665,2,2024-06-20,5000,SUPERVISION,True
7666,2,2024-06-20,100,PASS,True
7667,2,2024-06-22,5000,SUPERVISION,True
7668,2,2024-06-23,1000,SIM,True
7669,2,2024-06-23,1000,SIM,True
7670,2,2024-06-24,1000,SIM,True
7671,2,2024-06-25,5000,SUPERVISION,True
7672,2,2024-06-25,5000,SUPERVISION,False
7673,2,2024-06-27,5000,SUPERVISION,False
7674,2,2024-06-27,5000,SUPERVISION,False
7675,2,2024-06-27,1000,SIM,False
7676,2,2024-07-01,5000,SUPERVISION,False
7677,2,2024-07-01,5000,SUPERVISION,True
7678,2,2024-07-01,5000,SUPERVISION,True
7679,2,2024-07-01,5000,SUPERVISION,False
7680,2,2024-07-02,5000,SUPERVISION,False
7681,2,2024-07-04,5000,SUPERVISION,False
7682,2,2024-07-05,1000,SIM,False
7683,2,2024-07-05,100,PASS,False
7684,2,2024-07-06,100,PASS,True
7685,2,2024-07-06,100,PASS,True
7686,2,2024-07-06,5000,SUPERVISION,True
7687,2,2024-07-08,5000,SUPERVISION,False
7688,2,2024-07-08,5000,SUPERVISION,False
7689,2,2024-07-09,1000,SIM,False
7690,2,2024-07-09,5000,SUPERVISION,False
7691,2,2024-07-10,1000,SIM,False
7692,2,2024-07-10,5000,SUPERVISION,False
7693,2,2024-07-10,5000,SUPERVISION,False
7694,2,2024-07-10,5000,SUPERVISION,False
7695,2,2024-07-11,5000,SUPERVISION,True
7696,2,2024-07-12,5000,SUPERVISION,True
7697,2,2024-07-14,5000,SUPERVISION,True
7698,2,2024-07-14,5000,SUPERVISION,True
7699,2,2024-07-15,5000,SUPERVISION,False
7700,2,2024-07-17,5000,SUPERVISION,False
7701,2,2024-07-18,5000,SUPERVISION,True
7702,2,2024-07-21,5000,SUPERVISION,True
7703,2,2024-07-22,5000,SUPERVISION,True
7704,2,2024-07-22,5000,SUPERVISION,True
7705,2,2024-07-23,5000,SUPERVISION,True
7706,2,2024-07-23,5000,SUPERVISION,True
7707,2,2024-07-23,5000,SUPERVISION,True
7708,2,2024-07-24,100,PASS,True
7709,2,2024-07-24,100,PASS,True
7710,2,2024-07-25,5000,SUPERVISION,True
7711,2,2024-07-26,5000,SUPERVISION,False
7712,2,2024-07-27,5000,SUPERVISION,False
7713,2,2024-07-30,5000,SUPERVISION,True
7714,2,2024-08-01,5000,SUPERVISION,True
7715,2,2024-08-04,5000,SUPERVISION,True
7716,2,2024-08-05,1000,SIM,True
7717,2,2024-08-07,1000,SIM,True
7718,2,2024-08-08,1000,SIM,True
7719,2,2024-08-08,1000,SIM,True
7720,2,2024-08-09,100,PASS,True
7721,2,2024-08-10,5000,SUPERVISION,True
7722,2,2024-08-11,5000,SUPERVISION,False
7723,2,2024-08-11,5000,SUPERVISION,False
7724,2,2024-08-11,5000,SUPERVISION,True
7725,2,2024-08-14,5000,SUPERVISION,True
7726,2,2024-08-17,5000,SUPERVISION,True
7727,2,2024-08-18,5000,SUPERVISION,True
7728,2,2024-08-18,100,PASS,True
7729,2,2024-08-19,5000,SUPERVISION,True
7730,2,2024-08-21,1000,SIM,True
7731,2,2024-08-21,100,PASS,True
7732,2,2024-08-22,5000,SUPERVISION,True
7733,2,2024-08-23,5000,SUPERVISION,True
7734,2,2024-08-23,5000,SUPERVISION,True
7735,2,2024-08-24,100,PASS,True
7736,2,2024-08-26,100,PASS,True
7737,2,2024-08-26,5000,SUPERVISION,True
7738,2,2024-08-27,5000,SUPERVISION,True
7739,2,2024-08-28,5000,SUPERVISION,False
7740,2,2024-08-28,5000,SUPERVISION,False
7741,2,2024-08-28,5000,SUPERVISION,False
7742,2,2024-08-28,5000,SUPERVISION,True
7743,2,2024-08-28,5000,SUPERVISION,True
7744,2,2024-08-30,5000,SUPERVISION,True
7745,2,2024-08-30,1000,SIM,True
7746,2,2024-09-02,5000,SUPERVISION,True
7747,2,2024-09-03,5000,SUPERVISION,True
7748,2,2024-09-04,5000,SUPERVISION,True
7749,2,2024-09-05,5000,SUPERVISION,False
7750,2,2024-09-05,5000,SUPERVISION,False
7751,2,2024-09-05,5000,SUPERVISION,False
7752,2,2024-09-07,5000,SUPERVISION,False
7753,2,2024-09-07,5000,SUPERVISION,True
7754,2,2024-09-08,5000,SUPERVISION,True
7755,2,2024-09-09,5000,SUPERVISION,True
7756,2,2024-09-09,5000,SUPERVISION,True
7757,2,2024-09-10,100,PASS,True
7758,2,2024-09-10,100,PASS,True
7759,2,2024-09-11,1000,SIM,True
7760,2,2024-09-11,5000,SUPERVISION,True
7761,2,2024-09-12,5000,SUPERVISION,True
7762,2,2024-09-12,5000,SUPERVISION,True
7763,2,2024-09-13,100,PASS,True
7764,2,2024-09-14,5000,SUPERVISION,True
7765,2,2024-09-15,5000,SUPERVISION,True
7766,2,2024-09-15,100,PASS,True
7767,2,2024-09-17,5000,SUPERVISION,True
7768,2,2024-09-17,5000,SUPERVISION,True
7769,2,2024-09-17,5000,SUPERVISION,True
7770,2,2024-09-19,5000,SUPERVISION,True
7771,2,2024-09-20,5000,SUPERVISION,True
7772,2,2024-09-21,5000,SUPERVISION,True
7773,2,2024-09-21,5000,SUPERVISION,True
7774,2,2024-09-21,5000,SUPERVISION,True
7775,2,2024-09-22,1000,SIM,True
7776,2,2024-09-22,100,PASS,True
7777,2,2024-09-22,5000,SUPERVISION,True
7778,2,2024-09-24,5000,SUPERVISION,True
7779,2,2024-09-24,5000,SUPERVISION,True
7780,2,2024-09-24,5000,SUPERVISION,True
7781,2,2024-09-27,5000,SUPERVISION,True
7782,2,2024-09-27,5000,SUPERVISION,False
7783,2,2024-09-27,5000,SUPERVISION,False
7784,2,2024-09-28,5000,SUPERVISION,False
7785,2,2024-09-29,100,PASS,False
7786,2,2024-10-01,100,PASS,False
7787,2,2024-10-02,100,PASS,False
7788,2,2024-10-02,5000,SUPERVISION,False
7789,2,2024-10-03,5000,SUPERVISION,False
7790,2,2024-10-05,5000,SUPERVISION,False
7791,2,2024-10-05,5000,SUPERVISION,False
7792,2,2024-10-05,5000,SUPERVISION,False
7793,2,2024-10-06,100,PASS,False
7794,2,2024-10-06,5000,SUPERVISION,False
7795,2,2024-10-06,5000,SUPERVISION,False
7796,2,2024-10-08,5000,SUPERVISION,False
7797,2,2024-10-08,100,PASS,False
7798,2,2024-10-08,100,PASS,False
7799,2,2024-10-09,5000,SUPERVISION,False
7800,2,2024-10-09,100,PASS,False
7801,2,2024-10-10,5000,SUPERVISION,False
7802,2,2024-10-10,5000,SUPERVISION,False
7803,2,2024-10-10,5000,SUPERVISION,True
7804,2,2024-10-11,5000,SUPERVISION,True
7805,2,2024-10-11,5000,SUPERVISION,False
7806,2,2024-10-12,5000,SUPERVISION,False
7807,2,2024-10-13,5000,SUPERVISION,True
7808,2,2024-10-14,5000,SUPERVISION,True
7809,2,2024-10-14,5000,SUPERVISION,True
7810,2,2024-10-19,1000,SIM,True
7811,2,2024-10-20,1000,SIM,True
7812,2,2024-10-21,1000,SIM,True
7813,2,2024-10-21,100,PASS,True
7814,2,2024-10-22,5000,SUPERVISION,True
7815,2,2024-10-23,100,PASS,True
7816,2,2024-10-23,5000,SUPERVISION,True
7817,2,2024-10-24,5000,SUPERVISION,False
7818,2,2024-10-24,5000,SUPERVISION,False
7819,2,2024-10-25,100,PASS,False
7820,2,2024-10-25,100,PASS,False
7821,2,2024-10-26,100,PASS,False
7822,2,2024-10-26,100,PASS,False
7823,2,2024-10-27,5000,SUPERVISION,False
7824,2,2024-10-28,5000,SUPERVISION,False
7825,2,2024-10-28,5000,SUPERVISION,False
7826,2,2024-10-29,1000,SIM,False
7827,2,2024-10-30,1000,SIM,True
7828,2,2024-10-31,1000,SIM,True
7829,2,2024-10-31,100,PASS,True
7830,2,2024-10-31,5000,SUPERVISION,True
7831,2,2024-11-01,100,PASS,True
7832,2,2024-11-01,100,PASS,True
7833,2,2024-11-01,100,PASS,True
7834,2,2024-11-02,5000,SUPERVISION,True
7835,2,2024-11-05,5000,SUPERVISION,True
7836,2,2024-11-06,100,PASS,True
7837,2,2024-11-09,5000,SUPERVISION,True
7838,2,2024-11-11,5000,SUPERVISION,False
7839,2,2024-11-12,5000,SUPERVISION,False
7840,2,2024-11-13,5000,SUPERVISION,False
7841,2,2024-11-13,100,PASS,False
7842,2,2024-11-15,5000,SUPERVISION,False
7843,2,2024-11-15,5000,SUPERVISION,False
7844,2,2024-11-16,5000,SUPERVISION,False
7845,2,2024-11-19,5000,SUPERVISION,False
7846,2,2024-11-19,5000,SUPERVISION,False
7847,2,2024-11-19,5000,SUPERVISION,False
7848,2,2024-11-19,5000,SUPERVISION,True
7849,2,2024-11-19,5000,SUPERVISION,True
7850,2,2024-11-20,5000,SUPERVISION,True
7851,2,2024-11-23,100,PASS,True
7852,2,2024-11-23,100,PASS,True
7853,2,2024-11-27,5000,SUPERVISION,True
7854,2,2024-11-27,5000,SUPERVISION,True
7855,2,2024-11-28,5000,SUPERVISION,True
7856,2,2024-11-29,1000,SIM,True
7857,2,2024-11-30,100,PASS,True
7858,2,2024-11-30,5000,SUPERVISION,True
7859,2,2024-12-01,1000,SIM,True
7860,2,2024-12-03,1000,SIM,True
7861,2,2024-12-05,100,PASS,True
7862,2,2024-12-05,100,PASS,True
7863,2,2024-12-07,100,PASS,True
7864,2,2024-12-08,5000,SUPERVISION,True
7865,2,2024-12-08,5000,SUPERVISION,True
7866,2,2024-12-10,5000,SUPERVISION,True
7867,2,2024-12-11,5000,SUPERVISION,False
7868,2,2024-12-13,5000,SUPERVISION,False
7869,2,2024-12-16,5000,SUPERVISION,True
7870,2,2024-12-16,5000,SUPERVISION,True
7871,2,2024-12-16,5000,SUPERVISION,True
7872,2,2024-12-16,5000,SUPERVISION,True
7873,2,2024-12-17,5000,SUPERVISION,False
7874,2,2024-12-17,5000,SUPERVISION,False
7875,2,2024-12-18,5000,SUPERVISION,False
7876,2,2024-12-19,5000,SUPERVISION,False
7877,2,2024-12-20,5000,SUPERVISION,False
7878,2,2024-12-20,5000,SUPERVISION,True
7879,2,2024-12-22,5000,SUPERVISION,True
7880,2,2024-12-24,5000,SUPERVISION,True
7881,2,2024-12-24,5000,SUPERVISION,True
7882,2,2024-12-28,5000,SUPERVISION,True
7883,2,2024-12-29,1000,SIM,True
7884,2,2024-12-30,100,PASS,True
7885,2,2024-12-31,5000,SUPERVISION,True
7886,2,2024-12-31,5000,SUPERVISION,True
7887,2,2025-01-01,5000,SUPERVISION,True
7888,2,2025-01-01,5000,SUPERVISION,False
7889,2,2025-01-02,5000,SUPERVISION,False
7890,2,2025-01-03,5000,SUPERVISION,False
7891,2,2025-01-03,5000,SUPERVISION,False
7892,2,2025-01-05,5000,SUPERVISION,True
7893,2,2025-01-06,5000,SUPERVISION,True
7894,2,2025-01-06,5000,SUPERVISION,True
7895,2,2025-01-07,5000,SUPERVISION,True
7896,2,2025-01-08,5000,SUPERVISION,True
7897,2,2025-01-11,5000,SUPERVISION,True
7898,2,2025-01-12,1000,SIM,True
7899,2,2025-01-14,1000,SIM,True
7900,2,2025-01-15,1000,SIM,True
7901,2,2025-01-15,100,PASS,True
7902,2,2025-01-16,5000,SUPERVISION,True
7903,2,2025-01-17,5000,SUPERVISION,True
7904,2,2025-01-17,100,PASS,True
7905,2,2025-01-19,1000,SIM,True
7906,2,2025-01-19,5000,SUPERVISION,True
7907,2,2025-01-20,5000,SUPERVISION,True
7908,2,2025-01-22,100,PASS,True
7909,2,2025-01-23,100,PASS,True
7910,2,2025-01-24,5000,SUPERVISION,True
7911,2,2025-01-25,5000,SUPERVISION,True
7912,2,2025-01-26,1000,SIM,True
7913,2,2025-01-26,100,PASS,True
7914,2,2025-01-27,100,PASS,True
7915,2,2025-01-27,100,PASS,True
7916,2,2025-01-28,5000,SUPERVISION,True
7917,2,2025-01-29,5000,SUPERVISION,False
7918,2,2025-01-31,5000,SUPERVISION,False
7919,2,2025-02-01,5000,SUPERVISION,False
7920,2,2025-02-01,5000,SUPERVISION,False
7921,2,2025-02-02,100,PASS,False
7922,2,2025-02-03,5000,SUPERVISION,False
7923,2,2025-02-04,5000,SUPERVISION,True
7924,2,2025-02-05,5000,SUPERVISION,True
7925,2,2025-02-05,1000,SIM,True
7926,2,2025-02-07,100,PASS,True
7927,2,2025-02-08,5000,SUPERVISION,True
7928,2,2025-02-09,5000,SUPERVISION,False
7929,2,2025-02-12,5000,SUPERVISION,False
7930,2,2025-02-13,1000,SIM,False
7931,2,2025-02-16,1000,SIM,False
7932,2,2025-02-16,1000,SIM,False
7933,2,2025-02-16,100,PASS,False
7934,2,2025-02-16,5000,SUPERVISION,False
7935,2,2025-02-17,1000,SIM,False
7936,2,2025-02-17,1000,SIM,False
7937,2,2025-02-17,1000,SIM,True
7938,2,2025-02-18,1000,SIM,True
7939,2,2025-02-19,5000,SUPERVISION,True
7940,2,2025-02-19,5000,SUPERVISION,True
7941,2,2025-02-20,100,PASS,True
7942,2,2025-02-21,100,PASS,True
7943,2,2025-02-21,5000,SUPERVISION,True
7944,2,2025-02-23,5000,SUPERVISION,True
7945,2,2025-02-24,1000,SIM,True
7946,2,2025-02-25,1000,SIM,True
7947,2,2025-02-25,1000,SIM,True
7948,2,2025-02-26,5000,SUPERVISION,True
7949,2,2025-02-27,5000,SUPERVISION,True
7950,2,2025-02-28,5000,SUPERVISION,True
7951,2,2025-02-28,5000,SUPERVISION,True
7952,2,2025-02-28,5000,SUPERVISION,True
7953,2,2025-02-28,1000,SIM,True
7954,2,2025-02-28,1000,SIM,True
7955,2,2025-03-01,1000,SIM,True
7956,2,2025-03-01,1000,SIM,False
7957,2,2025-03-01,1000,SIM,False
7958,2,2025-03-03,1000,SIM,False
7959,2,2025-03-04,100,PASS,False
7960,2,2025-03-05,5000,SUPERVISION,False
7961,2,2025-03-05,100,PASS,False
7962,2,2025-03-05,100,PASS,True
7963,2,2025-03-06,100,PASS,True
7964,2,2025-03-06,5000,SUPERVISION,True
7965,2,2025-03-07,5000,SUPERVISION,True
7966,2,2025-03-07,1000,SIM,True
7967,2,2025-03-08,1000,SIM,True
7968,2,2025-03-09,5000,SUPERVISION,True
7969,2,2025-03-10,5000,SUPERVISION,True
7970,2,2025-03-10,100,PASS,True
7971,2,2025-03-11,5000,SUPERVISION,True
7972,2,2025-03-11,5000,SUPERVISION,True
7973,2,2025-03-13,5000,SUPERVISION,True
7974,2,2025-03-13,5000,SUPERVISION,True
7975,2,2025-03-14,5000,SUPERVISION,True
7976,2,2025-03-14,5000,SUPERVISION,False
7977,2,2025-03-15,5000,SUPERVISION,False
7978,2,2025-03-15,1000,SIM,False
7979,2,2025-03-16,100,PASS,False
7980,2,2025-03-17,100,PASS,False
7981,2,2025-03-19,5000,SUPERVISION,False
7982,2,2025-03-20,100,PASS,False
7983,2,2025-03-20,5000,SUPERVISION,False
7984,2,2025-03-20,5000,SUPERVISION,False
7985,2,2025-03-22,100,PASS,False
7986,2,2025-03-24,5000,SUPERVISION,False
7987,2,2025-03-25,5000,SUPERVISION,False
7988,2,2025-03-27,1000,SIM,False
7989,2,2025-03-27,1000,SIM,False
7990,2,2025-03-29,5000,SUPERVISION,False
7991,2,2025-03-29,1000,SIM,False
7992,2,2025-03-29,1000,SIM,False
7993,2,2025-03-29,1000,SIM,True
7994,2,2025-03-29,1000,SIM,True
7995,2,2025-03-31,1000,SIM,False
7996,2,2025-03-31,1000,SIM,False
7997,2,2025-04-01,1000,SIM,True
7998,2,2025-04-02,1000,SIM,True
7999,2,2025-04-04,5000,SUPERVISION,True
8000,2,2025-04-04,5000,SUPERVISION,True
8001,2,2025-04-05,5000,SUPERVISION,False
8002,2,2025-04-06,5000,SUPERVISION,False
8003,2,2025-04-07,5000,SUPERVISION,False
8004,2,2025-04-07,5000,SUPERVISION,False
8005,2,2025-04-09,1000,SIM,False
8006,2,2025-04-09,5000,SUPERVISION,False
8007,2,2025-04-12,5000,SUPERVISION,True
8008,2,2025-04-12,5000,SUPERVISION,True
8009,2,2025-04-12,5000,SUPERVISION,True
8010,2,2025-04-13,5000,SUPERVISION,True
8011,2,2025-04-17,100,PASS,True
8012,2,2025-04-17,100,PASS,False
8013,2,2025-04-17,100,PASS,False
8014,2,2025-04-18,5000,SUPERVISION,False
8015,2,2025-04-23,5000,SUPERVISION,True
8016,2,2025-04-23,5000,SUPERVISION,True
8017,2,2025-04-23,5000,SUPERVISION,True
8018,2,2025-04-23,5000,SUPERVISION,False
8019,2,2025-04-26,5000,SUPERVISION,False
8020,2,2025-04-27,5000,SUPERVISION,False
8021,2,2025-04-27,5000,SUPERVISION,False
8022,2,2025-04-27,5000,SUPERVISION,False
8023,2,2025-04-27,5000,SUPERVISION,True
8024,2,2025-04-28,5000,SUPERVISION,True
8025,2,2025-04-30,5000,SUPERVISION,True
8026,2,2025-04-30,5000,SUPERVISION,True
8027,2,2025-05-01,1000,SIM,True
8028,2,2025-05-01,1000,SIM,True
8029,2,2025-05-02,100,PASS,True
8030,2,2025-05-02,5000,SUPERVISION,True
8031,2,2025-05-02,1000,SIM,True
8032,2,2025-05-03,100,PASS,True
8033,2,2025-05-04,5000,SUPERVISION,True
8034,2,2025-05-05,5000,SUPERVISION,False
8035,2,2025-05-05,5000,SUPERVISION,False
8036,2,2025-05-06,1000,SIM,False
8037,2,2025-05-06,100,PASS,False
8038,2,2025-05-06,100,PASS,True
8039,2,2025-05-07,100,PASS,True
8040,2,2025-05-07,5000,SUPERVISION,True
8041,2,2025-05-08,5000,SUPERVISION,True
8042,2,2025-05-10,5000,SUPERVISION,True
8043,2,2025-05-10,5000,SUPERVISION,False
8044,2,2025-05-11,5000,SUPERVISION,False
8045,2,2025-05-11,1000,SIM,False
8046,2,2025-05-11,1000,SIM,False
8047,2,2025-05-12,100,PASS,False
8048,2,2025-05-12,5000,SUPERVISION,False
8049,2,2025-05-13,5000,SUPERVISION,False
8050,2,2025-05-14,5000,SUPERVISION,False
8051,2,2025-05-15,5000,SUPERVISION,False
8052,2,2025-05-16,1000,SIM,False
8053,2,2025-05-16,100,PASS,False
8054,2,2025-05-17,5000,SUPERVISION,False
8055,2,2025-05-17,100,PASS,False
8056,2,2025-05-17,5000,SUPERVISION,False
8057,2,2025-05-20,5000,SUPERVISION,False
8058,2,2025-05-20,5000,SUPERVISION,True
8059,2,2025-05-20,5000,SUPERVISION,True
8060,2,2025-05-20,5000,SUPERVISION,False
8061,2,2025-05-23,5000,SUPERVISION,False
8062,2,2025-05-23,5000,SUPERVISION,False
8063,2,2025-05-23,100,PASS,False
8064,2,2025-05-24,1000,SIM,False
8065,2,2025-05-25,100,PASS,False
8066,2,2025-05-25,100,PASS,False
8067,2,2025-05-25,5000,SUPERVISION,False
8068,2,2025-05-25,5000,SUPERVISION,False
8069,2,2025-05-26,1000,SIM,False
8070,2,2025-05-26,1000,SIM,True
8071,2,2025-05-28,1000,SIM,True
8072,2,2025-05-28,100,PASS,True
8073,2,2025-05-29,100,PASS,True
8074,2,2025-05-30,5000,SUPERVISION,True
8075,2,2025-05-31,5000,SUPERVISION,True
8076,2,2025-05-31,1000,SIM,True
8077,2,2025-06-03,100,PASS,True
8078,2,2025-06-03,5000,SUPERVISION,True
8079,2,2025-06-03,5000,SUPERVISION,True
8080,2,2025-06-03,5000,SUPERVISION,True
8081,2,2025-06-04,5000,SUPERVISION,True
8082,2,2025-06-05,5000,SUPERVISION,True
8083,2,2025-06-09,5000,SUPERVISION,True
8084,2,2025-06-10,5000,SUPERVISION,True
8085,2,2025-06-10,5000,SUPERVISION,True
8086,2,2025-06-12,5000,SUPERVISION,True
8087,2,2025-06-12,5000,SUPERVISION,True
8088,2,2025-06-13,5000,SUPERVISION,True
8089,2,2025-06-15,5000,SUPERVISION,False
8090,2,2025-06-16,5000,SUPERVISION,False
8091,2,2025-06-19,1000,SIM,False
8092,2,2025-06-20,5000,SUPERVISION,False
8093,2,2025-06-21,5000,SUPERVISION,False
8094,2,2025-06-21,5000,SUPERVISION,True
8095,2,2025-06-22,5000,SUPERVISION,True
8096,2,2025-06-22,5000,SUPERVISION,True
8097,2,2025-06-22,1000,SIM,True
8098,2,2025-06-22,1000,SIM,False
8099,2,2025-06-23,1000,SIM,False
8100,2,2025-06-24,1000,SIM,False
8101,2,2025-06-24,5000,SUPERVISION,False
8102,2,2025-06-24,5000,SUPERVISION,False
8103,2,2025-06-25,5000,SUPERVISION,False
8104,2,2025-06-26,5000,SUPERVISION,True
8105,2,2025-06-27,5000,SUPERVISION,True
8106,2,2025-06-28,5000,SUPERVISION,True
8107,2,2025-06-29,5000,SUPERVISION,False
8108,2,2025-06-29,5000,SUPERVISION,False
8109,2,2025-06-29,100,PASS,False
8110,2,2025-06-30,100,PASS,False
8111,2,2025-06-30,5000,SUPERVISION,False
8112,2,2025-07-01,5000,SUPERVISION,False
8113,2,2025-07-01,5000,SUPERVISION,False
8114,2,2025-07-02,5000,SUPERVISION,False
8115,2,2025-07-02,5000,SUPERVISION,False
8116,2,2025-07-03,5000,SUPERVISION,False
8117,2,2025-07-03,100,PASS,False
8118,2,2025-07-03,100,PASS,False
8119,2,2025-07-03,5000,SUPERVISION,False
8120,2,2025-07-07,5000,SUPERVISION,False
8121,2,2025-07-09,5000,SUPERVISION,False
8122,2,2025-07-10,100,PASS,False
8123,2,2025-07-10,100,PASS,False
8124,2,2025-07-11,5000,SUPERVISION,False
8125,2,2025-07-11,5000,SUPERVISION,False
8126,2,2025-07-11,5000,SUPERVISION,True
8127,2,2025-07-12,5000,SUPERVISION,True
8128,2,2025-07-14,5000,SUPERVISION,True
8129,2,2025-07-14,5000,SUPERVISION,True
8130,2,2025-07-14,5000,SUPERVISION,False
8131,2,2025-07-14,5000,SUPERVISION,False
8132,2,2025-07-15,1000,SIM,False
8133,2,2025-07-15,5000,SUPERVISION,False
8134,2,2025-07-20,5000,SUPERVISION,True
8135,2,2025-07-22,5000,SUPERVISION,True
8136,2,2025-07-23,5000,SUPERVISION,True
8137,2,2025-07-23,5000,SUPERVISION,False
8138,2,2025-07-24,5000,SUPERVISION,False
8139,2,2025-07-24,5000,SUPERVISION,False
8140,2,2025-07-26,5000,SUPERVISION,False
8141,2,2025-07-27,1000,SIM,False
8142,2,2025-07-27,5000,SUPERVISION,False
8143,2,2025-07-28,5000,SUPERVISION,False
8144,2,2025-07-30,5000,SUPERVISION,False
8145,2,2025-07-31,5000,SUPERVISION,False
8146,2,2025-08-01,100,PASS,False
8147,2,2025-08-02,100,PASS,True
8148,2,2025-08-02,100,PASS,True
8149,2,2025-08-03,100,PASS,True
8150,2,2025-08-03,5000,SUPERVISION,True
8151,2,2025-08-04,5000,SUPERVISION,False
8152,2,2025-08-05,5000,SUPERVISION,False
8153,2,2025-08-05,5000,SUPERVISION,False
8154,2,2025-08-05,5000,SUPERVISION,True
8155,2,2025-08-06,5000,SUPERVISION,True
8156,2,2025-08-06,5000,SUPERVISION,True
8157,2,2025-08-07,1000,SIM,True
8158,2,2025-08-08,100,PASS,True
8159,2,2025-08-08,100,PASS,False
8160,2,2025-08-09,100,PASS,False
8161,2,2025-08-10,100,PASS,False
8162,2,2025-08-10,5000,SUPERVISION,False
8163,2,2025-08-10,5000,SUPERVISION,True
8164,2,2025-08-11,5000,SUPERVISION,True
8165,2,2025-08-12,5000,SUPERVISION,True
8166,2,2025-08-14,5000,SUPERVISION,True
8167,2,2025-08-14,1000,SIM,True
8168,2,2025-08-14,100,PASS,True
8169,2,2025-08-16,5000,SUPERVISION,True
8170,2,2025-08-16,1000,SIM,True
8171,2,2025-08-18,100,PASS,True
8172,2,2025-08-19,100,PASS,True
8173,2,2025-08-19,5000,SUPERVISION,True
8174,2,2025-08-19,5000,SUPERVISION,True
8175,2,2025-08-20,5000,SUPERVISION,True
8176,2,2025-08-20,5000,SUPERVISION,True
8177,2,2025-08-22,1000,SIM,True
8178,2,2025-08-22,1000,SIM,True
8179,2,2025-08-23,5000,SUPERVISION,True
8180,2,2025-08-24,5000,SUPERVISION,True
8181,2,2025-08-25,5000,SUPERVISION,True
8182,2,2025-08-27,5000,SUPERVISION,False
8183,2,2025-08-27,5000,SUPERVISION,False
8184,2,2025-08-27,5000,SUPERVISION,False
8185,2,2025-08-27,5000,SUPERVISION,False
8186,2,2025-08-27,100,PASS,False
8187,2,2025-08-28,5000,SUPERVISION,False
8188,2,2025-08-30,1000,SIM,False
8189,2,2025-08-31,1000,SIM,False
8190,2,2025-09-01,100,PASS,False
8191,2,2025-09-02,100,PASS,False
8192,2,2025-09-03,5000,SUPERVISION,False
8193,2,2025-09-04,5000,SUPERVISION,False
8194,2,2025-09-05,1000,SIM,False
8195,2,2025-09-05,100,PASS,False
8196,2,2025-09-05,100,PASS,True
8197,2,2025-09-06,100,PASS,True
8198,2,2025-09-06,5000,SUPERVISION,True
8199,2,2025-09-11,5000,SUPERVISION,False
8200,2,2025-09-12,5000,SUPERVISION,False
8201,2,2025-09-13,5000,SUPERVISION,False
8202,2,2025-09-13,5000,SUPERVISION,False
8203,2,2025-09-15,5000,SUPERVISION,False
8204,2,2025-09-15,100,PASS,False
8205,2,2025-09-15,100,PASS,False
8206,2,2025-09-15,5000,SUPERVISION,False
8207,2,2025-09-17,5000,SUPERVISION,False
8208,2,2025-09-18,1000,SIM,False
8209,2,2025-09-19,1000,SIM,False
8210,2,2025-09-19,1000,SIM,False
8211,2,2025-09-20,5000,SUPERVISION,False
8212,2,2025-09-20,1000,SIM,False
8213,2,2025-09-20,100,PASS,False
8214,2,2025-09-20,5000,SUPERVISION,False
8215,2,2025-09-21,5000,SUPERVISION,False
8216,2,2025-09-21,5000,SUPERVISION,False
8217,2,2025-09-22,5000,SUPERVISION,False
8218,2,2025-09-22,5000,SUPERVISION,False
8219,2,2025-09-23,1000,SIM,False
8220,2,2025-09-23,5000,SUPERVISION,False
8221,2,2025-09-23,5000,SUPERVISION,False
8222,2,2025-09-25,1000,SIM,False
8223,2,2025-09-25,100,PASS,False
8224,2,2025-09-26,5000,SUPERVISION,False
8225,2,2025-09-26,5000,SUPERVISION,True
8226,2,2025-09-26,5000,SUPERVISION,True
8227,2,2025-09-26,5000,SUPERVISION,True
8228,2,2025-09-26,5000,SUPERVISION,True
8229,2,2025-09-28,100,PASS,True
8230,2,2025-09-28,5000,SUPERVISION,True
8231,2,2025-09-28,5000,SUPERVISION,False
8232,2,2025-09-30,5000,SUPERVISION,False
8233,2,2025-10-02,5000,SUPERVISION,False
8234,2,2025-10-02,5000,SUPERVISION,False
8235,2,2025-10-03,100,PASS,False
8236,2,2025-10-04,100,PASS,True
8237,2,2025-10-05,100,PASS,True
8238,2,2025-10-05,5000,SUPERVISION,True
8239,2,2025-10-05,5000,SUPERVISION,False
8240,2,2025-10-05,5000,SUPERVISION,False
8241,2,2025-10-05,1000,SIM,False
8242,2,2025-10-05,5000,SUPERVISION,False
8243,2,2025-10-07,5000,SUPERVISION,False
8244,2,2025-10-07,5000,SUPERVISION,True
8245,2,2025-10-09,5000,SUPERVISION,True
8246,2,2025-10-10,1000,SIM,True
8247,2,2025-10-11,5000,SUPERVISION,True
8248,2,2025-10-11,5000,SUPERVISION,True
8249,2,2025-10-11,5000,SUPERVISION,True
8250,2,2025-10-11,5000,SUPERVISION,True
8251,2,2025-10-13,5000,SUPERVISION,True
8252,2,2025-10-14,1000,SIM,True
8253,2,2025-10-15,1000,SIM,True
8254,2,2025-10-15,100,PASS,True
8255,2,2025-10-17,1000,SIM,True
8256,2,2025-10-18,1000,SIM,True
8257,2,2025-10-19,1000,SIM,True
8258,2,2025-10-20,100,PASS,True
8259,2,2025-10-22,5000,SUPERVISION,True
8260,2,2025-10-23,1000,SIM,True
8261,2,2025-10-23,1000,SIM,True
8262,2,2025-10-23,1000,SIM,True
8263,2,2025-10-24,1000,SIM,True
8264,2,2025-10-25,5000,SUPERVISION,True
8265,2,2025-10-26,1000,SIM,True
8266,2,2025-10-26,100,PASS,True
8267,2,2025-10-26,100,PASS,True
8268,2,2025-10-26,5000,SUPERVISION,True
8269,2,2025-10-28,5000,SUPERVISION,True
8270,2,2025-10-28,5000,SUPERVISION,True
8271,2,2025-10-28,5000,SUPERVISION,True
8272,2,2025-10-29,5000,SUPERVISION,True
8273,2,2025-10-29,1000,SIM,True
8274,2,2025-10-29,5000,SUPERVISION,True
8275,2,2025-11-01,5000,SUPERVISION,False
8276,2,2025-11-01,5000,SUPERVISION,False
8277,2,2025-11-04,5000,SUPERVISION,True
8278,2,2025-11-05,5000,SUPERVISION,True
8279,2,2025-11-05,1000,SIM,True
8280,2,2025-11-06,1000,SIM,False
8281,2,2025-11-08,1000,SIM,False
8282,2,2025-11-10,1000,SIM,False
8283,2,2025-11-10,1000,SIM,False
8284,2,2025-11-11,1000,SIM,True
8285,2,2025-11-12,1000,SIM,True
8286,2,2025-11-13,1000,SIM,True
8287,2,2025-11-14,1000,SIM,True
8288,2,2025-11-14,1000,SIM,True
8289,2,2025-11-14,1000,SIM,True
8290,2,2025-11-16,1000,SIM,True
8291,2,2025-11-16,100,PASS,True
8292,2,2025-11-16,5000,SUPERVISION,True
8293,2,2025-11-17,5000,SUPERVISION,True
8294,2,2025-11-18,1000,SIM,True
8295,2,2025-11-18,5000,SUPERVISION,True
8296,2,2025-11-18,5000,SUPERVISION,True
8297,2,2025-11-19,1000,SIM,True
8298,2,2025-11-19,1000,SIM,True
8299,2,2025-11-19,100,PASS,True
8300,2,2025-11-21,100,PASS,True
8301,2,2025-11-22,5000,SUPERVISION,True
8302,2,2025-11-22,5000,SUPERVISION,True
8303,2,2025-11-22,5000,SUPERVISION,False
8304,2,2025-11-24,5000,SUPERVISION,False
8305,2,2025-11-25,5000,SUPERVISION,False
8306,2,2025-11-26,5000,SUPERVISION,False
8307,2,2025-11-26,5000,SUPERVISION,True
8308,2,2025-11-26,5000,SUPERVISION,True
8309,2,2025-11-27,5000,SUPERVISION,False
8310,2,2025-11-27,5000,SUPERVISION,False
8311,2,2025-11-30,1000,SIM,False
8312,2,2025-12-01,5000,SUPERVISION,False
8313,2,2025-12-02,5000,SUPERVISION,False
8314,2,2025-12-04,5000,SUPERVISION,False
8315,2,2025-12-05,1000,SIM,False
8316,2,2025-12-05,100,PASS,False
8317,2,2025-12-05,5000,SUPERVISION,False
8318,2,2025-12-07,1000,SIM,False
8319,2,2025-12-08,1000,SIM,False
8320,2,2025-12-08,1000,SIM,True
8321,2,2025-12-11,1000,SIM,True
8322,2,2025-12-11,100,PASS,True
8323,2,2025-12-12,5000,SUPERVISION,True
8324,2,2025-12-13,5000,SUPERVISION,False
8325,2,2025-12-16,5000,SUPERVISION,False
8326,2,2025-12-16,5000,SUPERVISION,True
8327,2,2025-12-18,5000,SUPERVISION,True
8328,2,2025-12-19,5000,SUPERVISION,True
8329,2,2025-12-19,5000,SUPERVISION,True
8330,2,2025-12-20,5000,SUPERVISION,True
8331,2,2025-12-20,5000,SUPERVISION,False
8332,2,2025-12-21,5000,SUPERVISION,False
8333,2,2025-12-24,5000,SUPERVISION,False
8334,2,2025-12-24,5000,SUPERVISION,True
8335,2,2025-12-25,5000,SUPERVISION,True
8336,2,2025-12-25,5000,SUPERVISION,False
8337,2,2025-12-26,5000,SUPERVISION,False
8338,2,2025-12-26,5000,SUPERVISION,False
8339,2,2025-12-29,5000,SUPERVISION,False
8340,2,2025-12-29,5000,SUPERVISION,False
8341,2,2025-12-30,5000,SUPERVISION,True
8342,2,2025-12-31,5000,SUPERVISION,True
8343,2,2025-12-31,1000,SIM,True
8344,2,2025-12-31,1000,SIM,True
8345,2,2026-01-02,5000,SUPERVISION,True
8346,2,2026-01-04,5000,SUPERVISION,False
8347,2,2026-01-05,5000,SUPERVISION,False
8348,2,2026-01-06,5000,SUPERVISION,False
8349,2,2026-01-07,5000,SUPERVISION,False
8350,2,2026-01-08,5000,SUPERVISION,False
8351,2,2026-01-08,100,PASS,False
8352,2,2026-01-09,5000,SUPERVISION,False
8353,2,2026-01-10,1000,SIM,False
8354,2,2026-01-13,1000,SIM,False
8355,2,2026-01-14,100,PASS,False
8356,2,2026-01-14,1000,SIM,False
8357,2,2026-01-15,1000,SIM,True
8358,2,2026-01-15,1000,SIM,True
8359,2,2026-01-15,1000,SIM,False
8360,2,2026-01-16,1000,SIM,False
8361,2,2026-01-17,5000,SUPERVISION,False
8362,2,2026-01-17,5000,SUPERVISION,False
8363,2,2026-01-20,100,PASS,False
8364,2,2026-01-21,100,PASS,False
8365,2,2026-01-22,5000,SUPERVISION,False
8366,2,2026-01-24,5000,SUPERVISION,False
8367,2,2026-01-24,1000,SIM,False
8368,2,2026-01-26,1000,SIM,False
8369,2,2026-01-27,1000,SIM,False
8370,2,2026-01-27,1000,SIM,False
8371,2,2026-01-29,100,PASS,False
8372,2,2026-01-29,5000,SUPERVISION,False
8373,2,2026-01-31,5000,SUPERVISION,True
8374,2,2026-01-31,5000,SUPERVISION,True
8375,2,2026-01-31,5000,SUPERVISION,True
8376,2,2026-02-02,5000,SUPERVISION,True
8377,2,2026-02-02,1000,SIM,True
8378,2,2026-02-03,1000,SIM,True
8379,2,2026-02-03,5000,SUPERVISION,True
8380,2,2026-02-04,5000,SUPERVISION,True
8381,2,2026-02-05,5000,SUPERVISION,False
8382,2,2026-02-06,5000,SUPERVISION,False
8383,2,2026-02-06,5000,SUPERVISION,True
8384,2,2026-02-07,5000,SUPERVISION,True
8385,2,2026-02-08,5000,SUPERVISION,True
8386,2,2026-02-08,5000,SUPERVISION,False
8387,2,2026-02-09,5000,SUPERVISION,False
8388,2,2026-02-10,5000,SUPERVISION,True
8389,2,2026-02-10,5000,SUPERVISION,True
8390,2,2026-02-11,5000,SUPERVISION,False
8391,2,2026-02-11,5000,SUPERVISION,False
8392,2,2026-02-11,5000,SUPERVISION,True
8393,2,2026-02-11,5000,SUPERVISION,True
8394,2,2026-02-12,5000,SUPERVISION,False
8395,2,2026-02-12,5000,SUPERVISION,False
8396,2,2026-02-13,5000,SUPERVISION,False
8397,2,2026-02-13,5000,SUPERVISION,False
8398,2,2026-02-14,5000,SUPERVISION,False
8399,2,2026-02-14,100,PASS,False
8400,2,2026-02-15,5000,SUPERVISION,False
8401,2,2026-02-15,5000,SUPERVISION,False
8402,2,2026-02-15,100,PASS,False
8403,2,2026-02-15,100,PASS,True
8404,2,2026-02-16,100,PASS,True
8405,2,2026-02-17,100,PASS,False
8406,2,2026-02-17,100,PASS,False
8407,2,2026-02-17,100,PASS,False
8408,2,2026-02-17,100,PASS,False
8409,2,2026-02-18,5000,SUPERVISION,False
8410,2,2026-02-18,5000,SUPERVISION,False
8411,2,2026-02-18,5000,SUPERVISION,False
8412,2,2026-02-19,5000,SUPERVISION,True
8413,2,2026-02-21,5000,SUPERVISION,True
8414,2,2026-02-21,1000,SIM,True
8415,2,2026-02-22,5000,SUPERVISION,True
8416,2,2026-02-24,1000,SIM,True
8417,2,2026-02-26,1000,SIM,True
8418,2,2026-02-26,5000,SUPERVISION,True
8419,2,2026-02-26,5000,SUPERVISION,True
8420,2,2026-02-27,1000,SIM,True
8421,2,2026-02-27,100,PASS,True
8422,2,2026-02-28,100,PASS,True
8423,2,2026-02-28,100,PASS,True
8424,2,2026-02-28,5000,SUPERVISION,True
8425,2,2026-03-01,100,PASS,True
8426,2,2026-03-01,5000,SUPERVISION,True
8427,2,2026-03-02,5000,SUPERVISION,True
8428,2,2026-03-02,100,PASS,True
8429,2,2026-03-02,5000,SUPERVISION,True
8430,2,2026-03-06,5000,SUPERVISION,True
8431,2,2026-03-06,5000,SUPERVISION,True
8432,2,2026-03-06,100,PASS,True
8433,2,2026-03-07,5000,SUPERVISION,True
8434,2,2026-03-10,1000,SIM,True
8435,2,2026-03-14,100,PASS,True
8436,2,2026-03-15,5000,SUPERVISION,True
8437,2,2026-03-16,1000,SIM,True
8438,2,2026-03-16,1000,SIM,False
8439,2,2026-03-16,1000,SIM,False
8440,2,2026-03-17,100,PASS,False
8441,2,2026-03-18,5000,SUPERVISION,False
8442,2,2026-03-19,5000,SUPERVISION,False
8443,2,2026-03-20,1000,SIM,False
8444,2,2026-03-20,100,PASS,False
8445,2,2026-03-21,5000,SUPERVISION,False
8446,2,2026-03-21,5000,SUPERVISION,False
8447,2,2026-03-23,100,PASS,False
8448,2,2026-03-23,100,PASS,False
8449,2,2026-03-24,5000,SUPERVISION,False
8450,2,2026-03-25,100,PASS,False
8451,2,2026-03-25,5000,SUPERVISION,False
8452,2,2026-03-26,5000,SUPERVISION,True
8453,2,2026-03-28,5000,SUPERVISION,True
8454,2,2026-03-28,5000,SUPERVISION,False
8455,2,2026-03-28,5000,SUPERVISION,False
8456,2,2026-03-29,5000,SUPERVISION,False
8457,2,2026-03-30,1000,SIM,False
8458,2,2026-03-31,1000,SIM,False
8459,2,2026-04-01,100,PASS,False
8460,2,2026-04-03,5000,SUPERVISION,False
8461,2,2026-04-04,1000,SIM,False
8462,2,2026-04-04,1000,SIM,False
8463,2,2026-04-05,5000,SUPERVISION,False
8464,2,2026-04-05,1000,SIM,False
8465,2,2026-04-06,5000,SUPERVISION,False
8466,2,2026-04-06,5000,SUPERVISION,False
8467,2,2026-04-06,5000,SUPERVISION,False
8468,2,2026-04-08,5000,SUPERVISION,False
8469,2,2026-04-09,100,PASS,False
8470,2,2026-04-09,5000,SUPERVISION,False
8471,2,2026-04-10,5000,SUPERVISION,True
8472,2,2026-04-11,5000,SUPERVISION,True
8473,2,2026-04-12,5000,SUPERVISION,True
8474,2,2026-04-13,5000,SUPERVISION,True
8475,2,2026-04-13,5000,SUPERVISION,True
8476,2,2026-04-13,5000,SUPERVISION,True
8477,2,2026-04-14,5000,SUPERVISION,False
8478,2,2026-04-15,5000,SUPERVISION,False
8479,2,2026-04-17,1000,SIM,False
8480,2,2026-04-17,5000,SUPERVISION,False
8481,2,2026-04-19,5000,SUPERVISION,False
8482,2,2026-04-20,100,PASS,False
8483,2,2026-04-21,1000,SIM,False
8484,2,2026-04-22,1000,SIM,True
8485,2,2026-04-23,1000,SIM,True
8486,2,2026-04-23,5000,SUPERVISION,True
8487,2,2026-04-23,100,PASS,True
8488,2,2026-04-24,100,PASS,True
8489,2,2026-04-24,5000,SUPERVISION,True
8490,2,2026-04-25,5000,SUPERVISION,True
8491,6,2023-04-06,1000,SIM,True
8492,6,2023-04-19,100,PASS,True
8493,6,2023-04-21,5000,SUPERVISION,True
8494,6,2023-04-24,5000,SUPERVISION,True
8495,6,2023-04-26,100,PASS,True
8496,6,2023-05-13,5000,SUPERVISION,True
8497,6,2023-05-17,5000,SUPERVISION,True
8498,6,2023-06-21,5000,SUPERVISION,True
8499,6,2023-06-24,1000,SIM,True
8500,6,2023-06-27,1000,SIM,True
8501,6,2023-07-06,5000,SUPERVISION,True
8502,6,2023-07-11,5000,SUPERVISION,True
8503,6,2023-07-19,5000,SUPERVISION,False
8504,6,2023-07-21,5000,SUPERVISION,False
8505,6,2023-07-26,5000,SUPERVISION,False
8506,6,2023-08-12,5000,SUPERVISION,True
8507,6,2023-08-12,5000,SUPERVISION,True
8508,6,2023-08-13,5000,SUPERVISION,False
8509,6,2023-08-21,5000,SUPERVISION,False
8510,6,2023-08-30,1000,SIM,False
8511,6,2023-10-01,1000,SIM,False
8512,6,2023-10-05,1000,SIM,False
8513,6,2023-10-12,5000,SUPERVISION,False
8514,6,2023-11-06,1000,SIM,False
8515,6,2023-11-09,100,PASS,False
8516,6,2023-11-19,100,PASS,False
8517,6,2023-11-30,100,PASS,True
8518,6,2023-11-30,100,PASS,True
8519,6,2023-12-19,100,PASS,False
8520,6,2023-12-21,100,PASS,False
8521,6,2023-12-29,5000,SUPERVISION,False
8522,6,2024-01-05,1000,SIM,False
8523,6,2024-01-10,1000,SIM,True
8524,6,2024-01-12,1000,SIM,True
8525,6,2024-01-22,100,PASS,True
8526,6,2024-03-03,5000,SUPERVISION,True
8527,6,2024-03-06,5000,SUPERVISION,True
8528,6,2024-03-26,1000,SIM,True
8529,6,2024-03-28,5000,SUPERVISION,True
8530,6,2024-03-30,5000,SUPERVISION,True
8531,6,2024-04-04,5000,SUPERVISION,False
8532,6,2024-04-11,5000,SUPERVISION,False
8533,6,2024-04-13,1000,SIM,False
8534,6,2024-04-13,5000,SUPERVISION,False
8535,6,2024-04-23,1000,SIM,False
8536,6,2024-04-24,5000,SUPERVISION,False
8537,6,2024-05-03,5000,SUPERVISION,True
8538,6,2024-05-07,5000,SUPERVISION,True
8539,6,2024-05-07,5000,SUPERVISION,True
8540,6,2024-05-18,5000,SUPERVISION,True
8541,6,2024-05-31,5000,SUPERVISION,False
8542,6,2024-06-02,5000,SUPERVISION,False
8543,6,2024-06-02,5000,SUPERVISION,False
8544,6,2024-06-26,5000,SUPERVISION,True
8545,6,2024-07-23,5000,SUPERVISION,True
8546,6,2024-07-30,5000,SUPERVISION,False
8547,6,2024-08-04,5000,SUPERVISION,False
8548,6,2024-08-18,1000,SIM,False
8549,6,2024-08-24,1000,SIM,True
8550,6,2024-09-02,1000,SIM,True
8551,6,2024-09-24,1000,SIM,True
8552,6,2024-09-24,100,PASS,True
8553,6,2024-09-30,5000,SUPERVISION,True
8554,6,2024-10-03,5000,SUPERVISION,False
8555,6,2024-10-09,5000,SUPERVISION,False
8556,6,2024-10-10,5000,SUPERVISION,True
8557,6,2024-10-14,5000,SUPERVISION,True
8558,6,2024-10-16,5000,SUPERVISION,True
8559,6,2024-10-19,5000,SUPERVISION,False
8560,6,2024-10-19,5000,SUPERVISION,False
8561,6,2024-10-22,100,PASS,False
8562,6,2024-11-07,5000,SUPERVISION,False
8563,6,2024-11-26,1000,SIM,False
8564,6,2024-12-03,5000,SUPERVISION,False
8565,6,2024-12-12,5000,SUPERVISION,False
8566,6,2024-12-18,5000,SUPERVISION,False
8567,6,2025-01-07,5000,SUPERVISION,False
8568,6,2025-02-01,1000,SIM,False
8569,6,2025-02-08,100,PASS,False
8570,6,2025-02-23,5000,SUPERVISION,False
8571,6,2025-02-25,5000,SUPERVISION,True
8572,6,2025-02-26,5000,SUPERVISION,True
8573,6,2025-03-04,5000,SUPERVISION,True
8574,6,2025-03-06,5000,SUPERVISION,True
8575,6,2025-03-10,5000,SUPERVISION,True
8576,6,2025-03-14,5000,SUPERVISION,True
8577,6,2025-03-25,5000,SUPERVISION,True
8578,6,2025-03-31,100,PASS,True
8579,6,2025-04-11,5000,SUPERVISION,True
8580,6,2025-04-16,5000,SUPERVISION,True
8581,6,2025-04-22,1000,SIM,True
8582,6,2025-05-05,100,PASS,True
8583,6,2025-05-13,5000,SUPERVISION,True
8584,6,2025-05-23,5000,SUPERVISION,True
8585,6,2025-05-27,5000,SUPERVISION,False
8586,6,2025-05-29,5000,SUPERVISION,False
8587,6,2025-05-31,1000,SIM,False
8588,6,2025-06-11,100,PASS,False
8589,6,2025-06-16,100,PASS,False
8590,6,2025-06-22,5000,SUPERVISION,False
8591,6,2025-07-01,5000,SUPERVISION,False
8592,6,2025-07-03,5000,SUPERVISION,True
8593,6,2025-07-04,5000,SUPERVISION,True
8594,6,2025-07-10,5000,SUPERVISION,True
8595,6,2025-07-20,5000,SUPERVISION,True
8596,6,2025-07-26,5000,SUPERVISION,False
8597,6,2025-08-03,5000,SUPERVISION,False
8598,6,2025-08-10,5000,SUPERVISION,False
8599,6,2025-08-22,5000,SUPERVISION,False
8600,6,2025-08-28,1000,SIM,False
8601,6,2025-08-29,100,PASS,False
8602,6,2025-08-29,5000,SUPERVISION,False
8603,6,2025-08-30,5000,SUPERVISION,True
8604,6,2025-08-31,5000,SUPERVISION,True
8605,6,2025-09-13,5000,SUPERVISION,True
8606,6,2025-09-14,5000,SUPERVISION,True
8607,6,2025-09-16,1000,SIM,True
8608,6,2025-09-16,5000,SUPERVISION,True
8609,6,2025-09-22,5000,SUPERVISION,True
8610,6,2025-10-06,5000,SUPERVISION,False
8611,6,2025-10-15,5000,SUPERVISION,False
8612,6,2025-10-19,5000,SUPERVISION,True
8613,6,2025-10-21,5000,SUPERVISION,True
8614,6,2025-10-26,5000,SUPERVISION,True
8615,6,2025-10-26,5000,SUPERVISION,False
8616,6,2025-11-01,5000,SUPERVISION,False
8617,6,2025-11-01,5000,SUPERVISION,False
8618,6,2025-11-02,1000,SIM,False
8619,6,2025-11-09,5000,SUPERVISION,False
8620,6,2025-11-16,1000,SIM,False
8621,6,2025-11-21,5000,SUPERVISION,False
8622,6,2025-12-03,5000,SUPERVISION,False
8623,6,2025-12-03,5000,SUPERVISION,False
8624,6,2025-12-27,1000,SIM,False
8625,6,2026-01-09,100,PASS,False
8626,6,2026-01-20,5000,SUPERVISION,False
8627,6,2026-01-23,5000,SUPERVISION,True
8628,6,2026-01-24,5000,SUPERVISION,True
8629,6,2026-01-28,5000,SUPERVISION,True
8630,6,2026-02-04,5000,SUPERVISION,True
8631,6,2026-02-11,5000,SUPERVISION,False
8632,6,2026-02-19,5000,SUPERVISION,False
8633,6,2026-02-24,5000,SUPERVISION,True
8634,6,2026-02-26,5000,SUPERVISION,True
8635,6,2026-03-04,100,PASS,True
8636,6,2026-03-09,5000,SUPERVISION,True
8637,6,2026-04-07,1000,SIM,True
8638,6,2026-04-09,1000,SIM,True
8639,6,2026-04-10,5000,SUPERVISION,True
8640,4,2023-01-26,100,PASS,True
8641,4,2023-01-30,5000,SUPERVISION,True
8642,4,2023-02-02,1000,SIM,True
8643,4,2023-02-03,1000,SIM,True
8644,4,2023-02-04,5000,SUPERVISION,True
8645,4,2023-02-07,5000,SUPERVISION,True
8646,4,2023-02-10,1000,SIM,True
8647,4,2023-02-12,5000,SUPERVISION,True
8648,4,2023-02-14,5000,SUPERVISION,True
8649,4,2023-02-17,1000,SIM,True
8650,4,2023-02-18,5000,SUPERVISION,True
8651,4,2023-02-19,5000,SUPERVISION,True
8652,4,2023-03-01,5000,SUPERVISION,True
8653,4,2023-03-05,5000,SUPERVISION,True
8654,4,2023-03-07,5000,SUPERVISION,True
8655,4,2023-03-12,5000,SUPERVISION,True
8656,4,2023-03-12,100,PASS,True
8657,4,2023-03-16,100,PASS,True
8658,4,2023-03-20,100,PASS,True
8659,4,2023-03-22,5000,SUPERVISION,True
8660,4,2023-03-25,5000,SUPERVISION,True
8661,4,2023-04-01,5000,SUPERVISION,True
8662,4,2023-04-10,5000,SUPERVISION,True
8663,4,2023-04-29,5000,SUPERVISION,True
8664,4,2023-05-06,5000,SUPERVISION,True
8665,4,2023-05-08,5000,SUPERVISION,False
8666,4,2023-05-09,5000,SUPERVISION,False
8667,4,2023-05-09,5000,SUPERVISION,False
8668,4,2023-05-12,100,PASS,False
8669,4,2023-05-13,100,PASS,False
8670,4,2023-05-13,5000,SUPERVISION,False
8671,4,2023-05-13,1000,SIM,False
8672,4,2023-05-23,100,PASS,False
8673,4,2023-05-23,5000,SUPERVISION,False
8674,4,2023-05-23,1000,SIM,False
8675,4,2023-05-24,100,PASS,False
8676,4,2023-05-24,100,PASS,False
8677,4,2023-05-28,5000,SUPERVISION,False
8678,4,2023-05-31,1000,SIM,False
8679,4,2023-06-02,5000,SUPERVISION,False
8680,4,2023-06-15,1000,SIM,False
8681,4,2023-06-18,5000,SUPERVISION,False
8682,4,2023-06-18,5000,SUPERVISION,False
8683,4,2023-06-25,5000,SUPERVISION,False
8684,4,2023-06-29,5000,SUPERVISION,False
8685,4,2023-07-02,5000,SUPERVISION,False
8686,4,2023-07-06,5000,SUPERVISION,False
8687,4,2023-07-14,1000,SIM,False
8688,4,2023-07-17,5000,SUPERVISION,False
8689,4,2023-07-17,5000,SUPERVISION,False
8690,4,2023-07-17,5000,SUPERVISION,True
8691,4,2023-07-26,5000,SUPERVISION,True
8692,4,2023-07-30,5000,SUPERVISION,True
8693,4,2023-08-01,5000,SUPERVISION,False
8694,4,2023-08-06,5000,SUPERVISION,False
8695,4,2023-08-10,5000,SUPERVISION,True
8696,4,2023-08-12,5000,SUPERVISION,True
8697,4,2023-08-16,1000,SIM,True
8698,4,2023-08-17,5000,SUPERVISION,True
8699,4,2023-08-18,5000,SUPERVISION,True
8700,4,2023-08-20,5000,SUPERVISION,False
8701,4,2023-08-23,5000,SUPERVISION,False
8702,4,2023-08-29,1000,SIM,False
8703,4,2023-08-30,1000,SIM,False
8704,4,2023-09-02,100,PASS,False
8705,4,2023-09-05,5000,SUPERVISION,False
8706,4,2023-09-06,1000,SIM,False
8707,4,2023-09-08,1000,SIM,False
8708,4,2023-09-17,5000,SUPERVISION,False
8709,4,2023-09-21,1000,SIM,False
8710,4,2023-09-21,5000,SUPERVISION,False
8711,4,2023-09-26,100,PASS,False
8712,4,2023-10-05,100,PASS,False
8713,4,2023-10-10,1000,SIM,False
8714,4,2023-10-21,5000,SUPERVISION,False
8715,4,2023-10-26,5000,SUPERVISION,False
8716,4,2023-10-26,1000,SIM,False
8717,4,2023-11-12,1000,SIM,False
8718,4,2023-11-17,100,PASS,False
8719,4,2023-11-18,5000,SUPERVISION,False
8720,4,2023-11-19,5000,SUPERVISION,False
8721,4,2023-11-29,5000,SUPERVISION,False
8722,4,2023-12-02,5000,SUPERVISION,False
8723,4,2023-12-05,5000,SUPERVISION,True
8724,4,2023-12-14,5000,SUPERVISION,True
8725,4,2023-12-16,5000,SUPERVISION,False
8726,4,2023-12-19,5000,SUPERVISION,False
8727,4,2023-12-20,1000,SIM,False
8728,4,2023-12-22,5000,SUPERVISION,False
8729,4,2023-12-28,5000,SUPERVISION,True
8730,4,2023-12-28,5000,SUPERVISION,True
8731,4,2023-12-29,5000,SUPERVISION,True
8732,4,2024-01-05,100,PASS,True
8733,4,2024-01-06,5000,SUPERVISION,True
8734,4,2024-01-11,1000,SIM,True
8735,4,2024-01-20,1000,SIM,True
8736,4,2024-01-30,100,PASS,True
8737,4,2024-02-03,100,PASS,True
8738,4,2024-02-07,100,PASS,False
8739,4,2024-02-12,100,PASS,False
8740,4,2024-02-21,1000,SIM,False
8741,4,2024-02-23,100,PASS,False
8742,4,2024-02-25,5000,SUPERVISION,False
8743,4,2024-02-25,5000,SUPERVISION,False
8744,4,2024-03-04,5000,SUPERVISION,False
8745,4,2024-03-05,1000,SIM,False
8746,4,2024-03-11,1000,SIM,False
8747,4,2024-03-18,5000,SUPERVISION,False
8748,4,2024-03-24,5000,SUPERVISION,False
8749,4,2024-03-28,5000,SUPERVISION,True
8750,4,2024-03-29,5000,SUPERVISION,True
8751,4,2024-04-01,5000,SUPERVISION,True
8752,4,2024-04-03,5000,SUPERVISION,True
8753,4,2024-04-05,5000,SUPERVISION,True
8754,4,2024-04-11,5000,SUPERVISION,False
8755,4,2024-04-16,5000,SUPERVISION,False
8756,4,2024-04-16,5000,SUPERVISION,True
8757,4,2024-04-19,5000,SUPERVISION,True
8758,4,2024-04-20,5000,SUPERVISION,True
8759,4,2024-04-21,5000,SUPERVISION,True
8760,4,2024-04-21,5000,SUPERVISION,False
8761,4,2024-04-21,5000,SUPERVISION,False
8762,4,2024-04-25,5000,SUPERVISION,True
8763,4,2024-04-30,5000,SUPERVISION,True
8764,4,2024-05-01,100,PASS,True
8765,4,2024-05-05,5000,SUPERVISION,True
8766,4,2024-05-07,5000,SUPERVISION,True
8767,4,2024-05-10,100,PASS,True
8768,4,2024-05-12,1000,SIM,True
8769,4,2024-05-13,100,PASS,True
8770,4,2024-05-13,100,PASS,True
8771,4,2024-05-16,5000,SUPERVISION,True
8772,4,2024-05-16,5000,SUPERVISION,True
8773,4,2024-05-17,5000,SUPERVISION,True
8774,4,2024-05-21,5000,SUPERVISION,True
8775,4,2024-05-25,5000,SUPERVISION,True
8776,4,2024-05-25,1000,SIM,True
8777,4,2024-06-05,1000,SIM,True
8778,4,2024-06-06,5000,SUPERVISION,True
8779,4,2024-06-09,5000,SUPERVISION,True
8780,4,2024-06-09,1000,SIM,True
8781,4,2024-06-11,5000,SUPERVISION,True
8782,4,2024-06-13,5000,SUPERVISION,True
8783,4,2024-06-19,5000,SUPERVISION,False
8784,4,2024-06-25,5000,SUPERVISION,False
8785,4,2024-07-01,1000,SIM,False
8786,4,2024-07-02,1000,SIM,False
8787,4,2024-07-06,1000,SIM,True
8788,4,2024-07-06,1000,SIM,True
8789,4,2024-07-14,100,PASS,True
8790,4,2024-07-15,5000,SUPERVISION,True
8791,4,2024-07-17,100,PASS,True
8792,4,2024-07-24,100,PASS,True
8793,4,2024-07-30,100,PASS,True
8794,4,2024-08-04,100,PASS,True
8795,4,2024-08-07,5000,SUPERVISION,True
8796,4,2024-08-09,5000,SUPERVISION,False
8797,4,2024-08-10,5000,SUPERVISION,False
8798,4,2024-08-11,5000,SUPERVISION,False
8799,4,2024-08-11,1000,SIM,False
8800,4,2024-08-16,5000,SUPERVISION,False
8801,4,2024-08-20,5000,SUPERVISION,False
8802,4,2024-08-22,5000,SUPERVISION,True
8803,4,2024-08-24,5000,SUPERVISION,True
8804,4,2024-08-26,100,PASS,True
8805,4,2024-08-28,5000,SUPERVISION,True
8806,4,2024-08-29,1000,SIM,True
8807,4,2024-08-30,1000,SIM,True
8808,4,2024-09-10,1000,SIM,True
8809,4,2024-09-10,1000,SIM,True
8810,4,2024-09-19,100,PASS,True
8811,4,2024-09-24,5000,SUPERVISION,True
8812,4,2024-10-02,5000,SUPERVISION,True
8813,4,2024-10-03,5000,SUPERVISION,True
8814,4,2024-10-04,5000,SUPERVISION,False
8815,4,2024-10-05,5000,SUPERVISION,False
8816,4,2024-10-15,5000,SUPERVISION,True
8817,4,2024-10-15,5000,SUPERVISION,True
8818,4,2024-10-19,5000,SUPERVISION,False
8819,4,2024-10-20,5000,SUPERVISION,False
8820,4,2024-10-23,5000,SUPERVISION,False
8821,4,2024-10-24,1000,SIM,False
8822,4,2024-10-26,1000,SIM,True
8823,4,2024-11-07,1000,SIM,True
8824,4,2024-11-09,100,PASS,True
8825,4,2024-11-16,5000,SUPERVISION,True
8826,4,2024-11-25,5000,SUPERVISION,False
8827,4,2024-11-26,5000,SUPERVISION,False
8828,4,2024-11-28,1000,SIM,False
8829,4,2024-11-29,100,PASS,False
8830,4,2024-12-02,100,PASS,False
8831,4,2024-12-06,5000,SUPERVISION,False
8832,4,2024-12-17,1000,SIM,False
8833,4,2024-12-17,5000,SUPERVISION,False
8834,4,2024-12-22,5000,SUPERVISION,False
8835,4,2024-12-24,1000,SIM,False
8836,4,2024-12-29,100,PASS,False
8837,4,2025-01-01,5000,SUPERVISION,False
8838,4,2025-01-10,5000,SUPERVISION,True
8839,4,2025-01-12,5000,SUPERVISION,True
8840,4,2025-01-14,5000,SUPERVISION,True
8841,4,2025-01-18,5000,SUPERVISION,False
8842,4,2025-01-19,5000,SUPERVISION,False
8843,4,2025-01-20,5000,SUPERVISION,True
8844,4,2025-01-21,5000,SUPERVISION,True
8845,4,2025-02-01,5000,SUPERVISION,False
8846,4,2025-02-05,5000,SUPERVISION,False
8847,4,2025-02-06,1000,SIM,False
8848,4,2025-02-08,1000,SIM,False
8849,4,2025-02-08,1000,SIM,False
8850,4,2025-02-08,1000,SIM,False
8851,4,2025-02-12,5000,SUPERVISION,False
8852,4,2025-02-14,5000,SUPERVISION,False
8853,4,2025-02-15,5000,SUPERVISION,False
8854,4,2025-02-16,5000,SUPERVISION,True
8855,4,2025-02-22,5000,SUPERVISION,True
8856,4,2025-02-27,5000,SUPERVISION,False
8857,4,2025-02-27,5000,SUPERVISION,False
8858,4,2025-03-04,100,PASS,False
8859,4,2025-03-05,100,PASS,True
8860,4,2025-03-09,100,PASS,True
8861,4,2025-03-17,5000,SUPERVISION,True
8862,4,2025-03-18,100,PASS,True
8863,4,2025-03-18,100,PASS,True
8864,4,2025-03-20,5000,SUPERVISION,True
8865,4,2025-03-30,5000,SUPERVISION,True
8866,4,2025-03-30,100,PASS,True
8867,4,2025-04-05,1000,SIM,True
8868,4,2025-04-05,1000,SIM,True
8869,4,2025-04-08,1000,SIM,False
8870,4,2025-04-09,1000,SIM,False
8871,4,2025-04-10,5000,SUPERVISION,False
8872,4,2025-04-12,5000,SUPERVISION,False
8873,4,2025-04-13,1000,SIM,False
8874,4,2025-04-21,1000,SIM,True
8875,4,2025-04-26,1000,SIM,True
8876,4,2025-04-29,5000,SUPERVISION,True
8877,4,2025-05-02,5000,SUPERVISION,False
8878,4,2025-05-03,5000,SUPERVISION,False
8879,4,2025-05-09,5000,SUPERVISION,False
8880,4,2025-05-13,1000,SIM,False
8881,4,2025-05-27,100,PASS,False
8882,4,2025-06-09,1000,SIM,False
8883,4,2025-06-09,5000,SUPERVISION,False
8884,4,2025-06-10,5000,SUPERVISION,False
8885,4,2025-06-11,5000,SUPERVISION,False
8886,4,2025-06-16,1000,SIM,False
8887,4,2025-06-17,100,PASS,False
8888,4,2025-06-19,5000,SUPERVISION,False
8889,4,2025-06-23,5000,SUPERVISION,False
8890,4,2025-06-23,1000,SIM,False
8891,4,2025-06-24,1000,SIM,False
8892,4,2025-06-27,1000,SIM,True
8893,4,2025-07-01,1000,SIM,True
8894,4,2025-07-06,5000,SUPERVISION,True
8895,4,2025-07-09,5000,SUPERVISION,True
8896,4,2025-07-16,5000,SUPERVISION,True
8897,4,2025-07-18,5000,SUPERVISION,False
8898,4,2025-07-20,5000,SUPERVISION,False
8899,4,2025-07-21,5000,SUPERVISION,False
8900,4,2025-07-23,5000,SUPERVISION,True
8901,4,2025-07-30,5000,SUPERVISION,True
8902,4,2025-08-12,5000,SUPERVISION,True
8903,4,2025-08-13,1000,SIM,True
8904,4,2025-08-16,100,PASS,True
8905,4,2025-08-18,5000,SUPERVISION,True
8906,4,2025-08-27,5000,SUPERVISION,False
8907,4,2025-08-28,5000,SUPERVISION,False
8908,4,2025-08-28,5000,SUPERVISION,False
8909,4,2025-09-05,5000,SUPERVISION,False
8910,4,2025-09-08,100,PASS,False
8911,4,2025-09-10,100,PASS,False
8912,4,2025-09-10,100,PASS,False
8913,4,2025-09-16,5000,SUPERVISION,False
8914,4,2025-09-19,5000,SUPERVISION,False
8915,4,2025-09-25,5000,SUPERVISION,True
8916,4,2025-09-30,5000,SUPERVISION,True
8917,4,2025-09-30,5000,SUPERVISION,True
8918,4,2025-10-05,5000,SUPERVISION,False
8919,4,2025-10-11,5000,SUPERVISION,False
8920,4,2025-10-12,1000,SIM,False
8921,4,2025-10-12,100,PASS,False
8922,4,2025-10-12,5000,SUPERVISION,False
8923,4,2025-10-13,5000,SUPERVISION,True
8924,4,2025-10-18,5000,SUPERVISION,True
8925,4,2025-10-18,5000,SUPERVISION,False
8926,4,2025-10-23,5000,SUPERVISION,False
8927,4,2025-10-23,1000,SIM,False
8928,4,2025-10-23,1000,SIM,False
8929,4,2025-10-26,5000,SUPERVISION,False
8930,4,2025-10-28,1000,SIM,False
8931,4,2025-11-03,5000,SUPERVISION,False
8932,4,2025-11-07,5000,SUPERVISION,True
8933,4,2025-11-14,5000,SUPERVISION,True
8934,4,2025-11-15,1000,SIM,True
8935,4,2025-11-21,5000,SUPERVISION,True
8936,4,2025-11-24,5000,SUPERVISION,True
8937,4,2025-11-28,5000,SUPERVISION,True
8938,4,2025-11-30,100,PASS,True
8939,4,2025-12-02,5000,SUPERVISION,True
8940,4,2025-12-04,5000,SUPERVISION,True
8941,4,2025-12-05,5000,SUPERVISION,True
8942,4,2025-12-07,5000,SUPERVISION,False
8943,4,2025-12-08,5000,SUPERVISION,False
8944,4,2025-12-08,5000,SUPERVISION,False
8945,4,2025-12-08,5000,SUPERVISION,False
8946,4,2025-12-09,5000,SUPERVISION,False
8947,4,2025-12-11,100,PASS,False
8948,4,2025-12-11,5000,SUPERVISION,False
8949,4,2025-12-12,1000,SIM,False
8950,4,2025-12-21,5000,SUPERVISION,False
8951,4,2025-12-23,1000,SIM,False
8952,4,2026-01-04,5000,SUPERVISION,False
8953,4,2026-01-07,5000,SUPERVISION,False
8954,4,2026-01-14,1000,SIM,False
8955,4,2026-01-21,1000,SIM,False
8956,4,2026-01-30,5000,SUPERVISION,False
8957,4,2026-02-01,1000,SIM,False
8958,4,2026-02-04,100,PASS,False
8959,4,2026-02-06,100,PASS,True
8960,4,2026-02-07,100,PASS,True
8961,4,2026-02-08,5000,SUPERVISION,True
8962,4,2026-02-14,1000,SIM,True
8963,4,2026-02-14,100,PASS,True
8964,4,2026-02-17,100,PASS,False
8965,4,2026-02-19,100,PASS,False
8966,4,2026-02-25,5000,SUPERVISION,False
8967,4,2026-03-03,5000,SUPERVISION,False
8968,4,2026-03-06,5000,SUPERVISION,True
8969,4,2026-03-11,5000,SUPERVISION,True
8970,4,2026-03-12,5000,SUPERVISION,False
8971,4,2026-03-16,5000,SUPERVISION,False
8972,4,2026-03-20,5000,SUPERVISION,True
8973,4,2026-03-24,5000,SUPERVISION,True
8974,4,2026-03-28,5000,SUPERVISION,True
8975,4,2026-04-04,5000,SUPERVISION,True
8976,4,2026-04-06,5000,SUPERVISION,True
8977,4,2026-04-07,5000,SUPERVISION,True
8978,4,2026-04-08,5000,SUPERVISION,True
8979,4,2026-04-08,5000,SUPERVISION,True
8980,4,2026-04-08,1000,SIM,True
8981,4,2026-04-10,5000,SUPERVISION,True
8982,4,2026-04-11,5000,SUPERVISION,True
8983,4,2026-04-18,5000,SUPERVISION,True
8984,4,2026-04-19,5000,SUPERVISION,True
8985,4,2026-04-22,5000,SUPERVISION,True
8986,4,2026-04-25,5000,SUPERVISION,True
8987,5,2023-04-03,100,PASS,True
8988,5,2023-04-04,5000,SUPERVISION,True
8989,5,2023-04-07,1000,SIM,True
8990,5,2023-04-09,5000,SUPERVISION,True
8991,5,2023-04-11,100,PASS,True
8992,5,2023-04-15,1000,SIM,True
8993,5,2023-04-17,5000,SUPERVISION,True
8994,5,2023-04-20,100,PASS,True
8995,5,2023-04-21,5000,SUPERVISION,True
8996,5,2023-04-22,5000,SUPERVISION,False
8997,5,2023-04-30,5000,SUPERVISION,False
8998,5,2023-04-30,1000,SIM,False
8999,5,2023-05-01,1000,SIM,False
9000,5,2023-05-01,1000,SIM,False
9001,5,2023-05-03,5000,SUPERVISION,False
9002,5,2023-05-05,100,PASS,False
9003,5,2023-05-16,1000,SIM,False
9004,5,2023-05-21,5000,SUPERVISION,False
9005,5,2023-05-22,5000,SUPERVISION,False
9006,5,2023-05-25,5000,SUPERVISION,False
9007,5,2023-05-31,5000,SUPERVISION,False
9008,5,2023-06-04,100,PASS,False
9009,5,2023-06-06,5000,SUPERVISION,False
9010,5,2023-06-18,1000,SIM,False
9011,5,2023-06-28,5000,SUPERVISION,False
9012,5,2023-07-12,5000,SUPERVISION,False
9013,5,2023-07-12,5000,SUPERVISION,True
9014,5,2023-07-24,5000,SUPERVISION,True
9015,5,2023-08-14,1000,SIM,True
9016,5,2023-08-15,5000,SUPERVISION,True
9017,5,2023-08-18,1000,SIM,True
9018,5,2023-08-19,5000,SUPERVISION,True
9019,5,2023-08-26,100,PASS,True
9020,5,2023-09-07,1000,SIM,True
9021,5,2023-09-07,5000,SUPERVISION,True
9022,5,2023-09-14,5000,SUPERVISION,False
9023,5,2023-09-15,5000,SUPERVISION,False
9024,5,2023-09-19,5000,SUPERVISION,True
9025,5,2023-09-24,5000,SUPERVISION,True
9026,5,2023-10-06,5000,SUPERVISION,True
9027,5,2023-10-14,5000,SUPERVISION,False
9028,5,2023-10-23,5000,SUPERVISION,False
9029,5,2023-10-29,5000,SUPERVISION,True
9030,5,2023-10-30,5000,SUPERVISION,True
9031,5,2023-10-31,5000,SUPERVISION,True
9032,5,2023-11-01,5000,SUPERVISION,True
9033,5,2023-11-11,5000,SUPERVISION,True
9034,5,2023-11-14,100,PASS,True
9035,5,2023-11-24,5000,SUPERVISION,True
9036,5,2023-11-25,1000,SIM,True
9037,5,2023-11-29,5000,SUPERVISION,True
9038,5,2023-12-01,5000,SUPERVISION,True
9039,5,2023-12-10,5000,SUPERVISION,True
9040,5,2023-12-26,100,PASS,True
9041,5,2023-12-26,5000,SUPERVISION,True
9042,5,2024-01-02,5000,SUPERVISION,True
9043,5,2024-01-12,5000,SUPERVISION,False
9044,5,2024-01-16,5000,SUPERVISION,False
9045,5,2024-01-20,5000,SUPERVISION,True
9046,5,2024-01-23,5000,SUPERVISION,True
9047,5,2024-01-28,5000,SUPERVISION,True
9048,5,2024-01-29,5000,SUPERVISION,True
9049,5,2024-01-30,100,PASS,True
9050,5,2024-01-30,100,PASS,True
9051,5,2024-02-04,5000,SUPERVISION,True
9052,5,2024-02-06,5000,SUPERVISION,True
9053,5,2024-02-09,5000,SUPERVISION,True
9054,5,2024-02-18,5000,SUPERVISION,False
9055,5,2024-02-21,5000,SUPERVISION,False
9056,5,2024-02-26,5000,SUPERVISION,False
9057,5,2024-02-27,1000,SIM,False
9058,5,2024-02-28,1000,SIM,False
9059,5,2024-02-29,100,PASS,False
9060,5,2024-03-01,100,PASS,True
9061,5,2024-03-06,100,PASS,True
9062,5,2024-03-12,5000,SUPERVISION,True
9063,5,2024-03-16,5000,SUPERVISION,True
9064,5,2024-03-23,1000,SIM,True
9065,5,2024-04-10,1000,SIM,True
9066,5,2024-04-11,1000,SIM,True
9067,5,2024-04-22,5000,SUPERVISION,True
9068,5,2024-04-25,5000,SUPERVISION,True
9069,5,2024-05-04,5000,SUPERVISION,True
9070,5,2024-05-05,1000,SIM,True
9071,5,2024-05-06,1000,SIM,True
9072,5,2024-05-17,5000,SUPERVISION,True
9073,5,2024-05-18,5000,SUPERVISION,True
9074,5,2024-05-23,5000,SUPERVISION,False
9075,5,2024-05-28,5000,SUPERVISION,False
9076,5,2024-06-03,1000,SIM,False
9077,5,2024-06-05,5000,SUPERVISION,False
9078,5,2024-06-15,5000,SUPERVISION,False
9079,5,2024-06-15,5000,SUPERVISION,False
9080,5,2024-07-04,5000,SUPERVISION,False
9081,5,2024-07-04,5000,SUPERVISION,False
9082,5,2024-07-24,5000,SUPERVISION,False
9083,5,2024-07-25,1000,SIM,False
9084,5,2024-08-04,1000,SIM,False
9085,5,2024-08-25,1000,SIM,False
9086,5,2024-08-30,5000,SUPERVISION,False
9087,5,2024-09-05,5000,SUPERVISION,True
9088,5,2024-09-08,5000,SUPERVISION,True
9089,5,2024-09-09,100,PASS,True
9090,5,2024-09-15,5000,SUPERVISION,True
9091,5,2024-09-22,1000,SIM,True
9092,5,2024-09-27,100,PASS,True
9093,5,2024-10-01,100,PASS,True
9094,5,2024-10-05,5000,SUPERVISION,True
9095,5,2024-10-08,5000,SUPERVISION,True
9096,5,2024-10-11,5000,SUPERVISION,False
9097,5,2024-10-17,5000,SUPERVISION,False
9098,5,2024-10-18,5000,SUPERVISION,True
9099,5,2024-10-26,5000,SUPERVISION,True
9100,5,2024-10-29,5000,SUPERVISION,False
9101,5,2024-10-31,5000,SUPERVISION,False
9102,5,2024-10-31,5000,SUPERVISION,False
9103,5,2024-11-05,5000,SUPERVISION,False
9104,5,2024-11-06,5000,SUPERVISION,False
9105,5,2024-11-12,5000,SUPERVISION,False
9106,5,2024-11-15,1000,SIM,False
9107,5,2024-11-18,5000,SUPERVISION,False
9108,5,2024-11-19,5000,SUPERVISION,False
9109,5,2024-11-25,100,PASS,False
9110,5,2024-11-26,100,PASS,False
9111,5,2024-11-27,100,PASS,False
9112,5,2024-12-04,100,PASS,True
9113,5,2024-12-10,100,PASS,True
9114,5,2024-12-14,100,PASS,True
9115,5,2024-12-14,5000,SUPERVISION,True
9116,5,2024-12-21,5000,SUPERVISION,True
9117,5,2024-12-25,5000,SUPERVISION,False
9118,5,2024-12-30,5000,SUPERVISION,False
9119,5,2024-12-31,5000,SUPERVISION,False
9120,5,2024-12-31,5000,SUPERVISION,False
9121,5,2025-01-05,5000,SUPERVISION,False
9122,5,2025-01-05,5000,SUPERVISION,False
9123,5,2025-01-10,5000,SUPERVISION,True
9124,5,2025-01-14,5000,SUPERVISION,True
9125,5,2025-01-23,1000,SIM,True
9126,5,2025-01-30,100,PASS,True
9127,5,2025-01-30,5000,SUPERVISION,True
9128,5,2025-02-02,5000,SUPERVISION,True
9129,5,2025-02-06,5000,SUPERVISION,True
9130,5,2025-02-06,5000,SUPERVISION,True
9131,5,2025-02-13,5000,SUPERVISION,True
9132,5,2025-02-17,100,PASS,True
9133,5,2025-02-26,1000,SIM,True
9134,5,2025-03-15,5000,SUPERVISION,True
9135,5,2025-03-17,5000,SUPERVISION,True
9136,5,2025-03-17,5000,SUPERVISION,False
9137,5,2025-03-21,5000,SUPERVISION,False
9138,5,2025-03-23,1000,SIM,False
9139,5,2025-04-02,5000,SUPERVISION,False
9140,5,2025-04-07,5000,SUPERVISION,True
9141,5,2025-04-07,5000,SUPERVISION,True
9142,5,2025-04-12,100,PASS,True
9143,5,2025-04-13,1000,SIM,True
9144,5,2025-04-17,1000,SIM,False
9145,5,2025-04-28,1000,SIM,False
9146,5,2025-05-02,1000,SIM,False
9147,5,2025-05-03,1000,SIM,False
9148,5,2025-05-04,1000,SIM,False
9149,5,2025-05-07,100,PASS,False
9150,5,2025-05-08,100,PASS,False
9151,5,2025-06-29,100,PASS,False
9152,5,2025-07-01,100,PASS,False
9153,5,2025-07-12,5000,SUPERVISION,False
9154,5,2025-07-29,5000,SUPERVISION,False
9155,5,2025-08-05,100,PASS,False
9156,5,2025-08-07,1000,SIM,False
9157,5,2025-08-08,100,PASS,False
9158,5,2025-08-09,5000,SUPERVISION,False
9159,5,2025-08-11,5000,SUPERVISION,False
9160,5,2025-08-12,1000,SIM,False
9161,5,2025-08-27,100,PASS,False
9162,5,2025-08-29,100,PASS,False
9163,5,2025-08-30,100,PASS,False
9164,5,2025-09-05,5000,SUPERVISION,False
9165,5,2025-09-05,5000,SUPERVISION,False
9166,5,2025-09-10,5000,SUPERVISION,True
9167,5,2025-09-20,5000,SUPERVISION,True
9168,5,2025-09-22,1000,SIM,True
9169,5,2025-10-03,100,PASS,True
9170,5,2025-10-15,100,PASS,True
9171,5,2025-10-25,5000,SUPERVISION,True
9172,5,2025-10-31,100,PASS,True
9173,5,2025-11-06,1000,SIM,True
9174,5,2025-11-23,1000,SIM,True
9175,5,2025-11-25,100,PASS,True
9176,5,2025-11-26,5000,SUPERVISION,True
9177,5,2025-12-04,5000,SUPERVISION,True
9178,5,2025-12-04,5000,SUPERVISION,True
9179,5,2025-12-06,5000,SUPERVISION,True
9180,5,2025-12-09,5000,SUPERVISION,True
9181,5,2025-12-14,5000,SUPERVISION,False
9182,5,2025-12-17,5000,SUPERVISION,False
9183,5,2025-12-19,1000,SIM,False
9184,5,2025-12-23,1000,SIM,True
9185,5,2026-01-07,1000,SIM,True
9186,5,2026-01-26,100,PASS,True
9187,5,2026-01-30,1000,SIM,True
9188,5,2026-02-04,1000,SIM,True
9189,5,2026-02-08,100,PASS,True
9190,5,2026-02-11,5000,SUPERVISION,True
9191,5,2026-02-12,5000,SUPERVISION,False
9192,5,2026-02-13,5000,SUPERVISION,False
9193,5,2026-02-21,5000,SUPERVISION,True
9194,5,2026-03-05,5000,SUPERVISION,True
9195,5,2026-03-05,5000,SUPERVISION,False
9196,5,2026-03-08,5000,SUPERVISION,False
9197,5,2026-03-16,5000,SUPERVISION,False
9198,5,2026-03-22,1000,SIM,False
9199,5,2026-03-25,5000,SUPERVISION,False
9200,5,2026-03-30,5000,SUPERVISION,False
9201,5,2026-04-12,5000,SUPERVISION,False
9202,5,2026-04-18,5000,SUPERVISION,False
9203,5,2026-04-20,5000,SUPERVISION,False
9204,5,2026-04-23,5000,SUPERVISION,True
9205,12,2023-08-24,100,PASS,True
9206,12,2023-09-11,1000,SIM,True
9207,12,2023-09-20,100,PASS,True
9208,12,2023-09-21,5000,SUPERVISION,True
9209,12,2023-09-30,1000,SIM,True
9210,12,2023-10-14,100,PASS,True
9211,12,2023-12-13,5000,SUPERVISION,True
9212,12,2023-12-23,5000,SUPERVISION,True
9213,12,2024-01-05,1000,SIM,True
9214,12,2024-01-20,100,PASS,True
9215,12,2024-02-04,1000,SIM,True
9216,12,2024-02-21,1000,SIM,True
9217,12,2024-05-25,1000,SIM,True
9218,12,2024-06-16,1000,SIM,True
9219,12,2024-07-06,1000,SIM,False
9220,12,2024-08-09,1000,SIM,False
9221,12,2024-08-31,100,PASS,False
9222,12,2024-09-05,5000,SUPERVISION,False
9223,12,2024-10-24,1000,SIM,False
9224,12,2024-12-09,1000,SIM,False
9225,12,2024-12-16,5000,SUPERVISION,False
9226,12,2025-01-15,5000,SUPERVISION,False
9227,12,2025-01-31,100,PASS,False
9228,12,2025-02-07,1000,SIM,False
9229,12,2025-05-07,5000,SUPERVISION,False
9230,12,2025-05-10,1000,SIM,False
9231,12,2025-07-30,1000,SIM,False
9232,12,2025-10-15,5000,SUPERVISION,False
9233,12,2025-10-21,5000,SUPERVISION,True
9234,12,2025-12-01,5000,SUPERVISION,True
9235,12,2025-12-13,5000,SUPERVISION,True
9236,12,2025-12-18,5000,SUPERVISION,True
9237,12,2026-02-08,5000,SUPERVISION,True
9238,12,2026-03-16,100,PASS,True
9239,12,2026-04-25,5000,SUPERVISION,True
9240,19,2023-07-31,100,PASS,True
9241,19,2023-10-22,100,PASS,True
9242,19,2023-10-23,5000,SUPERVISION,True
9243,19,2023-11-03,5000,SUPERVISION,True
9244,19,2023-11-09,5000,SUPERVISION,True
9245,19,2024-05-23,5000,SUPERVISION,True
9246,19,2024-07-03,1000,SIM,True
9247,19,2024-10-11,100,PASS,True
9248,19,2024-11-08,5000,SUPERVISION,True
9249,19,2025-01-07,100,PASS,True
9250,19,2025-06-15,1000,SIM,True
9251,19,2025-08-28,1000,SIM,False
9252,19,2026-01-30,1000,SIM,False
9253,19,2026-03-24,1000,SIM,False
9254,32,2025-01-07,5000,SUPERVISION,True
9255,32,2025-06-18,5000,SUPERVISION,False
9256,32,2025-08-13,5000,SUPERVISION,False
9257,32,2025-09-06,1000,SIM,False
9258,32,2025-12-18,1000,SIM,False
9259,7,2023-04-09,5000,SUPERVISION,True
9260,7,2023-04-10,5000,SUPERVISION,True
9261,7,2023-04-21,5000,SUPERVISION,True
9262,7,2023-04-28,5000,SUPERVISION,True
9263,7,2023-05-06,5000,SUPERVISION,True
9264,7,2023-06-11,5000,SUPERVISION,False
9265,7,2023-06-14,5000,SUPERVISION,False
9266,7,2023-06-16,1000,SIM,False
9267,7,2023-06-24,100,PASS,False
9268,7,2023-06-28,100,PASS,False
9269,7,2023-07-01,1000,SIM,False
9270,7,2023-07-04,1000,SIM,False
9271,7,2023-07-17,100,PASS,False
9272,7,2023-07-30,100,PASS,True
9273,7,2023-08-08,100,PASS,True
9274,7,2023-08-09,5000,SUPERVISION,True
9275,7,2023-08-09,100,PASS,True
9276,7,2023-08-09,100,PASS,True
9277,7,2023-08-31,100,PASS,True
9278,7,2023-09-08,100,PASS,True
9279,7,2023-09-12,1000,SIM,True
9280,7,2023-09-26,5000,SUPERVISION,True
9281,7,2023-10-19,5000,SUPERVISION,True
9282,7,2023-11-06,5000,SUPERVISION,True
9283,7,2023-11-09,5000,SUPERVISION,True
9284,7,2023-11-13,5000,SUPERVISION,True
9285,7,2023-11-13,5000,SUPERVISION,False
9286,7,2023-11-24,5000,SUPERVISION,False
9287,7,2023-12-05,1000,SIM,False
9288,7,2023-12-11,1000,SIM,False
9289,7,2023-12-23,1000,SIM,False
9290,7,2023-12-30,1000,SIM,False
9291,7,2024-01-01,5000,SUPERVISION,False
9292,7,2024-01-05,1000,SIM,False
9293,7,2024-03-03,1000,SIM,False
9294,7,2024-03-11,1000,SIM,False
9295,7,2024-03-26,5000,SUPERVISION,False
9296,7,2024-03-26,1000,SIM,False
9297,7,2024-04-15,5000,SUPERVISION,False
9298,7,2024-04-29,5000,SUPERVISION,False
9299,7,2024-04-29,1000,SIM,False
9300,7,2024-05-01,1000,SIM,False
9301,7,2024-06-01,5000,SUPERVISION,False
9302,7,2024-06-16,5000,SUPERVISION,True
9303,7,2024-06-30,5000,SUPERVISION,True
9304,7,2024-07-13,5000,SUPERVISION,True
9305,7,2024-07-23,100,PASS,True
9306,7,2024-07-24,5000,SUPERVISION,True
9307,7,2024-07-26,100,PASS,True
9308,7,2024-07-30,5000,SUPERVISION,True
9309,7,2024-08-03,5000,SUPERVISION,True
9310,7,2024-08-12,1000,SIM,True
9311,7,2024-08-13,100,PASS,True
9312,7,2024-08-21,100,PASS,False
9313,7,2024-09-17,100,PASS,False
9314,7,2024-10-22,5000,SUPERVISION,False
9315,7,2024-11-07,5000,SUPERVISION,True
9316,7,2024-11-20,5000,SUPERVISION,True
9317,7,2024-12-04,1000,SIM,True
9318,7,2024-12-07,100,PASS,True
9319,7,2024-12-08,100,PASS,True
9320,7,2024-12-16,100,PASS,True
9321,7,2024-12-22,5000,SUPERVISION,True
9322,7,2024-12-29,5000,SUPERVISION,True
9323,7,2025-01-07,1000,SIM,True
9324,7,2025-01-24,5000,SUPERVISION,True
9325,7,2025-02-02,5000,SUPERVISION,True
9326,7,2025-02-05,5000,SUPERVISION,True
9327,7,2025-02-08,1000,SIM,True
9328,7,2025-03-04,1000,SIM,False
9329,7,2025-03-17,1000,SIM,False
9330,7,2025-04-05,100,PASS,False
9331,7,2025-04-17,100,PASS,True
9332,7,2025-04-17,100,PASS,True
9333,7,2025-04-25,100,PASS,True
9334,7,2025-05-03,100,PASS,True
9335,7,2025-05-07,5000,SUPERVISION,True
9336,7,2025-06-14,5000,SUPERVISION,False
9337,7,2025-06-15,5000,SUPERVISION,False
9338,7,2025-06-24,5000,SUPERVISION,False
9339,7,2025-07-17,5000,SUPERVISION,False
9340,7,2025-08-06,5000,SUPERVISION,False
9341,7,2025-08-11,1000,SIM,False
9342,7,2025-08-25,1000,SIM,False
9343,7,2025-09-07,1000,SIM,False
9344,7,2025-09-23,1000,SIM,True
9345,7,2025-09-26,1000,SIM,True
9346,7,2025-10-13,5000,SUPERVISION,True
9347,7,2025-10-19,5000,SUPERVISION,True
9348,7,2025-11-18,5000,SUPERVISION,True
9349,7,2025-11-18,1000,SIM,True
9350,7,2025-11-29,1000,SIM,True
9351,7,2025-12-16,1000,SIM,True
9352,7,2026-01-01,5000,SUPERVISION,True
9353,7,2026-01-03,5000,SUPERVISION,True
9354,7,2026-01-07,100,PASS,True
9355,7,2026-01-09,1000,SIM,True
9356,7,2026-01-12,5000,SUPERVISION,True
9357,7,2026-01-31,1000,SIM,True
9358,7,2026-02-02,1000,SIM,True
9359,7,2026-02-11,100,PASS,True
9360,7,2026-02-24,100,PASS,False
9361,7,2026-02-27,100,PASS,False
9362,7,2026-04-01,5000,SUPERVISION,False
9363,7,2026-04-09,5000,SUPERVISION,False
9364,7,2026-04-15,1000,SIM,False
9365,7,2026-04-16,100,PASS,False
9366,7,2026-04-25,5000,SUPERVISION,False
9367,28,2024-02-20,1000,SIM,True
9368,28,2024-11-05,1000,SIM,True
9369,28,2024-11-26,5000,SUPERVISION,True
9370,28,2025-03-23,5000,SUPERVISION,True
9371,28,2025-08-28,5000,SUPERVISION,False
9372,28,2025-12-02,5000,SUPERVISION,False
9373,28,2026-01-25,1000,SIM,False
9374,8,2023-03-09,1000,SIM,True
9375,8,2023-03-09,1000,SIM,True
9376,8,2023-03-09,100,PASS,True
9377,8,2023-04-09,5000,SUPERVISION,True
9378,8,2023-05-12,5000,SUPERVISION,True
9379,8,2023-05-24,5000,SUPERVISION,True
9380,8,2023-05-31,5000,SUPERVISION,True
9381,8,2023-06-02,5000,SUPERVISION,True
9382,8,2023-07-05,5000,SUPERVISION,False
9383,8,2023-08-12,5000,SUPERVISION,False
9384,8,2023-08-23,5000,SUPERVISION,True
9385,8,2023-08-26,5000,SUPERVISION,True
9386,8,2023-09-11,5000,SUPERVISION,False
9387,8,2023-10-09,5000,SUPERVISION,False
9388,8,2023-10-14,5000,SUPERVISION,False
9389,8,2023-10-24,100,PASS,False
9390,8,2023-11-03,100,PASS,False
9391,8,2023-11-20,5000,SUPERVISION,False
9392,8,2023-11-21,1000,SIM,False
9393,8,2023-11-26,1000,SIM,False
9394,8,2023-12-15,100,PASS,False
9395,8,2024-01-05,100,PASS,False
9396,8,2024-01-11,100,PASS,False
9397,8,2024-01-24,5000,SUPERVISION,False
9398,8,2024-02-19,1000,SIM,False
9399,8,2024-03-13,1000,SIM,False
9400,8,2024-03-14,5000,SUPERVISION,False
9401,8,2024-03-21,1000,SIM,False
9402,8,2024-03-29,1000,SIM,True
9403,8,2024-04-01,1000,SIM,True
9404,8,2024-04-17,1000,SIM,True
9405,8,2024-05-02,100,PASS,True
9406,8,2024-06-09,5000,SUPERVISION,True
9407,8,2024-07-04,5000,SUPERVISION,True
9408,8,2024-07-13,5000,SUPERVISION,True
9409,8,2024-08-01,5000,SUPERVISION,False
9410,8,2024-08-16,5000,SUPERVISION,False
9411,8,2024-09-15,5000,SUPERVISION,True
9412,8,2024-10-12,5000,SUPERVISION,True
9413,8,2024-10-25,5000,SUPERVISION,True
9414,8,2024-11-20,1000,SIM,True
9415,8,2024-12-12,100,PASS,True
9416,8,2024-12-17,100,PASS,True
9417,8,2024-12-23,100,PASS,True
9418,8,2024-12-30,5000,SUPERVISION,True
9419,8,2025-01-17,5000,SUPERVISION,False
9420,8,2025-01-29,5000,SUPERVISION,False
9421,8,2025-02-10,5000,SUPERVISION,False
9422,8,2025-03-09,5000,SUPERVISION,False
9423,8,2025-03-18,1000,SIM,False
9424,8,2025-03-19,1000,SIM,True
9425,8,2025-03-24,1000,SIM,True
9426,8,2025-04-20,1000,SIM,True
9427,8,2025-05-01,5000,SUPERVISION,True
9428,8,2025-05-29,1000,SIM,True
9429,8,2025-06-04,5000,SUPERVISION,True
9430,8,2025-06-12,5000,SUPERVISION,True
9431,8,2025-06-20,5000,SUPERVISION,True
9432,8,2025-07-20,5000,SUPERVISION,True
9433,8,2025-07-23,5000,SUPERVISION,True
9434,8,2025-07-30,5000,SUPERVISION,True
9435,8,2025-08-01,5000,SUPERVISION,True
9436,8,2025-08-09,100,PASS,True
9437,8,2025-08-21,5000,SUPERVISION,True
9438,8,2025-09-12,5000,SUPERVISION,False
9439,8,2025-09-18,5000,SUPERVISION,False
9440,8,2025-10-20,5000,SUPERVISION,False
9441,8,2025-11-12,5000,SUPERVISION,False
9442,8,2025-11-21,100,PASS,False
9443,8,2025-12-02,100,PASS,False
9444,8,2025-12-16,100,PASS,True
9445,8,2025-12-17,100,PASS,True
9446,8,2025-12-27,1000,SIM,True
9447,8,2026-01-06,5000,SUPERVISION,True
9448,8,2026-02-17,5000,SUPERVISION,True
9449,8,2026-02-21,5000,SUPERVISION,True
9450,8,2026-02-21,5000,SUPERVISION,True
9451,8,2026-03-02,5000,SUPERVISION,False
9452,8,2026-03-07,5000,SUPERVISION,False
9453,8,2026-03-12,1000,SIM,False
9454,8,2026-04-06,5000,SUPERVISION,False
9455,8,2026-04-17,5000,SUPERVISION,True
9456,64,2025-08-30,1000,SIM,True
9457,64,2026-04-01,1000,SIM,True
9458,21,2023-08-15,1000,SIM,True
9459,21,2023-09-12,1000,SIM,True
9460,21,2023-10-31,100,PASS,True
9461,21,2024-01-02,5000,SUPERVISION,True
9462,21,2024-03-19,5000,SUPERVISION,True
9463,21,2024-03-26,5000,SUPERVISION,False
9464,21,2025-02-01,5000,SUPERVISION,False
9465,21,2025-02-06,1000,SIM,False
9466,21,2025-05-07,1000,SIM,True
9467,21,2025-06-12,1000,SIM,True
9468,21,2026-02-13,1000,SIM,False
9469,21,2026-04-14,1000,SIM,False
9470,30,2024-12-03,100,PASS,True
9471,30,2025-02-23,5000,SUPERVISION,True
9472,30,2025-03-15,5000,SUPERVISION,False
9473,30,2025-06-03,5000,SUPERVISION,False
9474,30,2025-08-20,100,PASS,False
9475,30,2025-12-25,5000,SUPERVISION,False
9476,9,2023-05-02,100,PASS,True
9477,9,2023-05-20,100,PASS,True
9478,9,2023-05-23,1000,SIM,True
9479,9,2023-06-05,100,PASS,True
9480,9,2023-07-02,100,PASS,False
9481,9,2023-07-09,100,PASS,False
9482,9,2023-07-13,5000,SUPERVISION,False
9483,9,2023-08-01,5000,SUPERVISION,True
9484,9,2023-08-28,5000,SUPERVISION,True
9485,9,2023-08-29,5000,SUPERVISION,False
9486,9,2023-09-06,5000,SUPERVISION,False
9487,9,2023-09-11,1000,SIM,False
9488,9,2023-09-17,1000,SIM,True
9489,9,2023-10-04,1000,SIM,True
9490,9,2023-10-24,1000,SIM,True
9491,9,2023-12-05,100,PASS,True
9492,9,2023-12-07,5000,SUPERVISION,True
9493,9,2023-12-12,5000,SUPERVISION,True
9494,9,2024-01-05,5000,SUPERVISION,True
9495,9,2024-01-21,1000,SIM,True
9496,9,2024-02-04,100,PASS,True
9497,9,2024-02-11,5000,SUPERVISION,True
9498,9,2024-02-26,5000,SUPERVISION,True
9499,9,2024-03-22,100,PASS,True
9500,9,2024-04-27,5000,SUPERVISION,True
9501,9,2024-06-21,5000,SUPERVISION,True
9502,9,2024-06-27,5000,SUPERVISION,True
9503,9,2024-07-14,1000,SIM,True
9504,9,2024-07-14,1000,SIM,True
9505,9,2024-08-09,5000,SUPERVISION,True
9506,9,2024-08-17,5000,SUPERVISION,True
9507,9,2024-10-07,100,PASS,True
9508,9,2024-10-30,100,PASS,False
9509,9,2024-11-02,100,PASS,False
9510,9,2024-11-10,5000,SUPERVISION,False
9511,9,2024-11-18,1000,SIM,False
9512,9,2024-12-19,1000,SIM,False
9513,9,2025-01-22,5000,SUPERVISION,False
9514,9,2025-01-24,1000,SIM,False
9515,9,2025-01-26,1000,SIM,True
9516,9,2025-01-28,1000,SIM,True
9517,9,2025-02-27,100,PASS,True
9518,9,2025-03-11,5000,SUPERVISION,True
9519,9,2025-03-26,1000,SIM,True
9520,9,2025-03-27,1000,SIM,True
9521,9,2025-05-17,100,PASS,True
9522,9,2025-05-20,5000,SUPERVISION,True
9523,9,2025-05-30,1000,SIM,True
9524,9,2025-06-23,1000,SIM,False
9525,9,2025-06-26,1000,SIM,False
9526,9,2025-07-07,1000,SIM,False
9527,9,2025-07-13,5000,SUPERVISION,False
9528,9,2025-07-19,5000,SUPERVISION,False
9529,9,2025-07-30,5000,SUPERVISION,True
9530,9,2025-08-05,5000,SUPERVISION,True
9531,9,2025-08-21,1000,SIM,True
9532,9,2025-09-11,1000,SIM,True
9533,9,2025-09-21,100,PASS,True
9534,9,2025-11-17,5000,SUPERVISION,True
9535,9,2025-12-12,5000,SUPERVISION,True
9536,9,2025-12-22,5000,SUPERVISION,True
9537,9,2026-01-15,5000,SUPERVISION,True
9538,9,2026-01-24,5000,SUPERVISION,True
9539,9,2026-03-09,5000,SUPERVISION,True
9540,15,2023-05-18,1000,SIM,True
9541,15,2023-07-21,100,PASS,True
9542,15,2023-11-16,100,PASS,False
9543,15,2024-01-19,100,PASS,False
9544,15,2024-02-02,5000,SUPERVISION,False
9545,15,2024-02-04,100,PASS,False
9546,15,2024-04-01,5000,SUPERVISION,False
9547,15,2024-04-05,1000,SIM,False
9548,15,2024-08-16,100,PASS,False
9549,15,2024-08-22,5000,SUPERVISION,False
9550,15,2024-09-08,5000,SUPERVISION,False
9551,15,2024-12-06,5000,SUPERVISION,False
9552,15,2025-02-27,1000,SIM,False
9553,15,2025-04-05,100,PASS,False
9554,15,2025-07-23,5000,SUPERVISION,False
9555,15,2025-09-25,5000,SUPERVISION,False
9556,15,2025-10-11,5000,SUPERVISION,False
9557,15,2025-11-12,5000,SUPERVISION,False
9558,15,2025-12-17,5000,SUPERVISION,False
9559,15,2026-01-10,5000,SUPERVISION,False
9560,15,2026-03-12,5000,SUPERVISION,False
9561,15,2026-03-14,100,PASS,False
9562,15,2026-03-28,100,PASS,False
9563,34,2025-03-09,5000,SUPERVISION,True
9564,34,2025-04-27,5000,SUPERVISION,True
9565,34,2025-06-17,100,PASS,True
9566,34,2025-06-28,100,PASS,True
9567,34,2025-11-06,5000,SUPERVISION,True
9568,24,2024-03-22,5000,SUPERVISION,True
9569,24,2024-08-18,1000,SIM,True
9570,24,2024-08-24,1000,SIM,False
9571,24,2024-10-30,1000,SIM,False
9572,24,2025-01-06,1000,SIM,False
9573,24,2025-06-18,100,PASS,False
9574,24,2026-03-11,100,PASS,False
9575,24,2026-03-15,5000,SUPERVISION,False
9576,24,2026-04-24,5000,SUPERVISION,False
9577,27,2024-03-10,1000,SIM,True
9578,27,2024-06-06,5000,SUPERVISION,True
9579,27,2024-06-11,1000,SIM,True
9580,27,2024-06-25,5000,SUPERVISION,True
9581,27,2024-10-20,5000,SUPERVISION,True
9582,27,2024-12-04,5000,SUPERVISION,True
9583,27,2025-01-06,5000,SUPERVISION,True
9584,31,2024-05-02,100,PASS,True
9585,31,2024-06-17,5000,SUPERVISION,True
9586,31,2024-12-20,5000,SUPERVISION,True
9587,31,2025-01-11,5000,SUPERVISION,True
9588,31,2025-01-14,5000,SUPERVISION,True
9589,31,2025-01-26,5000,SUPERVISION,True
9590,11,2023-11-08,5000,SUPERVISION,True
9591,11,2023-11-22,5000,SUPERVISION,True
9592,11,2023-12-13,5000,SUPERVISION,True
9593,11,2023-12-26,5000,SUPERVISION,False
9594,11,2023-12-30,5000,SUPERVISION,False
9595,11,2024-01-14,5000,SUPERVISION,False
9596,11,2024-02-11,5000,SUPERVISION,False
9597,11,2024-03-06,5000,SUPERVISION,False
9598,11,2024-04-15,5000,SUPERVISION,False
9599,11,2024-06-22,5000,SUPERVISION,False
9600,11,2024-07-09,5000,SUPERVISION,False
9601,11,2024-08-06,1000,SIM,False
9602,11,2024-08-11,1000,SIM,False
9603,11,2024-10-10,5000,SUPERVISION,False
9604,11,2024-10-15,1000,SIM,False
9605,11,2024-11-02,1000,SIM,False
9606,11,2024-12-18,100,PASS,False
9607,11,2025-01-01,5000,SUPERVISION,False
9608,11,2025-02-03,1000,SIM,False
9609,11,2025-02-11,100,PASS,False
9610,11,2025-03-26,100,PASS,True
9611,11,2025-04-08,100,PASS,True
9612,11,2025-04-10,5000,SUPERVISION,True
9613,11,2025-05-27,5000,SUPERVISION,True
9614,11,2025-07-04,5000,SUPERVISION,True
9615,11,2025-07-09,5000,SUPERVISION,False
9616,11,2025-08-03,5000,SUPERVISION,False
9617,11,2025-08-06,5000,SUPERVISION,False
9618,11,2025-08-09,5000,SUPERVISION,False
9619,11,2025-09-07,100,PASS,False
9620,11,2025-09-12,5000,SUPERVISION,False
9621,11,2025-09-26,5000,SUPERVISION,False
9622,11,2025-11-16,1000,SIM,False
9623,11,2025-12-01,5000,SUPERVISION,False
9624,11,2025-12-06,5000,SUPERVISION,False
9625,11,2025-12-11,1000,SIM,False
9626,11,2026-01-15,1000,SIM,False
9627,11,2026-02-25,1000,SIM,False
9628,11,2026-03-27,5000,SUPERVISION,False
9629,11,2026-04-11,1000,SIM,False
9630,11,2026-04-15,5000,SUPERVISION,False
9631,11,2026-04-25,5000,SUPERVISION,False
9632,13,2023-12-29,5000,SUPERVISION,True
9633,13,2024-01-12,1000,SIM,True
9634,13,2024-01-20,100,PASS,True
9635,13,2024-04-22,5000,SUPERVISION,True
9636,13,2024-07-01,1000,SIM,True
9637,13,2024-07-27,1000,SIM,True
9638,13,2024-07-30,100,PASS,True
9639,13,2024-08-12,5000,SUPERVISION,True
9640,13,2024-08-27,5000,SUPERVISION,False
9641,13,2024-10-08,5000,SUPERVISION,False
9642,13,2024-10-09,5000,SUPERVISION,False
9643,13,2024-11-05,5000,SUPERVISION,False
9644,13,2024-11-08,1000,SIM,False
9645,13,2024-11-23,1000,SIM,False
9646,13,2024-12-13,1000,SIM,False
9647,13,2025-04-01,100,PASS,False
9648,13,2025-05-22,5000,SUPERVISION,False
9649,13,2025-06-21,5000,SUPERVISION,False
9650,13,2025-07-12,5000,SUPERVISION,False
9651,13,2025-10-26,5000,SUPERVISION,False
9652,13,2025-11-09,5000,SUPERVISION,False
9653,13,2025-11-28,5000,SUPERVISION,False
9654,13,2025-11-30,5000,SUPERVISION,True
9655,13,2025-12-03,5000,SUPERVISION,True
9656,13,2025-12-26,5000,SUPERVISION,True
9657,13,2025-12-31,5000,SUPERVISION,True
9658,13,2026-01-15,5000,SUPERVISION,False
9659,13,2026-04-18,5000,SUPERVISION,False
9660,13,2026-04-19,5000,SUPERVISION,True
9661,13,2026-04-23,5000,SUPERVISION,True
9662,44,2025-04-10,5000,SUPERVISION,True
9663,44,2025-05-03,5000,SUPERVISION,False
9664,44,2025-06-01,5000,SUPERVISION,False
9665,18,2023-10-23,100,PASS,True
9666,18,2024-01-23,5000,SUPERVISION,True
9667,18,2024-06-05,1000,SIM,True
9668,18,2024-06-14,1000,SIM,True
9669,18,2024-07-15,100,PASS,True
9670,18,2024-08-31,5000,SUPERVISION,True
9671,18,2025-03-25,5000,SUPERVISION,False
9672,18,2025-05-17,5000,SUPERVISION,False
9673,18,2025-07-10,5000,SUPERVISION,False
9674,18,2025-07-31,5000,SUPERVISION,True
9675,18,2025-09-25,5000,SUPERVISION,True
9676,18,2025-10-28,5000,SUPERVISION,True
9677,18,2025-11-02,5000,SUPERVISION,True
9678,18,2025-11-16,5000,SUPERVISION,True
9679,18,2026-01-21,5000,SUPERVISION,True
9680,18,2026-02-10,5000,SUPERVISION,True
9681,22,2024-03-08,100,PASS,True
9682,22,2024-04-14,100,PASS,True
9683,22,2024-04-20,100,PASS,True
9684,22,2024-09-09,5000,SUPERVISION,True
9685,22,2024-11-23,1000,SIM,True
9686,22,2025-01-11,1000,SIM,True
9687,22,2025-06-16,100,PASS,True
9688,22,2025-10-13,5000,SUPERVISION,True
9689,22,2025-11-11,5000,SUPERVISION,True
9690,22,2026-01-16,1000,SIM,True
9691,22,2026-03-29,100,PASS,True
9692,86,2026-03-27,1000,SIM,True
9693,86,2026-04-15,1000,SIM,False
9694,25,2024-05-29,100,PASS,True
9695,25,2024-06-01,5000,SUPERVISION,True
9696,25,2024-10-11,5000,SUPERVISION,True
9697,25,2024-10-13,1000,SIM,True
9698,25,2025-03-15,5000,SUPERVISION,True
9699,25,2025-05-05,5000,SUPERVISION,True
9700,25,2025-11-11,100,PASS,True
9701,25,2026-03-08,5000,SUPERVISION,True
9702,92,2026-04-13,5000,SUPERVISION,True
9703,16,2023-07-22,1000,SIM,True
9704,16,2023-12-02,1000,SIM,True
9705,16,2023-12-16,1000,SIM,True
9706,16,2024-01-03,100,PASS,True
9707,16,2024-02-05,5000,SUPERVISION,True
9708,16,2024-02-24,5000,SUPERVISION,True
9709,16,2024-06-22,5000,SUPERVISION,True
9710,16,2024-10-07,5000,SUPERVISION,True
9711,16,2024-10-23,5000,SUPERVISION,True
9712,16,2024-10-31,100,PASS,True
9713,16,2024-11-23,1000,SIM,True
9714,16,2025-01-20,100,PASS,True
9715,16,2025-06-03,5000,SUPERVISION,True
9716,16,2025-09-29,5000,SUPERVISION,False
9717,16,2025-12-22,5000,SUPERVISION,False
9718,16,2026-02-08,5000,SUPERVISION,False
9719,16,2026-03-18,5000,SUPERVISION,True
9720,16,2026-03-29,5000,SUPERVISION,True
9721,16,2026-04-14,5000,SUPERVISION,True
9722,16,2026-04-18,5000,SUPERVISION,True
9723,10,2023-05-04,1000,SIM,True
9724,10,2023-05-30,5000,SUPERVISION,True
9725,10,2023-07-12,5000,SUPERVISION,True
9726,10,2023-07-14,5000,SUPERVISION,False
9727,10,2023-07-17,5000,SUPERVISION,False
9728,10,2023-07-22,5000,SUPERVISION,True
9729,10,2023-07-23,5000,SUPERVISION,True
9730,10,2023-08-15,1000,SIM,True
9731,10,2023-09-25,5000,SUPERVISION,True
9732,10,2023-11-27,5000,SUPERVISION,True
9733,10,2023-12-29,5000,SUPERVISION,True
9734,10,2024-01-21,5000,SUPERVISION,False
9735,10,2024-01-23,5000,SUPERVISION,False
9736,10,2024-03-30,5000,SUPERVISION,False
9737,10,2024-04-06,5000,SUPERVISION,False
9738,10,2024-05-04,5000,SUPERVISION,False
9739,10,2024-05-07,5000,SUPERVISION,False
9740,10,2024-06-30,100,PASS,False
9741,10,2024-07-06,5000,SUPERVISION,False
9742,10,2024-08-19,5000,SUPERVISION,False
9743,10,2024-09-25,5000,SUPERVISION,False
9744,10,2024-10-05,1000,SIM,False
9745,10,2024-11-15,1000,SIM,False
9746,10,2024-11-16,100,PASS,False
9747,10,2024-11-27,5000,SUPERVISION,False
9748,10,2024-11-28,5000,SUPERVISION,False
9749,10,2024-12-07,5000,SUPERVISION,True
9750,10,2024-12-28,5000,SUPERVISION,True
9751,10,2025-01-13,1000,SIM,True
9752,10,2025-01-30,100,PASS,True
9753,10,2025-03-04,5000,SUPERVISION,True
9754,10,2025-03-25,5000,SUPERVISION,True
9755,10,2025-04-11,5000,SUPERVISION,False
9756,10,2025-04-25,5000,SUPERVISION,False
9757,10,2025-05-03,1000,SIM,False
9758,10,2025-05-08,100,PASS,False
9759,10,2025-05-15,5000,SUPERVISION,False
9760,10,2025-06-07,5000,SUPERVISION,True
9761,10,2025-06-22,5000,SUPERVISION,True
9762,10,2025-06-26,5000,SUPERVISION,False
9763,10,2025-07-04,5000,SUPERVISION,False
9764,10,2025-07-06,1000,SIM,False
9765,10,2025-08-24,100,PASS,False
9766,10,2025-08-29,100,PASS,False
9767,10,2025-10-23,100,PASS,False
9768,10,2025-12-17,5000,SUPERVISION,False
9769,10,2025-12-26,5000,SUPERVISION,False
9770,10,2025-12-27,5000,SUPERVISION,False
9771,10,2026-01-11,5000,SUPERVISION,False
9772,10,2026-02-22,5000,SUPERVISION,False
9773,10,2026-04-06,100,PASS,False
9774,10,2026-04-12,100,PASS,False
9775,14,2023-08-22,1000,SIM,True
9776,14,2023-09-25,100,PASS,True
9777,14,2023-12-05,5000,SUPERVISION,True
9778,14,2024-05-30,5000,SUPERVISION,False
9779,14,2024-05-31,5000,SUPERVISION,False
9780,14,2024-06-14,5000,SUPERVISION,False
9781,14,2024-06-27,5000,SUPERVISION,False
9782,14,2024-06-30,5000,SUPERVISION,False
9783,14,2024-07-07,5000,SUPERVISION,True
9784,14,2024-08-16,5000,SUPERVISION,True
9785,14,2024-09-04,5000,SUPERVISION,True
9786,14,2024-10-22,1000,SIM,True
9787,14,2024-11-04,5000,SUPERVISION,True
9788,14,2025-02-04,100,PASS,True
9789,14,2025-02-18,5000,SUPERVISION,True
9790,14,2025-05-05,5000,SUPERVISION,True
9791,14,2025-05-29,1000,SIM,True
9792,14,2025-06-02,1000,SIM,True
9793,14,2025-06-17,100,PASS,True
9794,14,2025-06-17,5000,SUPERVISION,True
9795,14,2025-09-05,5000,SUPERVISION,True
9796,14,2025-09-09,1000,SIM,True
9797,14,2025-09-18,5000,SUPERVISION,True
9798,14,2025-10-28,5000,SUPERVISION,True
9799,14,2025-12-20,5000,SUPERVISION,True
9800,14,2026-01-07,5000,SUPERVISION,True
9801,20,2023-11-15,1000,SIM,True
9802,20,2023-12-12,100,PASS,True
9803,20,2024-04-23,100,PASS,False
9804,20,2024-06-22,100,PASS,False
9805,20,2024-10-19,100,PASS,False
9806,20,2024-11-07,5000,SUPERVISION,False
9807,20,2025-01-08,5000,SUPERVISION,False
9808,20,2025-01-22,5000,SUPERVISION,False
9809,20,2025-03-19,1000,SIM,False
9810,20,2025-05-18,100,PASS,False
9811,20,2025-06-10,5000,SUPERVISION,False
9812,20,2026-03-14,5000,SUPERVISION,False
9813,20,2026-03-18,100,PASS,False
9814,23,2024-06-12,100,PASS,True
9815,23,2024-06-19,5000,SUPERVISION,True
9816,23,2024-07-19,1000,SIM,True
9817,23,2024-10-26,5000,SUPERVISION,True
9818,23,2025-01-02,5000,SUPERVISION,False
9819,23,2025-05-20,5000,SUPERVISION,False
9820,23,2025-07-30,5000,SUPERVISION,False
9821,23,2025-09-06,1000,SIM,False
9822,23,2025-11-01,1000,SIM,True
9823,23,2026-04-19,1000,SIM,True
9824,53,2025-04-27,100,PASS,True
9825,53,2025-08-17,5000,SUPERVISION,True
9826,53,2025-11-02,5000,SUPERVISION,False
9827,26,2024-03-16,100,PASS,True
9828,26,2024-05-08,5000,SUPERVISION,True
9829,26,2024-05-24,5000,SUPERVISION,True
9830,26,2025-02-11,100,PASS,True
9831,26,2025-02-20,5000,SUPERVISION,True
9832,26,2025-03-09,5000,SUPERVISION,True
9833,26,2025-09-04,5000,SUPERVISION,True
9834,26,2025-12-19,5000,SUPERVISION,True
9835,80,2026-04-07,100,PASS,True
9836,80,2026-04-21,1000,SIM,True
9837,45,2025-04-09,100,PASS,True
9838,45,2025-05-10,100,PASS,True
9839,45,2025-12-15,100,PASS,True
9840,76,2025-08-19,5000,SUPERVISION,True
9841,76,2025-09-07,1000,SIM,True
9842,29,2024-06-05,5000,SUPERVISION,True
9843,29,2024-10-15,5000,SUPERVISION,True
9844,29,2025-01-19,5000,SUPERVISION,False
9845,29,2025-05-27,5000,SUPERVISION,False
9846,29,2025-09-07,1000,SIM,False
9847,29,2025-10-13,1000,SIM,False
9848,46,2025-04-18,100,PASS,True
9849,46,2025-06-11,5000,SUPERVISION,True
9850,46,2026-04-25,5000,SUPERVISION,True
9851,52,2025-02-05,5000,SUPERVISION,True
9852,52,2025-02-28,5000,SUPERVISION,False
9853,52,2026-02-26,5000,SUPERVISION,False
9854,54,2025-06-19,100,PASS,True
9855,54,2026-01-12,5000,SUPERVISION,True
9856,17,2024-01-01,1000,SIM,True
9857,17,2024-03-27,1000,SIM,False
9858,17,2024-03-27,1000,SIM,False
9859,17,2024-10-14,1000,SIM,False
9860,17,2024-11-13,5000,SUPERVISION,False
9861,17,2025-01-25,5000,SUPERVISION,False
9862,17,2025-02-08,100,PASS,False
9863,17,2025-04-29,5000,SUPERVISION,False
9864,17,2025-05-10,1000,SIM,False
9865,17,2025-05-14,1000,SIM,False
9866,17,2025-11-02,5000,SUPERVISION,False
9867,17,2025-11-10,5000,SUPERVISION,False
9868,17,2025-12-06,5000,SUPERVISION,False
9869,17,2025-12-18,1000,SIM,False
9870,17,2025-12-28,100,PASS,False
9871,17,2026-02-20,5000,SUPERVISION,False
9872,17,2026-03-21,5000,SUPERVISION,False
9873,17,2026-04-15,5000,SUPERVISION,False
9874,35,2025-01-25,1000,SIM,True
9875,35,2025-03-04,5000,SUPERVISION,True
9876,35,2025-06-08,5000,SUPERVISION,True
9877,35,2025-07-06,100,PASS,True
9878,35,2026-04-15,5000,SUPERVISION,True
9879,83,2026-03-14,5000,SUPERVISION,True
9880,83,2026-04-07,1000,SIM,True
9881,39,2024-09-20,100,PASS,True
9882,39,2024-11-08,100,PASS,True
9883,39,2025-09-27,100,PASS,True
9884,39,2025-11-19,5000,SUPERVISION,True
9885,42,2025-06-11,5000,SUPERVISION,True
9886,42,2025-06-30,5000,SUPERVISION,True
9887,42,2025-07-27,5000,SUPERVISION,True
9888,33,2024-06-22,100,PASS,True
9889,33,2024-07-25,5000,SUPERVISION,True
9890,33,2025-07-22,5000,SUPERVISION,True
9891,33,2025-10-06,5000,SUPERVISION,True
9892,33,2025-11-21,100,PASS,True
9893,40,2024-07-24,100,PASS,True
9894,40,2025-03-21,1000,SIM,True
9895,40,2025-09-07,5000,SUPERVISION,True
9896,40,2025-09-13,1000,SIM,True
9897,50,2025-03-09,1000,SIM,True
9898,50,2025-03-21,1000,SIM,True
9899,50,2026-04-17,5000,SUPERVISION,True
9900,79,2026-03-04,100,PASS,True
9901,79,2026-03-16,5000,SUPERVISION,True
9902,67,2026-03-12,100,PASS,True
9903,67,2026-04-25,5000,SUPERVISION,True
9904,49,2025-05-14,100,PASS,True
9905,49,2025-06-07,100,PASS,False
9906,49,2026-04-12,100,PASS,False
9907,47,2025-05-07,100,PASS,True
9908,47,2025-10-10,5000,SUPERVISION,True
9909,47,2026-03-25,5000,SUPERVISION,True
9910,37,2024-06-17,100,PASS,True
9911,37,2025-02-06,100,PASS,False
9912,37,2025-07-20,100,PASS,False
9913,37,2026-03-18,1000,SIM,False
9914,77,2026-02-17,5000,SUPERVISION,True
9915,77,2026-04-14,5000,SUPERVISION,True
9916,85,2026-02-14,100,PASS,True
9917,85,2026-03-03,5000,SUPERVISION,True
9918,36,2024-07-12,100,PASS,True
9919,36,2025-07-19,5000,SUPERVISION,True
9920,36,2025-08-17,100,PASS,True
9921,36,2025-12-30,5000,SUPERVISION,True
9922,60,2026-01-08,100,PASS,True
9923,60,2026-02-09,5000,SUPERVISION,True
9924,70,2025-09-16,100,PASS,True
9925,70,2026-01-09,5000,SUPERVISION,True
9926,75,2025-02-17,1000,SIM,True
9927,75,2025-04-12,1000,SIM,False
9928,82,2026-04-05,5000,SUPERVISION,True
9929,82,2026-04-13,5000,SUPERVISION,True
9930,51,2025-03-22,1000,SIM,True
9931,51,2025-04-06,5000,SUPERVISION,True
9932,51,2026-03-09,1000,SIM,True
9933,63,2025-03-09,100,PASS,True
9934,63,2026-03-31,5000,SUPERVISION,True
9935,61,2025-11-05,100,PASS,True
9936,61,2026-02-07,5000,SUPERVISION,True
9937,65,2025-12-04,100,PASS,True
9938,65,2026-03-22,5000,SUPERVISION,True
9939,78,2026-03-13,1000,SIM,True
9940,78,2026-03-14,1000,SIM,True
9941,94,2026-04-04,1000,SIM,True
9942,72,2025-10-09,100,PASS,True
9943,72,2026-04-07,5000,SUPERVISION,True
9944,84,2026-02-27,1000,SIM,True
9945,84,2026-03-22,1000,SIM,True
9946,41,2024-08-15,100,PASS,True
9947,41,2025-05-12,100,PASS,True
9948,41,2025-07-14,100,PASS,True
9949,41,2025-12-25,100,PASS,False
9950,55,2025-09-18,5000,SUPERVISION,True
9951,55,2025-11-13,5000,SUPERVISION,True
9952,98,2026-02-01,100,PASS,True
9953,43,2024-04-08,1000,SIM,True
9954,43,2024-04-12,100,PASS,True
9955,43,2026-02-06,5000,SUPERVISION,True
9956,74,2026-01-12,5000,SUPERVISION,True
9957,74,2026-03-28,5000,SUPERVISION,True
9958,59,2025-05-26,1000,SIM,True
9959,59,2025-09-20,100,PASS,True
9960,71,2025-09-10,5000,SUPERVISION,True
9961,71,2026-01-24,5000,SUPERVISION,True
9962,89,2026-04-05,100,PASS,True
9963,88,2026-01-31,1000,SIM,True
9964,88,2026-03-13,100,PASS,True
9965,62,2025-12-13,100,PASS,True
9966,62,2026-04-03,5000,SUPERVISION,True
9967,38,2024-11-25,100,PASS,True
9968,38,2025-11-27,5000,SUPERVISION,True
9969,38,2026-01-27,5000,SUPERVISION,True
9970,38,2026-04-15,5000,SUPERVISION,False
9971,57,2026-04-04,100,PASS,True
9972,57,2026-04-09,1000,SIM,True
9973,56,2025-04-09,5000,SUPERVISION,True
9974,56,2025-12-12,5000,SUPERVISION,True
9975,90,2026-04-17,5000,SUPERVISION,True
9976,87,2026-02-18,100,PASS,True
9977,87,2026-02-21,1000,SIM,True
9978,69,2025-06-01,100,PASS,True
9979,69,2025-10-14,100,PASS,True
9980,73,2026-01-19,100,PASS,True
9981,73,2026-03-30,5000,SUPERVISION,True
9982,81,2026-03-25,100,PASS,True
9983,81,2026-04-22,5000,SUPERVISION,True
9984,48,2025-07-24,1000,SIM,True
9985,48,2025-08-23,100,PASS,True
9986,48,2025-08-28,100,PASS,True
9987,91,2026-02-23,100,PASS,True
9988,95,2026-03-31,5000,SUPERVISION,True
9989,66,2025-09-05,1000,SIM,True
9990,66,2025-09-18,1000,SIM,True
9991,99,2026-03-03,1000,SIM,True
9992,58,2025-04-10,100,PASS,True
9993,58,2025-09-19,5000,SUPERVISION,True
9994,100,2026-03-29,100,PASS,True
9995,97,2026-04-19,100,PASS,True
9996,68,2025-10-08,5000,SUPERVISION,True
9997,68,2025-11-20,5000,SUPERVISION,True
9998,96,2026-04-24,1000,SIM,True
9999,93,2026-01-18,1000,SIM,True
