date,type,active_license_count,active_license_price,inactive_license_count,daily_active_diff,daily_price_diff,daily_inactive_diff
2023-01-11,PASS,1,100.0,0,0.0,0,0.0
2023-01-11,SIM,0,0,0,0.0,0,0.0
2023-01-11,SUPERVISION,0,0,0,0.0,0,0.0
2023-01-12,PASS,0,0,0,-1.0,-100.0,0.0
2023-01-12,SIM,0,0,0,0.0,0,0.0
2023-01-12,SUPERVISION,1,5000.0,0,1.0,5000.0,0.0
2023-01-13,PASS,0,0.0,1,0.0,0.0,1.0
2023-01-13,SIM,0,0,0,0.0,0,0.0
2023-01-13,SUPERVISION,0,0,0,-1.0,-5000.0,0.0
2023-01-14,PASS,0,0,0,0.0,0.0,-1.0
2023-01-14,SIM,0,0,0,0.0,0,0.0
2023-01-14,SUPERVISION,1,5000.0,0,1.0,5000.0,0.0
2023-01-15,PASS,1,100.0,0,1.0,100.0,0.0
2023-01-15,SIM,0,0,0,0.0,0,0.0
2023-01-15,SUPERVISION,0,0,0,-1.0,-5000.0,0.0
2023-01-16,PASS,0,0,0,-1.0,-100.0,0.0
2023-01-16,SIM,1,1000.0,0,1.0,1000.0,0.0
2023-01-16,SUPERVISION,0,0,0,0.0,0,0.0
2023-01-17,PASS,1,100.0,0,1.0,100.0,0.0
2023-01-17,SIM,0,0,0,-1.0,-1000.0,0.0
2023-01-17,SUPERVISION,0,0,0,0.0,0,0.0
2023-01-18,PASS,0,0,0,-1.0,-100.0,0.0
2023-01-18,SIM,0,0,0,0.0,0,0.0
2023-01-18,SUPERVISION,1,5000.0,0,1.0,5000.0,0.0
2023-01-19,PASS,0,0,0,0.0,0,0.0
2023-01-19,SIM,0,0.0,1,0.0,0.0,1.0
2023-01-19,SUPERVISION,0,0,0,-1.0,-5000.0,0.0
2023-01-20,PASS,0,0,0,0.0,0,0.0
2023-01-20,SIM,0,0,0,0.0,0.0,-1.0
2023-01-20,SUPERVISION,0,0.0,1,0.0,0.0,1.0
2023-01-21,PASS,0,0,0,0.0,0,0.0
2023-01-21,SIM,1,1000.0,0,1.0,1000.0,0.0
2023-01-21,SUPERVISION,0,0,0,0.0,0.0,-1.0
2023-01-22,PASS,0,0,0,0.0,0,0.0
2023-01-22,SIM,0,0,0,-1.0,-1000.0,0.0
2023-01-22,SUPERVISION,2,10000.0,0,2.0,10000.0,0.0
2023-01-23,PASS,1,100.0,0,1.0,100.0,0.0
2023-01-23,SIM,0,0,0,0.0,0,0.0
2023-01-23,SUPERVISION,1,5000.0,1,-1.0,-5000.0,1.0
2023-01-24,PASS,1,100.0,0,0.0,0.0,0.0
2023-01-24,SIM,0,0,0,0.0,0,0.0
2023-01-24,SUPERVISION,2,10000.0,0,1.0,5000.0,-1.0
2023-01-25,PASS,1,100.0,0,0.0,0.0,0.0
2023-01-25,SIM,0,0,0,0.0,0,0.0
2023-01-25,SUPERVISION,1,5000.0,1,-1.0,-5000.0,1.0
2023-01-26,PASS,1,100.0,0,0.0,0.0,0.0
2023-01-26,SIM,0,0,0,0.0,0,0.0
2023-01-26,SUPERVISION,1,5000.0,1,0.0,0.0,0.0
2023-01-27,PASS,1,100.0,0,0.0,0.0,0.0
2023-01-27,SIM,1,1000.0,0,1.0,1000.0,0.0
2023-01-27,SUPERVISION,0,0.0,1,-1.0,-5000.0,0.0
2023-01-28,PASS,1,100.0,0,0.0,0.0,0.0
2023-01-28,SIM,0,0,0,-1.0,-1000.0,0.0
2023-01-28,SUPERVISION,0,0.0,2,0.0,0.0,1.0
2023-01-29,PASS,1,100.0,1,0.0,0.0,1.0
2023-01-29,SIM,1,1000.0,0,1.0,1000.0,0.0
2023-01-29,SUPERVISION,0,0.0,1,0.0,0.0,-1.0
2023-01-30,PASS,0,0,0,-1.0,-100.0,-1.0
2023-01-30,SIM,1,1000.0,1,0.0,0.0,1.0
2023-01-30,SUPERVISION,2,10000.0,0,2.0,10000.0,-1.0
2023-01-31,PASS,0,0.0,1,0.0,0.0,1.0
2023-01-31,SIM,2,2000.0,0,1.0,1000.0,-1.0
2023-01-31,SUPERVISION,1,5000.0,0,-1.0,-5000.0,0.0
2023-02-01,PASS,0,0.0,1,0.0,0.0,0.0
2023-02-01,SIM,2,2000.0,0,0.0,0.0,0.0
2023-02-01,SUPERVISION,1,5000.0,0,0.0,0.0,0.0
2023-02-02,PASS,1,100.0,0,1.0,100.0,-1.0
2023-02-02,SIM,1,1000.0,0,-1.0,-1000.0,0.0
2023-02-02,SUPERVISION,2,10000.0,0,1.0,5000.0,0.0
2023-02-03,PASS,1,100.0,0,0.0,0.0,0.0
2023-02-03,SIM,2,2000.0,0,1.0,1000.0,0.0
2023-02-03,SUPERVISION,1,5000.0,0,-1.0,-5000.0,0.0
2023-02-04,PASS,1,100.0,0,0.0,0.0,0.0
2023-02-04,SIM,1,1000.0,0,-1.0,-1000.0,0.0
2023-02-04,SUPERVISION,2,10000.0,0,1.0,5000.0,0.0
2023-02-05,PASS,1,100.0,0,0.0,0.0,0.0
2023-02-05,SIM,1,1000.0,0,0.0,0.0,0.0
2023-02-05,SUPERVISION,1,5000.0,1,-1.0,-5000.0,1.0
2023-02-06,PASS,0,0,0,-1.0,-100.0,0.0
2023-02-06,SIM,1,1000.0,0,0.0,0.0,0.0
2023-02-06,SUPERVISION,2,10000.0,1,1.0,5000.0,0.0
2023-02-07,PASS,0,0,0,0.0,0,0.0
2023-02-07,SIM,1,1000.0,0,0.0,0.0,0.0
2023-02-07,SUPERVISION,3,15000.0,0,1.0,5000.0,-1.0
2023-02-08,PASS,0,0.0,1,0.0,0.0,1.0
2023-02-08,SIM,2,2000.0,0,1.0,1000.0,0.0
2023-02-08,SUPERVISION,2,10000.0,0,-1.0,-5000.0,0.0
2023-02-09,PASS,0,0,0,0.0,0.0,-1.0
2023-02-09,SIM,2,2000.0,0,0.0,0.0,0.0
2023-02-09,SUPERVISION,3,15000.0,0,1.0,5000.0,0.0
2023-02-10,PASS,1,100.0,0,1.0,100.0,0.0
2023-02-10,SIM,4,4000.0,0,2.0,2000.0,0.0
2023-02-10,SUPERVISION,0,0,0,-3.0,-15000.0,0.0
2023-02-11,PASS,0,0,0,-1.0,-100.0,0.0
2023-02-11,SIM,4,4000.0,0,0.0,0.0,0.0
2023-02-11,SUPERVISION,1,5000.0,0,1.0,5000.0,0.0
2023-02-12,PASS,0,0,0,0.0,0,0.0
2023-02-12,SIM,3,3000.0,1,-1.0,-1000.0,1.0
2023-02-12,SUPERVISION,1,5000.0,0,0.0,0.0,0.0
2023-02-13,PASS,0,0,0,0.0,0,0.0
2023-02-13,SIM,2,2000.0,0,-1.0,-1000.0,-1.0
2023-02-13,SUPERVISION,2,10000.0,1,1.0,5000.0,1.0
2023-02-14,PASS,0,0,0,0.0,0,0.0
2023-02-14,SIM,2,2000.0,0,0.0,0.0,0.0
2023-02-14,SUPERVISION,3,15000.0,0,1.0,5000.0,-1.0
2023-02-15,PASS,0,0,0,0.0,0,0.0
2023-02-15,SIM,1,1000.0,1,-1.0,-1000.0,1.0
2023-02-15,SUPERVISION,2,10000.0,1,-1.0,-5000.0,1.0
2023-02-16,PASS,0,0,0,0.0,0,0.0
2023-02-16,SIM,1,1000.0,1,0.0,0.0,0.0
2023-02-16,SUPERVISION,2,10000.0,1,0.0,0.0,0.0
2023-02-17,PASS,0,0.0,1,0.0,0.0,1.0
2023-02-17,SIM,2,2000.0,1,1.0,1000.0,0.0
2023-02-17,SUPERVISION,1,5000.0,0,-1.0,-5000.0,-1.0
2023-02-18,PASS,0,0,0,0.0,0.0,-1.0
2023-02-18,SIM,1,1000.0,1,-1.0,-1000.0,0.0
2023-02-18,SUPERVISION,2,10000.0,1,1.0,5000.0,1.0
2023-02-19,PASS,0,0,0,0.0,0,0.0
2023-02-19,SIM,1,1000.0,1,0.0,0.0,0.0
2023-02-19,SUPERVISION,3,15000.0,0,1.0,5000.0,-1.0
2023-02-20,PASS,1,100.0,0,1.0,100.0,0.0
2023-02-20,SIM,1,1000.0,2,0.0,0.0,1.0
2023-02-20,SUPERVISION,1,5000.0,0,-2.0,-10000.0,0.0
2023-02-21,PASS,1,100.0,0,0.0,0.0,0.0
2023-02-21,SIM,1,1000.0,1,0.0,0.0,-1.0
2023-02-21,SUPERVISION,1,5000.0,1,0.0,0.0,1.0
2023-02-22,PASS,1,100.0,1,0.0,0.0,1.0
2023-02-22,SIM,1,1000.0,1,0.0,0.0,0.0
2023-02-22,SUPERVISION,1,5000.0,0,0.0,0.0,-1.0
2023-02-23,PASS,1,100.0,0,0.0,0.0,-1.0
2023-02-23,SIM,1,1000.0,0,0.0,0.0,-1.0
2023-02-23,SUPERVISION,2,10000.0,1,1.0,5000.0,1.0
2023-02-24,PASS,2,200.0,0,1.0,100.0,0.0
2023-02-24,SIM,1,1000.0,0,0.0,0.0,0.0
2023-02-24,SUPERVISION,1,5000.0,1,-1.0,-5000.0,0.0
2023-02-25,PASS,1,100.0,0,-1.0,-100.0,0.0
2023-02-25,SIM,1,1000.0,0,0.0,0.0,0.0
2023-02-25,SUPERVISION,2,10000.0,1,1.0,5000.0,0.0
2023-02-26,PASS,1,100.0,0,0.0,0.0,0.0
2023-02-26,SIM,1,1000.0,1,0.0,0.0,1.0
2023-02-26,SUPERVISION,2,10000.0,0,0.0,0.0,-1.0
2023-02-27,PASS,0,0,0,-1.0,-100.0,0.0
2023-02-27,SIM,1,1000.0,0,0.0,0.0,-1.0
2023-02-27,SUPERVISION,3,15000.0,1,1.0,5000.0,1.0
2023-02-28,PASS,2,200.0,0,2.0,200.0,0.0
2023-02-28,SIM,1,1000.0,0,0.0,0.0,0.0
2023-02-28,SUPERVISION,2,10000.0,0,-1.0,-5000.0,-1.0
2023-03-01,PASS,0,0.0,1,-2.0,-200.0,1.0
2023-03-01,SIM,1,1000.0,0,0.0,0.0,0.0
2023-03-01,SUPERVISION,2,10000.0,1,0.0,0.0,1.0
2023-03-02,PASS,0,0.0,1,0.0,0.0,0.0
2023-03-02,SIM,1,1000.0,1,0.0,0.0,1.0
2023-03-02,SUPERVISION,1,5000.0,1,-1.0,-5000.0,0.0
2023-03-03,PASS,0,0.0,2,0.0,0.0,1.0
2023-03-03,SIM,1,1000.0,0,0.0,0.0,-1.0
2023-03-03,SUPERVISION,1,5000.0,1,0.0,0.0,0.0
2023-03-04,PASS,0,0.0,2,0.0,0.0,0.0
2023-03-04,SIM,1,1000.0,0,0.0,0.0,0.0
2023-03-04,SUPERVISION,1,5000.0,1,0.0,0.0,0.0
2023-03-05,PASS,1,100.0,0,1.0,100.0,-2.0
2023-03-05,SIM,1,1000.0,1,0.0,0.0,1.0
2023-03-05,SUPERVISION,1,5000.0,1,0.0,0.0,0.0
2023-03-06,PASS,1,100.0,0,0.0,0.0,0.0
2023-03-06,SIM,1,1000.0,1,0.0,0.0,0.0
2023-03-06,SUPERVISION,2,10000.0,0,1.0,5000.0,-1.0
2023-03-07,PASS,1,100.0,1,0.0,0.0,1.0
2023-03-07,SIM,1,1000.0,0,0.0,0.0,-1.0
2023-03-07,SUPERVISION,1,5000.0,1,-1.0,-5000.0,1.0
2023-03-08,PASS,0,0.0,1,-1.0,-100.0,0.0
2023-03-08,SIM,1,1000.0,0,0.0,0.0,0.0
2023-03-08,SUPERVISION,2,10000.0,1,1.0,5000.0,0.0
2023-03-09,PASS,2,200.0,0,2.0,200.0,-1.0
2023-03-09,SIM,1,1000.0,0,0.0,0.0,0.0
2023-03-09,SUPERVISION,2,10000.0,1,0.0,0.0,0.0
2023-03-10,PASS,1,100.0,0,-1.0,-100.0,0.0
2023-03-10,SIM,2,2000.0,0,1.0,1000.0,0.0
2023-03-10,SUPERVISION,2,10000.0,1,0.0,0.0,0.0
2023-03-11,PASS,1,100.0,0,0.0,0.0,0.0
2023-03-11,SIM,1,1000.0,1,-1.0,-1000.0,1.0
2023-03-11,SUPERVISION,1,5000.0,2,-1.0,-5000.0,1.0
2023-03-12,PASS,2,200.0,0,1.0,100.0,0.0
2023-03-12,SIM,1,1000.0,0,0.0,0.0,-1.0
2023-03-12,SUPERVISION,1,5000.0,2,0.0,0.0,0.0
2023-03-13,PASS,2,200.0,0,0.0,0.0,0.0
2023-03-13,SIM,1,1000.0,0,0.0,0.0,0.0
2023-03-13,SUPERVISION,1,5000.0,2,0.0,0.0,0.0
2023-03-14,PASS,2,200.0,0,0.0,0.0,0.0
2023-03-14,SIM,1,1000.0,2,0.0,0.0,2.0
2023-03-14,SUPERVISION,0,0.0,1,-1.0,-5000.0,-1.0
2023-03-15,PASS,2,200.0,0,0.0,0.0,0.0
2023-03-15,SIM,1,1000.0,1,0.0,0.0,-1.0
2023-03-15,SUPERVISION,1,5000.0,1,1.0,5000.0,0.0
2023-03-16,PASS,2,200.0,0,0.0,0.0,0.0
2023-03-16,SIM,2,2000.0,1,1.0,1000.0,0.0
2023-03-16,SUPERVISION,0,0.0,1,-1.0,-5000.0,0.0
2023-03-17,PASS,2,200.0,1,0.0,0.0,1.0
2023-03-17,SIM,1,1000.0,0,-1.0,-1000.0,-1.0
2023-03-17,SUPERVISION,0,0.0,2,0.0,0.0,1.0
2023-03-18,PASS,3,300.0,0,1.0,100.0,-1.0
2023-03-18,SIM,1,1000.0,0,0.0,0.0,0.0
2023-03-18,SUPERVISION,0,0.0,2,0.0,0.0,0.0
2023-03-19,PASS,2,200.0,0,-1.0,-100.0,0.0
2023-03-19,SIM,1,1000.0,1,0.0,0.0,1.0
2023-03-19,SUPERVISION,1,5000.0,1,1.0,5000.0,-1.0
2023-03-20,PASS,2,200.0,0,0.0,0.0,0.0
2023-03-20,SIM,3,3000.0,0,2.0,2000.0,-1.0
2023-03-20,SUPERVISION,0,0.0,2,-1.0,-5000.0,1.0
2023-03-21,PASS,2,200.0,1,0.0,0.0,1.0
2023-03-21,SIM,4,4000.0,0,1.0,1000.0,0.0
2023-03-21,SUPERVISION,1,5000.0,1,1.0,5000.0,-1.0
2023-03-22,PASS,2,200.0,0,0.0,0.0,-1.0
2023-03-22,SIM,3,3000.0,0,-1.0,-1000.0,0.0
2023-03-22,SUPERVISION,3,15000.0,1,2.0,10000.0,0.0
2023-03-23,PASS,2,200.0,0,0.0,0.0,0.0
2023-03-23,SIM,4,4000.0,0,1.0,1000.0,0.0
2023-03-23,SUPERVISION,2,10000.0,1,-1.0,-5000.0,0.0
2023-03-24,PASS,1,100.0,0,-1.0,-100.0,0.0
2023-03-24,SIM,4,4000.0,0,0.0,0.0,0.0
2023-03-24,SUPERVISION,3,15000.0,1,1.0,5000.0,0.0
2023-03-25,PASS,1,100.0,0,0.0,0.0,0.0
2023-03-25,SIM,3,3000.0,0,-1.0,-1000.0,0.0
2023-03-25,SUPERVISION,3,15000.0,2,0.0,0.0,1.0
2023-03-26,PASS,1,100.0,0,0.0,0.0,0.0
2023-03-26,SIM,4,4000.0,0,1.0,1000.0,0.0
2023-03-26,SUPERVISION,2,10000.0,2,-1.0,-5000.0,0.0
2023-03-27,PASS,1,100.0,0,0.0,0.0,0.0
2023-03-27,SIM,4,4000.0,0,0.0,0.0,0.0
2023-03-27,SUPERVISION,3,15000.0,2,1.0,5000.0,0.0
2023-03-28,PASS,2,200.0,0,1.0,100.0,0.0
2023-03-28,SIM,5,5000.0,1,1.0,1000.0,1.0
2023-03-28,SUPERVISION,3,15000.0,0,0.0,0.0,-2.0
2023-03-29,PASS,2,200.0,2,0.0,0.0,2.0
2023-03-29,SIM,4,4000.0,0,-1.0,-1000.0,-1.0
2023-03-29,SUPERVISION,3,15000.0,0,0.0,0.0,0.0
2023-03-30,PASS,3,300.0,0,1.0,100.0,-2.0
2023-03-30,SIM,4,4000.0,2,0.0,0.0,2.0
2023-03-30,SUPERVISION,3,15000.0,0,0.0,0.0,0.0
2023-03-31,PASS,3,300.0,0,0.0,0.0,0.0
2023-03-31,SIM,4,4000.0,2,0.0,0.0,0.0
2023-03-31,SUPERVISION,3,15000.0,0,0.0,0.0,0.0
2023-04-01,PASS,3,300.0,0,0.0,0.0,0.0
2023-04-01,SIM,4,4000.0,1,0.0,0.0,-1.0
2023-04-01,SUPERVISION,3,15000.0,1,0.0,0.0,1.0
2023-04-02,PASS,3,300.0,0,0.0,0.0,0.0
2023-04-02,SIM,5,5000.0,1,1.0,1000.0,0.0
2023-04-02,SUPERVISION,3,15000.0,0,0.0,0.0,-1.0
2023-04-03,PASS,3,300.0,0,0.0,0.0,0.0
2023-04-03,SIM,4,4000.0,1,-1.0,-1000.0,0.0
2023-04-03,SUPERVISION,4,20000.0,0,1.0,5000.0,0.0
2023-04-04,PASS,2,200.0,1,-1.0,-100.0,1.0
2023-04-04,SIM,4,4000.0,1,0.0,0.0,0.0
2023-04-04,SUPERVISION,4,20000.0,0,0.0,0.0,0.0
2023-04-05,PASS,2,200.0,0,0.0,0.0,-1.0
2023-04-05,SIM,4,4000.0,2,0.0,0.0,1.0
2023-04-05,SUPERVISION,4,20000.0,0,0.0,0.0,0.0
2023-04-06,PASS,3,300.0,0,1.0,100.0,0.0
2023-04-06,SIM,4,4000.0,1,0.0,0.0,-1.0
2023-04-06,SUPERVISION,3,15000.0,1,-1.0,-5000.0,1.0
2023-04-07,PASS,3,300.0,1,0.0,0.0,1.0
2023-04-07,SIM,5,5000.0,0,1.0,1000.0,-1.0
2023-04-07,SUPERVISION,2,10000.0,1,-1.0,-5000.0,0.0
2023-04-08,PASS,4,400.0,0,1.0,100.0,-1.0
2023-04-08,SIM,5,5000.0,0,0.0,0.0,0.0
2023-04-08,SUPERVISION,2,10000.0,1,0.0,0.0,0.0
2023-04-09,PASS,2,200.0,1,-2.0,-200.0,1.0
2023-04-09,SIM,4,4000.0,0,-1.0,-1000.0,0.0
2023-04-09,SUPERVISION,4,20000.0,1,2.0,10000.0,0.0
2023-04-10,PASS,2,200.0,0,0.0,0.0,-1.0
2023-04-10,SIM,4,4000.0,0,0.0,0.0,0.0
2023-04-10,SUPERVISION,4,20000.0,2,0.0,0.0,1.0
2023-04-11,PASS,3,300.0,0,1.0,100.0,0.0
2023-04-11,SIM,4,4000.0,1,0.0,0.0,1.0
2023-04-11,SUPERVISION,3,15000.0,1,-1.0,-5000.0,-1.0
2023-04-12,PASS,2,200.0,1,-1.0,-100.0,1.0
2023-04-12,SIM,4,4000.0,0,0.0,0.0,-1.0
2023-04-12,SUPERVISION,3,15000.0,2,0.0,0.0,1.0
2023-04-13,PASS,3,300.0,1,1.0,100.0,0.0
2023-04-13,SIM,4,4000.0,0,0.0,0.0,0.0
2023-04-13,SUPERVISION,3,15000.0,1,0.0,0.0,-1.0
2023-04-14,PASS,2,200.0,1,-1.0,-100.0,0.0
2023-04-14,SIM,4,4000.0,0,0.0,0.0,0.0
2023-04-14,SUPERVISION,4,20000.0,1,1.0,5000.0,0.0
2023-04-15,PASS,1,100.0,0,-1.0,-100.0,-1.0
2023-04-15,SIM,5,5000.0,0,1.0,1000.0,0.0
2023-04-15,SUPERVISION,3,15000.0,3,-1.0,-5000.0,2.0
2023-04-16,PASS,1,100.0,1,0.0,0.0,1.0
2023-04-16,SIM,5,5000.0,1,0.0,0.0,1.0
2023-04-16,SUPERVISION,3,15000.0,1,0.0,0.0,-2.0
2023-04-17,PASS,2,200.0,0,1.0,100.0,-1.0
2023-04-17,SIM,4,4000.0,0,-1.0,-1000.0,-1.0
2023-04-17,SUPERVISION,5,25000.0,1,2.0,10000.0,0.0
2023-04-18,PASS,1,100.0,0,-1.0,-100.0,0.0
2023-04-18,SIM,4,4000.0,0,0.0,0.0,0.0
2023-04-18,SUPERVISION,4,20000.0,3,-1.0,-5000.0,2.0
2023-04-19,PASS,2,200.0,0,1.0,100.0,0.0
2023-04-19,SIM,4,4000.0,0,0.0,0.0,0.0
2023-04-19,SUPERVISION,6,30000.0,0,2.0,10000.0,-3.0
2023-04-20,PASS,4,400.0,0,2.0,200.0,0.0
2023-04-20,SIM,4,4000.0,0,0.0,0.0,0.0
2023-04-20,SUPERVISION,4,20000.0,0,-2.0,-10000.0,0.0
2023-04-21,PASS,1,100.0,0,-3.0,-300.0,0.0
2023-04-21,SIM,4,4000.0,0,0.0,0.0,0.0
2023-04-21,SUPERVISION,6,30000.0,1,2.0,10000.0,1.0
2023-04-22,PASS,1,100.0,0,0.0,0.0,0.0
2023-04-22,SIM,3,3000.0,1,-1.0,-1000.0,1.0
2023-04-22,SUPERVISION,5,25000.0,2,-1.0,-5000.0,1.0
2023-04-23,PASS,1,100.0,0,0.0,0.0,0.0
2023-04-23,SIM,3,3000.0,0,0.0,0.0,-1.0
2023-04-23,SUPERVISION,5,25000.0,3,0.0,0.0,1.0
2023-04-24,PASS,1,100.0,0,0.0,0.0,0.0
2023-04-24,SIM,3,3000.0,1,0.0,0.0,1.0
2023-04-24,SUPERVISION,4,20000.0,3,-1.0,-5000.0,0.0
2023-04-25,PASS,1,100.0,0,0.0,0.0,0.0
2023-04-25,SIM,3,3000.0,0,0.0,0.0,-1.0
2023-04-25,SUPERVISION,5,25000.0,3,1.0,5000.0,0.0
2023-04-26,PASS,3,300.0,1,2.0,200.0,1.0
2023-04-26,SIM,3,3000.0,0,0.0,0.0,0.0
2023-04-26,SUPERVISION,3,15000.0,2,-2.0,-10000.0,-1.0
2023-04-27,PASS,4,400.0,0,1.0,100.0,-1.0
2023-04-27,SIM,4,4000.0,0,1.0,1000.0,0.0
2023-04-27,SUPERVISION,3,15000.0,2,0.0,0.0,0.0
2023-04-28,PASS,2,200.0,0,-2.0,-200.0,0.0
2023-04-28,SIM,5,5000.0,1,1.0,1000.0,1.0
2023-04-28,SUPERVISION,3,15000.0,2,0.0,0.0,0.0
2023-04-29,PASS,2,200.0,0,0.0,0.0,0.0
2023-04-29,SIM,5,5000.0,0,0.0,0.0,-1.0
2023-04-29,SUPERVISION,3,15000.0,3,0.0,0.0,1.0
2023-04-30,PASS,3,300.0,0,1.0,100.0,0.0
2023-04-30,SIM,4,4000.0,2,-1.0,-1000.0,2.0
2023-04-30,SUPERVISION,4,20000.0,0,1.0,5000.0,-3.0
2023-05-01,PASS,2,200.0,0,-1.0,-100.0,0.0
2023-05-01,SIM,4,4000.0,2,0.0,0.0,0.0
2023-05-01,SUPERVISION,4,20000.0,1,0.0,0.0,1.0
2023-05-02,PASS,2,200.0,1,0.0,0.0,1.0
2023-05-02,SIM,4,4000.0,1,0.0,0.0,-1.0
2023-05-02,SUPERVISION,3,15000.0,2,-1.0,-5000.0,1.0
2023-05-03,PASS,2,200.0,2,0.0,0.0,1.0
2023-05-03,SIM,4,4000.0,0,0.0,0.0,-1.0
2023-05-03,SUPERVISION,3,15000.0,2,0.0,0.0,0.0
2023-05-04,PASS,2,200.0,0,0.0,0.0,-2.0
2023-05-04,SIM,4,4000.0,0,0.0,0.0,0.0
2023-05-04,SUPERVISION,5,25000.0,2,2.0,10000.0,0.0
2023-05-05,PASS,2,200.0,1,0.0,0.0,1.0
2023-05-05,SIM,4,4000.0,0,0.0,0.0,0.0
2023-05-05,SUPERVISION,5,25000.0,1,0.0,0.0,-1.0
2023-05-06,PASS,2,200.0,1,0.0,0.0,0.0
2023-05-06,SIM,6,6000.0,0,2.0,2000.0,0.0
2023-05-06,SUPERVISION,3,15000.0,1,-2.0,-10000.0,0.0
2023-05-07,PASS,2,200.0,1,0.0,0.0,0.0
2023-05-07,SIM,4,4000.0,0,-2.0,-2000.0,0.0
2023-05-07,SUPERVISION,5,25000.0,1,2.0,10000.0,0.0
2023-05-08,PASS,2,200.0,1,0.0,0.0,0.0
2023-05-08,SIM,5,5000.0,0,1.0,1000.0,0.0
2023-05-08,SUPERVISION,3,15000.0,2,-2.0,-10000.0,1.0
2023-05-09,PASS,2,200.0,1,0.0,0.0,0.0
2023-05-09,SIM,6,6000.0,0,1.0,1000.0,0.0
2023-05-09,SUPERVISION,3,15000.0,1,0.0,0.0,-1.0
2023-05-10,PASS,2,200.0,1,0.0,0.0,0.0
2023-05-10,SIM,4,4000.0,0,-2.0,-2000.0,0.0
2023-05-10,SUPERVISION,4,20000.0,2,1.0,5000.0,1.0
2023-05-11,PASS,2,200.0,1,0.0,0.0,0.0
2023-05-11,SIM,6,6000.0,0,2.0,2000.0,0.0
2023-05-11,SUPERVISION,3,15000.0,1,-1.0,-5000.0,-1.0
2023-05-12,PASS,2,200.0,2,0.0,0.0,1.0
2023-05-12,SIM,5,5000.0,0,-1.0,-1000.0,0.0
2023-05-12,SUPERVISION,2,10000.0,2,-1.0,-5000.0,1.0
2023-05-13,PASS,1,100.0,2,-1.0,-100.0,0.0
2023-05-13,SIM,4,4000.0,1,-1.0,-1000.0,1.0
2023-05-13,SUPERVISION,3,15000.0,2,1.0,5000.0,0.0
2023-05-14,PASS,2,200.0,1,1.0,100.0,-1.0
2023-05-14,SIM,4,4000.0,2,0.0,0.0,1.0
2023-05-14,SUPERVISION,3,15000.0,1,0.0,0.0,-1.0
2023-05-15,PASS,3,300.0,1,1.0,100.0,0.0
2023-05-15,SIM,4,4000.0,1,0.0,0.0,-1.0
2023-05-15,SUPERVISION,3,15000.0,1,0.0,0.0,0.0
2023-05-16,PASS,2,200.0,0,-1.0,-100.0,-1.0
2023-05-16,SIM,4,4000.0,2,0.0,0.0,1.0
2023-05-16,SUPERVISION,3,15000.0,2,0.0,0.0,1.0
2023-05-17,PASS,1,100.0,0,-1.0,-100.0,0.0
2023-05-17,SIM,5,5000.0,2,1.0,1000.0,0.0
2023-05-17,SUPERVISION,5,25000.0,1,2.0,10000.0,-1.0
2023-05-18,PASS,1,100.0,0,0.0,0.0,0.0
2023-05-18,SIM,5,5000.0,2,0.0,0.0,0.0
2023-05-18,SUPERVISION,4,20000.0,2,-1.0,-5000.0,1.0
2023-05-19,PASS,1,100.0,0,0.0,0.0,0.0
2023-05-19,SIM,5,5000.0,3,0.0,0.0,1.0
2023-05-19,SUPERVISION,4,20000.0,1,0.0,0.0,-1.0
2023-05-20,PASS,1,100.0,0,0.0,0.0,0.0
2023-05-20,SIM,5,5000.0,2,0.0,0.0,-1.0
2023-05-20,SUPERVISION,4,20000.0,2,0.0,0.0,1.0
2023-05-21,PASS,1,100.0,0,0.0,0.0,0.0
2023-05-21,SIM,5,5000.0,1,0.0,0.0,-1.0
2023-05-21,SUPERVISION,4,20000.0,3,0.0,0.0,1.0
2023-05-22,PASS,1,100.0,0,0.0,0.0,0.0
2023-05-22,SIM,5,5000.0,1,0.0,0.0,0.0
2023-05-22,SUPERVISION,4,20000.0,3,0.0,0.0,0.0
2023-05-23,PASS,0,0,0,-1.0,-100.0,0.0
2023-05-23,SIM,6,6000.0,2,1.0,1000.0,1.0
2023-05-23,SUPERVISION,4,20000.0,2,0.0,0.0,-1.0
2023-05-24,PASS,0,0.0,2,0.0,0.0,2.0
2023-05-24,SIM,6,6000.0,1,0.0,0.0,-1.0
2023-05-24,SUPERVISION,4,20000.0,1,0.0,0.0,-1.0
2023-05-25,PASS,0,0.0,1,0.0,0.0,-1.0
2023-05-25,SIM,6,6000.0,0,0.0,0.0,-1.0
2023-05-25,SUPERVISION,5,25000.0,2,1.0,5000.0,1.0
2023-05-26,PASS,0,0.0,1,0.0,0.0,0.0
2023-05-26,SIM,6,6000.0,0,0.0,0.0,0.0
2023-05-26,SUPERVISION,4,20000.0,3,-1.0,-5000.0,1.0
2023-05-27,PASS,0,0.0,1,0.0,0.0,0.0
2023-05-27,SIM,7,7000.0,0,1.0,1000.0,0.0
2023-05-27,SUPERVISION,4,20000.0,2,0.0,0.0,-1.0
2023-05-28,PASS,0,0,0,0.0,0.0,-1.0
2023-05-28,SIM,7,7000.0,0,0.0,0.0,0.0
2023-05-28,SUPERVISION,4,20000.0,3,0.0,0.0,1.0
2023-05-29,PASS,0,0,0,0.0,0,0.0
2023-05-29,SIM,8,8000.0,1,1.0,1000.0,1.0
2023-05-29,SUPERVISION,3,15000.0,2,-1.0,-5000.0,-1.0
2023-05-30,PASS,1,100.0,0,1.0,100.0,0.0
2023-05-30,SIM,6,6000.0,1,-2.0,-2000.0,0.0
2023-05-30,SUPERVISION,4,20000.0,2,1.0,5000.0,0.0
2023-05-31,PASS,0,0,0,-1.0,-100.0,0.0
2023-05-31,SIM,7,7000.0,1,1.0,1000.0,0.0
2023-05-31,SUPERVISION,4,20000.0,2,0.0,0.0,0.0
2023-06-01,PASS,1,100.0,0,1.0,100.0,0.0
2023-06-01,SIM,7,7000.0,1,0.0,0.0,0.0
2023-06-01,SUPERVISION,4,20000.0,1,0.0,0.0,-1.0
2023-06-02,PASS,1,100.0,0,0.0,0.0,0.0
2023-06-02,SIM,5,5000.0,2,-2.0,-2000.0,1.0
2023-06-02,SUPERVISION,4,20000.0,2,0.0,0.0,1.0
2023-06-03,PASS,0,0,0,-1.0,-100.0,0.0
2023-06-03,SIM,5,5000.0,1,0.0,0.0,-1.0
2023-06-03,SUPERVISION,5,25000.0,3,1.0,5000.0,1.0
2023-06-04,PASS,0,0.0,1,0.0,0.0,1.0
2023-06-04,SIM,6,6000.0,0,1.0,1000.0,-1.0
2023-06-04,SUPERVISION,5,25000.0,2,0.0,0.0,-1.0
2023-06-05,PASS,2,200.0,1,2.0,200.0,0.0
2023-06-05,SIM,4,4000.0,0,-2.0,-2000.0,0.0
2023-06-05,SUPERVISION,6,30000.0,1,1.0,5000.0,-1.0
2023-06-06,PASS,2,200.0,0,0.0,0.0,-1.0
2023-06-06,SIM,4,4000.0,0,0.0,0.0,0.0
2023-06-06,SUPERVISION,6,30000.0,2,0.0,0.0,1.0
2023-06-07,PASS,1,100.0,2,-1.0,-100.0,2.0
2023-06-07,SIM,4,4000.0,0,0.0,0.0,0.0
2023-06-07,SUPERVISION,5,25000.0,2,-1.0,-5000.0,0.0
2023-06-08,PASS,1,100.0,1,0.0,0.0,-1.0
2023-06-08,SIM,4,4000.0,0,0.0,0.0,0.0
2023-06-08,SUPERVISION,6,30000.0,2,1.0,5000.0,0.0
2023-06-09,PASS,1,100.0,2,0.0,0.0,1.0
2023-06-09,SIM,4,4000.0,0,0.0,0.0,0.0
2023-06-09,SUPERVISION,5,25000.0,2,-1.0,-5000.0,0.0
2023-06-10,PASS,1,100.0,0,0.0,0.0,-2.0
2023-06-10,SIM,5,5000.0,0,1.0,1000.0,0.0
2023-06-10,SUPERVISION,6,30000.0,2,1.0,5000.0,0.0
2023-06-11,PASS,1,100.0,0,0.0,0.0,0.0
2023-06-11,SIM,5,5000.0,0,0.0,0.0,0.0
2023-06-11,SUPERVISION,5,25000.0,3,-1.0,-5000.0,1.0
2023-06-12,PASS,1,100.0,0,0.0,0.0,0.0
2023-06-12,SIM,5,5000.0,0,0.0,0.0,0.0
2023-06-12,SUPERVISION,4,20000.0,4,-1.0,-5000.0,1.0
2023-06-13,PASS,1,100.0,0,0.0,0.0,0.0
2023-06-13,SIM,6,6000.0,0,1.0,1000.0,0.0
2023-06-13,SUPERVISION,4,20000.0,3,0.0,0.0,-1.0
2023-06-14,PASS,1,100.0,0,0.0,0.0,0.0
2023-06-14,SIM,5,5000.0,0,-1.0,-1000.0,0.0
2023-06-14,SUPERVISION,4,20000.0,4,0.0,0.0,1.0
2023-06-15,PASS,1,100.0,0,0.0,0.0,0.0
2023-06-15,SIM,5,5000.0,1,0.0,0.0,1.0
2023-06-15,SUPERVISION,4,20000.0,3,0.0,0.0,-1.0
2023-06-16,PASS,1,100.0,0,0.0,0.0,0.0
2023-06-16,SIM,4,4000.0,3,-1.0,-1000.0,2.0
2023-06-16,SUPERVISION,4,20000.0,2,0.0,0.0,-1.0
2023-06-17,PASS,2,200.0,0,1.0,100.0,0.0
2023-06-17,SIM,4,4000.0,2,0.0,0.0,-1.0
2023-06-17,SUPERVISION,4,20000.0,2,0.0,0.0,0.0
2023-06-18,PASS,3,300.0,0,1.0,100.0,0.0
2023-06-18,SIM,4,4000.0,2,0.0,0.0,0.0
2023-06-18,SUPERVISION,3,15000.0,2,-1.0,-5000.0,0.0
2023-06-19,PASS,2,200.0,0,-1.0,-100.0,0.0
2023-06-19,SIM,4,4000.0,2,0.0,0.0,0.0
2023-06-19,SUPERVISION,5,25000.0,1,2.0,10000.0,-1.0
2023-06-20,PASS,2,200.0,0,0.0,0.0,0.0
2023-06-20,SIM,4,4000.0,2,0.0,0.0,0.0
2023-06-20,SUPERVISION,4,20000.0,2,-1.0,-5000.0,1.0
2023-06-21,PASS,1,100.0,0,-1.0,-100.0,0.0
2023-06-21,SIM,4,4000.0,2,0.0,0.0,0.0
2023-06-21,SUPERVISION,5,25000.0,2,1.0,5000.0,0.0
2023-06-22,PASS,2,200.0,0,1.0,100.0,0.0
2023-06-22,SIM,5,5000.0,2,1.0,1000.0,0.0
2023-06-22,SUPERVISION,4,20000.0,1,-1.0,-5000.0,-1.0
2023-06-23,PASS,1,100.0,0,-1.0,-100.0,0.0
2023-06-23,SIM,5,5000.0,2,0.0,0.0,0.0
2023-06-23,SUPERVISION,5,25000.0,1,1.0,5000.0,0.0
2023-06-24,PASS,2,200.0,1,1.0,100.0,1.0
2023-06-24,SIM,6,6000.0,1,1.0,1000.0,-1.0
2023-06-24,SUPERVISION,3,15000.0,1,-2.0,-10000.0,0.0
2023-06-25,PASS,1,100.0,1,-1.0,-100.0,0.0
2023-06-25,SIM,6,6000.0,1,0.0,0.0,0.0
2023-06-25,SUPERVISION,4,20000.0,1,1.0,5000.0,0.0
2023-06-26,PASS,1,100.0,1,0.0,0.0,0.0
2023-06-26,SIM,6,6000.0,1,0.0,0.0,0.0
2023-06-26,SUPERVISION,3,15000.0,2,-1.0,-5000.0,1.0
2023-06-27,PASS,1,100.0,1,0.0,0.0,0.0
2023-06-27,SIM,5,5000.0,2,-1.0,-1000.0,1.0
2023-06-27,SUPERVISION,3,15000.0,2,0.0,0.0,0.0
2023-06-28,PASS,1,100.0,1,0.0,0.0,0.0
2023-06-28,SIM,5,5000.0,1,0.0,0.0,-1.0
2023-06-28,SUPERVISION,2,10000.0,4,-1.0,-5000.0,2.0
2023-06-29,PASS,1,100.0,1,0.0,0.0,0.0
2023-06-29,SIM,5,5000.0,1,0.0,0.0,0.0
2023-06-29,SUPERVISION,3,15000.0,3,1.0,5000.0,-1.0
2023-06-30,PASS,1,100.0,1,0.0,0.0,0.0
2023-06-30,SIM,6,6000.0,1,1.0,1000.0,0.0
2023-06-30,SUPERVISION,2,10000.0,3,-1.0,-5000.0,0.0
2023-07-01,PASS,1,100.0,0,0.0,0.0,-1.0
2023-07-01,SIM,6,6000.0,1,0.0,0.0,0.0
2023-07-01,SUPERVISION,3,15000.0,3,1.0,5000.0,0.0
2023-07-02,PASS,0,0.0,1,-1.0,-100.0,1.0
2023-07-02,SIM,5,5000.0,1,-1.0,-1000.0,0.0
2023-07-02,SUPERVISION,4,20000.0,3,1.0,5000.0,0.0
2023-07-03,PASS,0,0.0,1,0.0,0.0,0.0
2023-07-03,SIM,6,6000.0,1,1.0,1000.0,0.0
2023-07-03,SUPERVISION,3,15000.0,3,-1.0,-5000.0,0.0
2023-07-04,PASS,0,0.0,1,0.0,0.0,0.0
2023-07-04,SIM,6,6000.0,1,0.0,0.0,0.0
2023-07-04,SUPERVISION,2,10000.0,4,-1.0,-5000.0,1.0
2023-07-05,PASS,0,0.0,1,0.0,0.0,0.0
2023-07-05,SIM,6,6000.0,1,0.0,0.0,0.0
2023-07-05,SUPERVISION,2,10000.0,4,0.0,0.0,0.0
2023-07-06,PASS,0,0.0,1,0.0,0.0,0.0
2023-07-06,SIM,5,5000.0,1,-1.0,-1000.0,0.0
2023-07-06,SUPERVISION,2,10000.0,5,0.0,0.0,1.0
2023-07-07,PASS,1,100.0,1,1.0,100.0,0.0
2023-07-07,SIM,4,4000.0,1,-1.0,-1000.0,0.0
2023-07-07,SUPERVISION,3,15000.0,4,1.0,5000.0,-1.0
2023-07-08,PASS,1,100.0,1,0.0,0.0,0.0
2023-07-08,SIM,4,4000.0,1,0.0,0.0,0.0
2023-07-08,SUPERVISION,3,15000.0,4,0.0,0.0,0.0
2023-07-09,PASS,0,0.0,1,-1.0,-100.0,0.0
2023-07-09,SIM,4,4000.0,2,0.0,0.0,1.0
2023-07-09,SUPERVISION,3,15000.0,4,0.0,0.0,0.0
2023-07-10,PASS,0,0.0,1,0.0,0.0,0.0
2023-07-10,SIM,4,4000.0,2,0.0,0.0,0.0
2023-07-10,SUPERVISION,3,15000.0,4,0.0,0.0,0.0
2023-07-11,PASS,0,0.0,1,0.0,0.0,0.0
2023-07-11,SIM,5,5000.0,1,1.0,1000.0,-1.0
2023-07-11,SUPERVISION,2,10000.0,5,-1.0,-5000.0,1.0
2023-07-12,PASS,0,0.0,2,0.0,0.0,1.0
2023-07-12,SIM,4,4000.0,2,-1.0,-1000.0,1.0
2023-07-12,SUPERVISION,4,20000.0,2,2.0,10000.0,-3.0
2023-07-13,PASS,0,0.0,1,0.0,0.0,-1.0
2023-07-13,SIM,4,4000.0,3,0.0,0.0,1.0
2023-07-13,SUPERVISION,3,15000.0,3,-1.0,-5000.0,1.0
2023-07-14,PASS,0,0.0,1,0.0,0.0,0.0
2023-07-14,SIM,4,4000.0,3,0.0,0.0,0.0
2023-07-14,SUPERVISION,3,15000.0,3,0.0,0.0,0.0
2023-07-15,PASS,1,100.0,1,1.0,100.0,0.0
2023-07-15,SIM,4,4000.0,3,0.0,0.0,0.0
2023-07-15,SUPERVISION,2,10000.0,3,-1.0,-5000.0,0.0
2023-07-16,PASS,0,0.0,1,-1.0,-100.0,0.0
2023-07-16,SIM,4,4000.0,2,0.0,0.0,-1.0
2023-07-16,SUPERVISION,3,15000.0,4,1.0,5000.0,1.0
2023-07-17,PASS,0,0.0,1,0.0,0.0,0.0
2023-07-17,SIM,4,4000.0,0,0.0,0.0,-2.0
2023-07-17,SUPERVISION,4,20000.0,5,1.0,5000.0,1.0
2023-07-18,PASS,0,0.0,1,0.0,0.0,0.0
2023-07-18,SIM,4,4000.0,0,0.0,0.0,0.0
2023-07-18,SUPERVISION,5,25000.0,4,1.0,5000.0,-1.0
2023-07-19,PASS,0,0.0,1,0.0,0.0,0.0
2023-07-19,SIM,4,4000.0,1,0.0,0.0,1.0
2023-07-19,SUPERVISION,4,20000.0,4,-1.0,-5000.0,0.0
2023-07-20,PASS,0,0.0,1,0.0,0.0,0.0
2023-07-20,SIM,4,4000.0,1,0.0,0.0,0.0
2023-07-20,SUPERVISION,4,20000.0,4,0.0,0.0,0.0
2023-07-21,PASS,1,100.0,1,1.0,100.0,0.0
2023-07-21,SIM,5,5000.0,0,1.0,1000.0,-1.0
2023-07-21,SUPERVISION,3,15000.0,4,-1.0,-5000.0,0.0
2023-07-22,PASS,1,100.0,1,0.0,0.0,0.0
2023-07-22,SIM,4,4000.0,0,-1.0,-1000.0,0.0
2023-07-22,SUPERVISION,5,25000.0,3,2.0,10000.0,-1.0
2023-07-23,PASS,3,300.0,1,2.0,200.0,0.0
2023-07-23,SIM,3,3000.0,0,-1.0,-1000.0,0.0
2023-07-23,SUPERVISION,5,25000.0,3,0.0,0.0,0.0
2023-07-24,PASS,2,200.0,1,-1.0,-100.0,0.0
2023-07-24,SIM,4,4000.0,0,1.0,1000.0,0.0
2023-07-24,SUPERVISION,4,20000.0,4,-1.0,-5000.0,1.0
2023-07-25,PASS,2,200.0,1,0.0,0.0,0.0
2023-07-25,SIM,4,4000.0,0,0.0,0.0,0.0
2023-07-25,SUPERVISION,4,20000.0,4,0.0,0.0,0.0
2023-07-26,PASS,2,200.0,1,0.0,0.0,0.0
2023-07-26,SIM,4,4000.0,1,0.0,0.0,1.0
2023-07-26,SUPERVISION,3,15000.0,4,-1.0,-5000.0,0.0
2023-07-27,PASS,2,200.0,1,0.0,0.0,0.0
2023-07-27,SIM,5,5000.0,0,1.0,1000.0,-1.0
2023-07-27,SUPERVISION,3,15000.0,4,0.0,0.0,0.0
2023-07-28,PASS,2,200.0,1,0.0,0.0,0.0
2023-07-28,SIM,5,5000.0,1,0.0,0.0,1.0
2023-07-28,SUPERVISION,3,15000.0,3,0.0,0.0,-1.0
2023-07-29,PASS,2,200.0,1,0.0,0.0,0.0
2023-07-29,SIM,3,3000.0,2,-2.0,-2000.0,1.0
2023-07-29,SUPERVISION,4,20000.0,3,1.0,5000.0,0.0
2023-07-30,PASS,3,300.0,0,1.0,100.0,-1.0
2023-07-30,SIM,3,3000.0,2,0.0,0.0,0.0
2023-07-30,SUPERVISION,4,20000.0,3,0.0,0.0,0.0
2023-07-31,PASS,3,300.0,0,0.0,0.0,0.0
2023-07-31,SIM,3,3000.0,2,0.0,0.0,0.0
2023-07-31,SUPERVISION,3,15000.0,4,-1.0,-5000.0,1.0
2023-08-01,PASS,4,400.0,0,1.0,100.0,0.0
2023-08-01,SIM,3,3000.0,1,0.0,0.0,-1.0
2023-08-01,SUPERVISION,3,15000.0,4,0.0,0.0,0.0
2023-08-02,PASS,3,300.0,0,-1.0,-100.0,0.0
2023-08-02,SIM,3,3000.0,1,0.0,0.0,0.0
2023-08-02,SUPERVISION,4,20000.0,4,1.0,5000.0,0.0
2023-08-03,PASS,3,300.0,0,0.0,0.0,0.0
2023-08-03,SIM,3,3000.0,1,0.0,0.0,0.0
2023-08-03,SUPERVISION,5,25000.0,3,1.0,5000.0,-1.0
2023-08-04,PASS,3,300.0,0,0.0,0.0,0.0
2023-08-04,SIM,4,4000.0,2,1.0,1000.0,1.0
2023-08-04,SUPERVISION,3,15000.0,3,-2.0,-10000.0,0.0
2023-08-05,PASS,4,400.0,0,1.0,100.0,0.0
2023-08-05,SIM,3,3000.0,1,-1.0,-1000.0,-1.0
2023-08-05,SUPERVISION,4,20000.0,3,1.0,5000.0,0.0
2023-08-06,PASS,5,500.0,0,1.0,100.0,0.0
2023-08-06,SIM,3,3000.0,1,0.0,0.0,0.0
2023-08-06,SUPERVISION,4,20000.0,3,0.0,0.0,0.0
2023-08-07,PASS,5,500.0,0,0.0,0.0,0.0
2023-08-07,SIM,3,3000.0,1,0.0,0.0,0.0
2023-08-07,SUPERVISION,3,15000.0,4,-1.0,-5000.0,1.0
2023-08-08,PASS,5,500.0,0,0.0,0.0,0.0
2023-08-08,SIM,3,3000.0,0,0.0,0.0,-1.0
2023-08-08,SUPERVISION,5,25000.0,3,2.0,10000.0,-1.0
2023-08-09,PASS,5,500.0,0,0.0,0.0,0.0
2023-08-09,SIM,4,4000.0,0,1.0,1000.0,0.0
2023-08-09,SUPERVISION,4,20000.0,3,-1.0,-5000.0,0.0
2023-08-10,PASS,4,400.0,1,-1.0,-100.0,1.0
2023-08-10,SIM,4,4000.0,1,0.0,0.0,1.0
2023-08-10,SUPERVISION,4,20000.0,2,0.0,0.0,-1.0
2023-08-11,PASS,5,500.0,1,1.0,100.0,0.0
2023-08-11,SIM,4,4000.0,0,0.0,0.0,-1.0
2023-08-11,SUPERVISION,4,20000.0,2,0.0,0.0,0.0
2023-08-12,PASS,5,500.0,0,0.0,0.0,-1.0
2023-08-12,SIM,4,4000.0,0,0.0,0.0,0.0
2023-08-12,SUPERVISION,5,25000.0,2,1.0,5000.0,0.0
2023-08-13,PASS,4,400.0,0,-1.0,-100.0,0.0
2023-08-13,SIM,4,4000.0,0,0.0,0.0,0.0
2023-08-13,SUPERVISION,6,30000.0,2,1.0,5000.0,0.0
2023-08-14,PASS,4,400.0,0,0.0,0.0,0.0
2023-08-14,SIM,6,6000.0,1,2.0,2000.0,1.0
2023-08-14,SUPERVISION,3,15000.0,2,-3.0,-15000.0,0.0
2023-08-15,PASS,4,400.0,0,0.0,0.0,0.0
2023-08-15,SIM,4,4000.0,0,-2.0,-2000.0,-1.0
2023-08-15,SUPERVISION,6,30000.0,2,3.0,15000.0,0.0
2023-08-16,PASS,4,400.0,0,0.0,0.0,0.0
2023-08-16,SIM,5,5000.0,0,1.0,1000.0,0.0
2023-08-16,SUPERVISION,5,25000.0,2,-1.0,-5000.0,0.0
2023-08-17,PASS,4,400.0,0,0.0,0.0,0.0
2023-08-17,SIM,5,5000.0,0,0.0,0.0,0.0
2023-08-17,SUPERVISION,5,25000.0,3,0.0,0.0,1.0
2023-08-18,PASS,4,400.0,0,0.0,0.0,0.0
2023-08-18,SIM,6,6000.0,0,1.0,1000.0,0.0
2023-08-18,SUPERVISION,3,15000.0,4,-2.0,-10000.0,1.0
2023-08-19,PASS,4,400.0,0,0.0,0.0,0.0
2023-08-19,SIM,6,6000.0,0,0.0,0.0,0.0
2023-08-19,SUPERVISION,4,20000.0,3,1.0,5000.0,-1.0
2023-08-20,PASS,4,400.0,0,0.0,0.0,0.0
2023-08-20,SIM,5,5000.0,0,-1.0,-1000.0,0.0
2023-08-20,SUPERVISION,4,20000.0,4,0.0,0.0,1.0
2023-08-21,PASS,4,400.0,0,0.0,0.0,0.0
2023-08-21,SIM,5,5000.0,0,0.0,0.0,0.0
2023-08-21,SUPERVISION,5,25000.0,3,1.0,5000.0,-1.0
2023-08-22,PASS,4,400.0,0,0.0,0.0,0.0
2023-08-22,SIM,6,6000.0,0,1.0,1000.0,0.0
2023-08-22,SUPERVISION,3,15000.0,4,-2.0,-10000.0,1.0
2023-08-23,PASS,4,400.0,0,0.0,0.0,0.0
2023-08-23,SIM,5,5000.0,1,-1.0,-1000.0,1.0
2023-08-23,SUPERVISION,5,25000.0,2,2.0,10000.0,-2.0
2023-08-24,PASS,4,400.0,0,0.0,0.0,0.0
2023-08-24,SIM,5,5000.0,1,0.0,0.0,0.0
2023-08-24,SUPERVISION,4,20000.0,3,-1.0,-5000.0,1.0
2023-08-25,PASS,5,500.0,0,1.0,100.0,0.0
2023-08-25,SIM,6,6000.0,0,1.0,1000.0,-1.0
2023-08-25,SUPERVISION,4,20000.0,2,0.0,0.0,-1.0
2023-08-26,PASS,5,500.0,0,0.0,0.0,0.0
2023-08-26,SIM,6,6000.0,0,0.0,0.0,0.0
2023-08-26,SUPERVISION,4,20000.0,2,0.0,0.0,0.0
2023-08-27,PASS,5,500.0,0,0.0,0.0,0.0
2023-08-27,SIM,5,5000.0,0,-1.0,-1000.0,0.0
2023-08-27,SUPERVISION,4,20000.0,3,0.0,0.0,1.0
2023-08-28,PASS,5,500.0,0,0.0,0.0,0.0
2023-08-28,SIM,6,6000.0,0,1.0,1000.0,0.0
2023-08-28,SUPERVISION,3,15000.0,3,-1.0,-5000.0,0.0
2023-08-29,PASS,6,600.0,0,1.0,100.0,0.0
2023-08-29,SIM,5,5000.0,1,-1.0,-1000.0,1.0
2023-08-29,SUPERVISION,1,5000.0,4,-2.0,-10000.0,1.0
2023-08-30,PASS,6,600.0,0,0.0,0.0,0.0
2023-08-30,SIM,5,5000.0,2,0.0,0.0,1.0
2023-08-30,SUPERVISION,1,5000.0,3,0.0,0.0,-1.0
2023-08-31,PASS,5,500.0,0,-1.0,-100.0,0.0
2023-08-31,SIM,5,5000.0,2,0.0,0.0,0.0
2023-08-31,SUPERVISION,3,15000.0,2,2.0,10000.0,-1.0
2023-09-01,PASS,5,500.0,0,0.0,0.0,0.0
2023-09-01,SIM,6,6000.0,2,1.0,1000.0,0.0
2023-09-01,SUPERVISION,2,10000.0,2,-1.0,-5000.0,0.0
2023-09-02,PASS,5,500.0,1,0.0,0.0,1.0
2023-09-02,SIM,5,5000.0,1,-1.0,-1000.0,-1.0
2023-09-02,SUPERVISION,3,15000.0,2,1.0,5000.0,0.0
2023-09-03,PASS,5,500.0,1,0.0,0.0,0.0
2023-09-03,SIM,5,5000.0,2,0.0,0.0,1.0
2023-09-03,SUPERVISION,2,10000.0,2,-1.0,-5000.0,0.0
2023-09-04,PASS,7,700.0,1,2.0,200.0,0.0
2023-09-04,SIM,5,5000.0,2,0.0,0.0,0.0
2023-09-04,SUPERVISION,1,5000.0,1,-1.0,-5000.0,-1.0
2023-09-05,PASS,6,600.0,0,-1.0,-100.0,-1.0
2023-09-05,SIM,5,5000.0,2,0.0,0.0,0.0
2023-09-05,SUPERVISION,2,10000.0,2,1.0,5000.0,1.0
2023-09-06,PASS,5,500.0,0,-1.0,-100.0,0.0
2023-09-06,SIM,5,5000.0,3,0.0,0.0,1.0
2023-09-06,SUPERVISION,3,15000.0,1,1.0,5000.0,-1.0
2023-09-07,PASS,5,500.0,0,0.0,0.0,0.0
2023-09-07,SIM,5,5000.0,3,0.0,0.0,0.0
2023-09-07,SUPERVISION,2,10000.0,2,-1.0,-5000.0,1.0
2023-09-08,PASS,4,400.0,1,-1.0,-100.0,1.0
2023-09-08,SIM,5,5000.0,2,0.0,0.0,-1.0
2023-09-08,SUPERVISION,4,20000.0,1,2.0,10000.0,-1.0
2023-09-09,PASS,4,400.0,1,0.0,0.0,0.0
2023-09-09,SIM,5,5000.0,2,0.0,0.0,0.0
2023-09-09,SUPERVISION,4,20000.0,1,0.0,0.0,0.0
2023-09-10,PASS,4,400.0,1,0.0,0.0,0.0
2023-09-10,SIM,5,5000.0,3,0.0,0.0,1.0
2023-09-10,SUPERVISION,3,15000.0,1,-1.0,-5000.0,0.0
2023-09-11,PASS,3,300.0,1,-1.0,-100.0,0.0
2023-09-11,SIM,7,7000.0,3,2.0,2000.0,0.0
2023-09-11,SUPERVISION,2,10000.0,1,-1.0,-5000.0,0.0
2023-09-12,PASS,2,200.0,1,-1.0,-100.0,0.0
2023-09-12,SIM,7,7000.0,4,0.0,0.0,1.0
2023-09-12,SUPERVISION,2,10000.0,1,0.0,0.0,0.0
2023-09-13,PASS,2,200.0,1,0.0,0.0,0.0
2023-09-13,SIM,7,7000.0,3,0.0,0.0,-1.0
2023-09-13,SUPERVISION,3,15000.0,1,1.0,5000.0,0.0
2023-09-14,PASS,2,200.0,0,0.0,0.0,-1.0
2023-09-14,SIM,8,8000.0,4,1.0,1000.0,1.0
2023-09-14,SUPERVISION,0,0.0,3,-3.0,-15000.0,2.0
2023-09-15,PASS,2,200.0,0,0.0,0.0,0.0
2023-09-15,SIM,8,8000.0,3,0.0,0.0,-1.0
2023-09-15,SUPERVISION,1,5000.0,3,1.0,5000.0,0.0
2023-09-16,PASS,2,200.0,0,0.0,0.0,0.0
2023-09-16,SIM,7,7000.0,3,-1.0,-1000.0,0.0
2023-09-16,SUPERVISION,1,5000.0,4,0.0,0.0,1.0
2023-09-17,PASS,2,200.0,0,0.0,0.0,0.0
2023-09-17,SIM,8,8000.0,1,1.0,1000.0,-2.0
2023-09-17,SUPERVISION,1,5000.0,5,0.0,0.0,1.0
2023-09-18,PASS,2,200.0,0,0.0,0.0,0.0
2023-09-18,SIM,8,8000.0,1,0.0,0.0,0.0
2023-09-18,SUPERVISION,2,10000.0,4,1.0,5000.0,-1.0
2023-09-19,PASS,2,200.0,0,0.0,0.0,0.0
2023-09-19,SIM,8,8000.0,1,0.0,0.0,0.0
2023-09-19,SUPERVISION,3,15000.0,3,1.0,5000.0,-1.0
2023-09-20,PASS,3,300.0,0,1.0,100.0,0.0
2023-09-20,SIM,7,7000.0,1,-1.0,-1000.0,0.0
2023-09-20,SUPERVISION,3,15000.0,3,0.0,0.0,0.0
2023-09-21,PASS,2,200.0,1,-1.0,-100.0,1.0
2023-09-21,SIM,7,7000.0,1,0.0,0.0,0.0
2023-09-21,SUPERVISION,4,20000.0,2,1.0,5000.0,-1.0
2023-09-22,PASS,2,200.0,0,0.0,0.0,-1.0
2023-09-22,SIM,7,7000.0,1,0.0,0.0,0.0
2023-09-22,SUPERVISION,4,20000.0,3,0.0,0.0,1.0
2023-09-23,PASS,2,200.0,0,0.0,0.0,0.0
2023-09-23,SIM,8,8000.0,1,1.0,1000.0,0.0
2023-09-23,SUPERVISION,3,15000.0,3,-1.0,-5000.0,0.0
2023-09-24,PASS,3,300.0,0,1.0,100.0,0.0
2023-09-24,SIM,7,7000.0,1,-1.0,-1000.0,0.0
2023-09-24,SUPERVISION,5,25000.0,2,2.0,10000.0,-1.0
2023-09-25,PASS,4,400.0,0,1.0,100.0,0.0
2023-09-25,SIM,5,5000.0,1,-2.0,-2000.0,0.0
2023-09-25,SUPERVISION,6,30000.0,2,1.0,5000.0,0.0
2023-09-26,PASS,4,400.0,1,0.0,0.0,1.0
2023-09-26,SIM,4,4000.0,1,-1.0,-1000.0,0.0
2023-09-26,SUPERVISION,7,35000.0,1,1.0,5000.0,-1.0
2023-09-27,PASS,4,400.0,2,0.0,0.0,1.0
2023-09-27,SIM,4,4000.0,1,0.0,0.0,0.0
2023-09-27,SUPERVISION,6,30000.0,1,-1.0,-5000.0,0.0
2023-09-28,PASS,4,400.0,3,0.0,0.0,1.0
2023-09-28,SIM,4,4000.0,1,0.0,0.0,0.0
2023-09-28,SUPERVISION,5,25000.0,1,-1.0,-5000.0,0.0
2023-09-29,PASS,4,400.0,2,0.0,0.0,-1.0
2023-09-29,SIM,4,4000.0,1,0.0,0.0,0.0
2023-09-29,SUPERVISION,5,25000.0,2,0.0,0.0,1.0
2023-09-30,PASS,4,400.0,2,0.0,0.0,0.0
2023-09-30,SIM,5,5000.0,1,1.0,1000.0,0.0
2023-09-30,SUPERVISION,4,20000.0,2,-1.0,-5000.0,0.0
2023-10-01,PASS,4,400.0,2,0.0,0.0,0.0
2023-10-01,SIM,5,5000.0,2,0.0,0.0,1.0
2023-10-01,SUPERVISION,4,20000.0,1,0.0,0.0,-1.0
2023-10-02,PASS,4,400.0,2,0.0,0.0,0.0
2023-10-02,SIM,6,6000.0,2,1.0,1000.0,0.0
2023-10-02,SUPERVISION,3,15000.0,1,-1.0,-5000.0,0.0
2023-10-03,PASS,4,400.0,1,0.0,0.0,-1.0
2023-10-03,SIM,5,5000.0,2,-1.0,-1000.0,0.0
2023-10-03,SUPERVISION,4,20000.0,2,1.0,5000.0,1.0
2023-10-04,PASS,4,400.0,1,0.0,0.0,0.0
2023-10-04,SIM,5,5000.0,2,0.0,0.0,0.0
2023-10-04,SUPERVISION,4,20000.0,2,0.0,0.0,0.0
2023-10-05,PASS,4,400.0,1,0.0,0.0,0.0
2023-10-05,SIM,6,6000.0,1,1.0,1000.0,-1.0
2023-10-05,SUPERVISION,4,20000.0,2,0.0,0.0,0.0
2023-10-06,PASS,4,400.0,1,0.0,0.0,0.0
2023-10-06,SIM,6,6000.0,2,0.0,0.0,1.0
2023-10-06,SUPERVISION,3,15000.0,2,-1.0,-5000.0,0.0
2023-10-07,PASS,5,500.0,1,1.0,100.0,0.0
2023-10-07,SIM,6,6000.0,2,0.0,0.0,0.0
2023-10-07,SUPERVISION,3,15000.0,1,0.0,0.0,-1.0
2023-10-08,PASS,4,400.0,1,-1.0,-100.0,0.0
2023-10-08,SIM,6,6000.0,3,0.0,0.0,1.0
2023-10-08,SUPERVISION,3,15000.0,1,0.0,0.0,0.0
2023-10-09,PASS,4,400.0,1,0.0,0.0,0.0
2023-10-09,SIM,6,6000.0,2,0.0,0.0,-1.0
2023-10-09,SUPERVISION,3,15000.0,2,0.0,0.0,1.0
2023-10-10,PASS,4,400.0,0,0.0,0.0,-1.0
2023-10-10,SIM,5,5000.0,3,-1.0,-1000.0,1.0
2023-10-10,SUPERVISION,4,20000.0,2,1.0,5000.0,0.0
2023-10-11,PASS,4,400.0,0,0.0,0.0,0.0
2023-10-11,SIM,5,5000.0,4,0.0,0.0,1.0
2023-10-11,SUPERVISION,4,20000.0,1,0.0,0.0,-1.0
2023-10-12,PASS,4,400.0,1,0.0,0.0,1.0
2023-10-12,SIM,6,6000.0,1,1.0,1000.0,-3.0
2023-10-12,SUPERVISION,4,20000.0,2,0.0,0.0,1.0
2023-10-13,PASS,4,400.0,0,0.0,0.0,-1.0
2023-10-13,SIM,5,5000.0,1,-1.0,-1000.0,0.0
2023-10-13,SUPERVISION,5,25000.0,3,1.0,5000.0,1.0
2023-10-14,PASS,6,600.0,0,2.0,200.0,0.0
2023-10-14,SIM,4,4000.0,1,-1.0,-1000.0,0.0
2023-10-14,SUPERVISION,3,15000.0,4,-2.0,-10000.0,1.0
2023-10-15,PASS,5,500.0,0,-1.0,-100.0,0.0
2023-10-15,SIM,4,4000.0,1,0.0,0.0,0.0
2023-10-15,SUPERVISION,5,25000.0,3,2.0,10000.0,-1.0
2023-10-16,PASS,5,500.0,0,0.0,0.0,0.0
2023-10-16,SIM,4,4000.0,1,0.0,0.0,0.0
2023-10-16,SUPERVISION,4,20000.0,4,-1.0,-5000.0,1.0
2023-10-17,PASS,6,600.0,0,1.0,100.0,0.0
2023-10-17,SIM,4,4000.0,1,0.0,0.0,0.0
2023-10-17,SUPERVISION,3,15000.0,4,-1.0,-5000.0,0.0
2023-10-18,PASS,6,600.0,0,0.0,0.0,0.0
2023-10-18,SIM,5,5000.0,1,1.0,1000.0,0.0
2023-10-18,SUPERVISION,2,10000.0,4,-1.0,-5000.0,0.0
2023-10-19,PASS,6,600.0,1,0.0,0.0,1.0
2023-10-19,SIM,5,5000.0,1,0.0,0.0,0.0
2023-10-19,SUPERVISION,2,10000.0,3,0.0,0.0,-1.0
2023-10-20,PASS,6,600.0,0,0.0,0.0,-1.0
2023-10-20,SIM,4,4000.0,1,-1.0,-1000.0,0.0
2023-10-20,SUPERVISION,3,15000.0,4,1.0,5000.0,1.0
2023-10-21,PASS,5,500.0,0,-1.0,-100.0,0.0
2023-10-21,SIM,4,4000.0,0,0.0,0.0,-1.0
2023-10-21,SUPERVISION,4,20000.0,5,1.0,5000.0,1.0
2023-10-22,PASS,5,500.0,0,0.0,0.0,0.0
2023-10-22,SIM,4,4000.0,1,0.0,0.0,1.0
2023-10-22,SUPERVISION,3,15000.0,5,-1.0,-5000.0,0.0
2023-10-23,PASS,4,400.0,0,-1.0,-100.0,0.0
2023-10-23,SIM,4,4000.0,2,0.0,0.0,1.0
2023-10-23,SUPERVISION,5,25000.0,4,2.0,10000.0,-1.0
2023-10-24,PASS,4,400.0,2,0.0,0.0,2.0
2023-10-24,SIM,4,4000.0,0,0.0,0.0,-2.0
2023-10-24,SUPERVISION,6,30000.0,3,1.0,5000.0,-1.0
2023-10-25,PASS,4,400.0,1,0.0,0.0,-1.0
2023-10-25,SIM,4,4000.0,0,0.0,0.0,0.0
2023-10-25,SUPERVISION,7,35000.0,3,1.0,5000.0,0.0
2023-10-26,PASS,4,400.0,1,0.0,0.0,0.0
2023-10-26,SIM,4,4000.0,1,0.0,0.0,1.0
2023-10-26,SUPERVISION,6,30000.0,3,-1.0,-5000.0,0.0
2023-10-27,PASS,4,400.0,1,0.0,0.0,0.0
2023-10-27,SIM,4,4000.0,1,0.0,0.0,0.0
2023-10-27,SUPERVISION,5,25000.0,4,-1.0,-5000.0,1.0
2023-10-28,PASS,4,400.0,1,0.0,0.0,0.0
2023-10-28,SIM,4,4000.0,1,0.0,0.0,0.0
2023-10-28,SUPERVISION,5,25000.0,4,0.0,0.0,0.0
2023-10-29,PASS,4,400.0,1,0.0,0.0,0.0
2023-10-29,SIM,4,4000.0,1,0.0,0.0,0.0
2023-10-29,SUPERVISION,7,35000.0,2,2.0,10000.0,-2.0
2023-10-30,PASS,4,400.0,1,0.0,0.0,0.0
2023-10-30,SIM,4,4000.0,1,0.0,0.0,0.0
2023-10-30,SUPERVISION,6,30000.0,3,-1.0,-5000.0,1.0
2023-10-31,PASS,5,500.0,1,1.0,100.0,0.0
2023-10-31,SIM,3,3000.0,1,-1.0,-1000.0,0.0
2023-10-31,SUPERVISION,6,30000.0,3,0.0,0.0,0.0
2023-11-01,PASS,5,500.0,1,0.0,0.0,0.0
2023-11-01,SIM,3,3000.0,1,0.0,0.0,0.0
2023-11-01,SUPERVISION,6,30000.0,3,0.0,0.0,0.0
2023-11-02,PASS,5,500.0,1,0.0,0.0,0.0
2023-11-02,SIM,3,3000.0,2,0.0,0.0,1.0
2023-11-02,SUPERVISION,7,35000.0,1,1.0,5000.0,-2.0
2023-11-03,PASS,5,500.0,1,0.0,0.0,0.0
2023-11-03,SIM,3,3000.0,2,0.0,0.0,0.0
2023-11-03,SUPERVISION,7,35000.0,1,0.0,0.0,0.0
2023-11-04,PASS,5,500.0,1,0.0,0.0,0.0
2023-11-04,SIM,3,3000.0,1,0.0,0.0,-1.0
2023-11-04,SUPERVISION,8,40000.0,1,1.0,5000.0,0.0
2023-11-05,PASS,5,500.0,2,0.0,0.0,1.0
2023-11-05,SIM,3,3000.0,1,0.0,0.0,0.0
2023-11-05,SUPERVISION,7,35000.0,1,-1.0,-5000.0,0.0
2023-11-06,PASS,5,500.0,1,0.0,0.0,-1.0
2023-11-06,SIM,3,3000.0,2,0.0,0.0,1.0
2023-11-06,SUPERVISION,7,35000.0,1,0.0,0.0,0.0
2023-11-07,PASS,5,500.0,1,0.0,0.0,0.0
2023-11-07,SIM,3,3000.0,2,0.0,0.0,0.0
2023-11-07,SUPERVISION,7,35000.0,1,0.0,0.0,0.0
2023-11-08,PASS,6,600.0,1,1.0,100.0,0.0
2023-11-08,SIM,3,3000.0,2,0.0,0.0,0.0
2023-11-08,SUPERVISION,5,25000.0,2,-2.0,-10000.0,1.0
2023-11-09,PASS,5,500.0,2,-1.0,-100.0,1.0
2023-11-09,SIM,3,3000.0,2,0.0,0.0,0.0
2023-11-09,SUPERVISION,6,30000.0,1,1.0,5000.0,-1.0
2023-11-10,PASS,5,500.0,2,0.0,0.0,0.0
2023-11-10,SIM,4,4000.0,1,1.0,1000.0,-1.0
2023-11-10,SUPERVISION,5,25000.0,2,-1.0,-5000.0,1.0
2023-11-11,PASS,5,500.0,2,0.0,0.0,0.0
2023-11-11,SIM,4,4000.0,2,0.0,0.0,1.0
2023-11-11,SUPERVISION,5,25000.0,1,0.0,0.0,-1.0
2023-11-12,PASS,5,500.0,2,0.0,0.0,0.0
2023-11-12,SIM,3,3000.0,2,-1.0,-1000.0,0.0
2023-11-12,SUPERVISION,5,25000.0,2,0.0,0.0,1.0
2023-11-13,PASS,5,500.0,2,0.0,0.0,0.0
2023-11-13,SIM,3,3000.0,1,0.0,0.0,-1.0
2023-11-13,SUPERVISION,6,30000.0,2,1.0,5000.0,0.0
2023-11-14,PASS,6,600.0,2,1.0,100.0,0.0
2023-11-14,SIM,3,3000.0,1,0.0,0.0,0.0
2023-11-14,SUPERVISION,5,25000.0,2,-1.0,-5000.0,0.0
2023-11-15,PASS,6,600.0,2,0.0,0.0,0.0
2023-11-15,SIM,5,5000.0,1,2.0,2000.0,0.0
2023-11-15,SUPERVISION,3,15000.0,2,-2.0,-10000.0,0.0
2023-11-16,PASS,5,500.0,3,-1.0,-100.0,1.0
2023-11-16,SIM,3,3000.0,1,-2.0,-2000.0,0.0
2023-11-16,SUPERVISION,5,25000.0,2,2.0,10000.0,0.0
2023-11-17,PASS,5,500.0,4,0.0,0.0,1.0
2023-11-17,SIM,3,3000.0,1,0.0,0.0,0.0
2023-11-17,SUPERVISION,4,20000.0,2,-1.0,-5000.0,0.0
2023-11-18,PASS,5,500.0,3,0.0,0.0,-1.0
2023-11-18,SIM,3,3000.0,1,0.0,0.0,0.0
2023-11-18,SUPERVISION,4,20000.0,3,0.0,0.0,1.0
2023-11-19,PASS,5,500.0,3,0.0,0.0,0.0
2023-11-19,SIM,3,3000.0,0,0.0,0.0,-1.0
2023-11-19,SUPERVISION,5,25000.0,3,1.0,5000.0,0.0
2023-11-20,PASS,5,500.0,2,0.0,0.0,-1.0
2023-11-20,SIM,3,3000.0,0,0.0,0.0,0.0
2023-11-20,SUPERVISION,5,25000.0,4,0.0,0.0,1.0
2023-11-21,PASS,5,500.0,2,0.0,0.0,0.0
2023-11-21,SIM,3,3000.0,1,0.0,0.0,1.0
2023-11-21,SUPERVISION,4,20000.0,4,-1.0,-5000.0,0.0
2023-11-22,PASS,5,500.0,2,0.0,0.0,0.0
2023-11-22,SIM,3,3000.0,2,0.0,0.0,1.0
2023-11-22,SUPERVISION,5,25000.0,3,1.0,5000.0,-1.0
2023-11-23,PASS,5,500.0,3,0.0,0.0,1.0
2023-11-23,SIM,3,3000.0,1,0.0,0.0,-1.0
2023-11-23,SUPERVISION,5,25000.0,3,0.0,0.0,0.0
2023-11-24,PASS,4,400.0,2,-1.0,-100.0,-1.0
2023-11-24,SIM,3,3000.0,1,0.0,0.0,0.0
2023-11-24,SUPERVISION,5,25000.0,5,0.0,0.0,2.0
2023-11-25,PASS,5,500.0,2,1.0,100.0,0.0
2023-11-25,SIM,4,4000.0,1,1.0,1000.0,0.0
2023-11-25,SUPERVISION,5,25000.0,3,0.0,0.0,-2.0
2023-11-26,PASS,4,400.0,2,-1.0,-100.0,0.0
2023-11-26,SIM,4,4000.0,2,0.0,0.0,1.0
2023-11-26,SUPERVISION,4,20000.0,4,-1.0,-5000.0,1.0
2023-11-27,PASS,4,400.0,2,0.0,0.0,0.0
2023-11-27,SIM,4,4000.0,1,0.0,0.0,-1.0
2023-11-27,SUPERVISION,4,20000.0,5,0.0,0.0,1.0
2023-11-28,PASS,4,400.0,3,0.0,0.0,1.0
2023-11-28,SIM,4,4000.0,1,0.0,0.0,0.0
2023-11-28,SUPERVISION,4,20000.0,4,0.0,0.0,-1.0
2023-11-29,PASS,4,400.0,2,0.0,0.0,-1.0
2023-11-29,SIM,3,3000.0,1,-1.0,-1000.0,0.0
2023-11-29,SUPERVISION,6,30000.0,4,2.0,10000.0,0.0
2023-11-30,PASS,5,500.0,1,1.0,100.0,-1.0
2023-11-30,SIM,3,3000.0,1,0.0,0.0,0.0
2023-11-30,SUPERVISION,5,25000.0,5,-1.0,-5000.0,1.0
2023-12-01,PASS,5,500.0,2,0.0,0.0,1.0
2023-12-01,SIM,3,3000.0,1,0.0,0.0,0.0
2023-12-01,SUPERVISION,5,25000.0,4,0.0,0.0,-1.0
2023-12-02,PASS,5,500.0,2,0.0,0.0,0.0
2023-12-02,SIM,3,3000.0,1,0.0,0.0,0.0
2023-12-02,SUPERVISION,6,30000.0,3,1.0,5000.0,-1.0
2023-12-03,PASS,5,500.0,2,0.0,0.0,0.0
2023-12-03,SIM,4,4000.0,1,1.0,1000.0,0.0
2023-12-03,SUPERVISION,6,30000.0,2,0.0,0.0,-1.0
2023-12-04,PASS,5,500.0,2,0.0,0.0,0.0
2023-12-04,SIM,3,3000.0,1,-1.0,-1000.0,0.0
2023-12-04,SUPERVISION,6,30000.0,3,0.0,0.0,1.0
2023-12-05,PASS,5,500.0,1,0.0,0.0,-1.0
2023-12-05,SIM,2,2000.0,2,-1.0,-1000.0,1.0
2023-12-05,SUPERVISION,8,40000.0,2,2.0,10000.0,-1.0
2023-12-06,PASS,5,500.0,2,0.0,0.0,1.0
2023-12-06,SIM,2,2000.0,2,0.0,0.0,0.0
2023-12-06,SUPERVISION,9,45000.0,0,1.0,5000.0,-2.0
2023-12-07,PASS,4,400.0,1,-1.0,-100.0,-1.0
2023-12-07,SIM,2,2000.0,2,0.0,0.0,0.0
2023-12-07,SUPERVISION,10,50000.0,1,1.0,5000.0,1.0
2023-12-08,PASS,4,400.0,1,0.0,0.0,0.0
2023-12-08,SIM,2,2000.0,2,0.0,0.0,0.0
2023-12-08,SUPERVISION,10,50000.0,1,0.0,0.0,0.0
2023-12-09,PASS,4,400.0,1,0.0,0.0,0.0
2023-12-09,SIM,2,2000.0,2,0.0,0.0,0.0
2023-12-09,SUPERVISION,10,50000.0,1,0.0,0.0,0.0
2023-12-10,PASS,4,400.0,1,0.0,0.0,0.0
2023-12-10,SIM,3,3000.0,3,1.0,1000.0,1.0
2023-12-10,SUPERVISION,9,45000.0,0,-1.0,-5000.0,-1.0
2023-12-11,PASS,4,400.0,2,0.0,0.0,1.0
2023-12-11,SIM,2,2000.0,2,-1.0,-1000.0,-1.0
2023-12-11,SUPERVISION,9,45000.0,1,0.0,0.0,1.0
2023-12-12,PASS,5,500.0,1,1.0,100.0,-1.0
2023-12-12,SIM,1,1000.0,3,-1.0,-1000.0,1.0
2023-12-12,SUPERVISION,8,40000.0,2,-1.0,-5000.0,1.0
2023-12-13,PASS,4,400.0,1,-1.0,-100.0,0.0
2023-12-13,SIM,1,1000.0,3,0.0,0.0,0.0
2023-12-13,SUPERVISION,9,45000.0,2,1.0,5000.0,0.0
2023-12-14,PASS,4,400.0,1,0.0,0.0,0.0
2023-12-14,SIM,1,1000.0,2,0.0,0.0,-1.0
2023-12-14,SUPERVISION,9,45000.0,3,0.0,0.0,1.0
2023-12-15,PASS,4,400.0,2,0.0,0.0,1.0
2023-12-15,SIM,1,1000.0,1,0.0,0.0,-1.0
2023-12-15,SUPERVISION,11,55000.0,1,2.0,10000.0,-2.0
2023-12-16,PASS,4,400.0,2,0.0,0.0,0.0
2023-12-16,SIM,1,1000.0,1,0.0,0.0,0.0
2023-12-16,SUPERVISION,9,45000.0,3,-2.0,-10000.0,2.0
2023-12-17,PASS,4,400.0,2,0.0,0.0,0.0
2023-12-17,SIM,1,1000.0,1,0.0,0.0,0.0
2023-12-17,SUPERVISION,9,45000.0,3,0.0,0.0,0.0
2023-12-18,PASS,4,400.0,2,0.0,0.0,0.0
2023-12-18,SIM,1,1000.0,2,0.0,0.0,1.0
2023-12-18,SUPERVISION,9,45000.0,2,0.0,0.0,-1.0
2023-12-19,PASS,3,300.0,4,-1.0,-100.0,2.0
2023-12-19,SIM,1,1000.0,1,0.0,0.0,-1.0
2023-12-19,SUPERVISION,8,40000.0,3,-1.0,-5000.0,1.0
2023-12-20,PASS,3,300.0,3,0.0,0.0,-1.0
2023-12-20,SIM,2,2000.0,2,1.0,1000.0,1.0
2023-12-20,SUPERVISION,8,40000.0,2,0.0,0.0,-1.0
2023-12-21,PASS,3,300.0,4,0.0,0.0,1.0
2023-12-21,SIM,1,1000.0,2,-1.0,-1000.0,0.0
2023-12-21,SUPERVISION,8,40000.0,2,0.0,0.0,0.0
2023-12-22,PASS,3,300.0,4,0.0,0.0,0.0
2023-12-22,SIM,1,1000.0,1,0.0,0.0,-1.0
2023-12-22,SUPERVISION,8,40000.0,3,0.0,0.0,1.0
2023-12-23,PASS,3,300.0,4,0.0,0.0,0.0
2023-12-23,SIM,1,1000.0,1,0.0,0.0,0.0
2023-12-23,SUPERVISION,9,45000.0,2,1.0,5000.0,-1.0
2023-12-24,PASS,3,300.0,6,0.0,0.0,2.0
2023-12-24,SIM,1,1000.0,1,0.0,0.0,0.0
2023-12-24,SUPERVISION,8,40000.0,1,-1.0,-5000.0,-1.0
2023-12-25,PASS,3,300.0,5,0.0,0.0,-1.0
2023-12-25,SIM,1,1000.0,1,0.0,0.0,0.0
2023-12-25,SUPERVISION,8,40000.0,2,0.0,0.0,1.0
2023-12-26,PASS,3,300.0,5,0.0,0.0,0.0
2023-12-26,SIM,2,2000.0,1,1.0,1000.0,0.0
2023-12-26,SUPERVISION,7,35000.0,3,-1.0,-5000.0,1.0
2023-12-27,PASS,3,300.0,4,0.0,0.0,-1.0
2023-12-27,SIM,2,2000.0,2,0.0,0.0,1.0
2023-12-27,SUPERVISION,7,35000.0,3,0.0,0.0,0.0
2023-12-28,PASS,4,400.0,4,1.0,100.0,0.0
2023-12-28,SIM,2,2000.0,2,0.0,0.0,0.0
2023-12-28,SUPERVISION,8,40000.0,1,1.0,5000.0,-2.0
2023-12-29,PASS,3,300.0,3,-1.0,-100.0,-1.0
2023-12-29,SIM,2,2000.0,1,0.0,0.0,-1.0
2023-12-29,SUPERVISION,9,45000.0,3,1.0,5000.0,2.0
2023-12-30,PASS,3,300.0,3,0.0,0.0,0.0
2023-12-30,SIM,2,2000.0,1,0.0,0.0,0.0
2023-12-30,SUPERVISION,10,50000.0,2,1.0,5000.0,-1.0
2023-12-31,PASS,3,300.0,3,0.0,0.0,0.0
2023-12-31,SIM,4,4000.0,1,2.0,2000.0,0.0
2023-12-31,SUPERVISION,8,40000.0,2,-2.0,-10000.0,0.0
2024-01-01,PASS,3,300.0,2,0.0,0.0,-1.0
2024-01-01,SIM,2,2000.0,0,-2.0,-2000.0,-1.0
2024-01-01,SUPERVISION,9,45000.0,5,1.0,5000.0,3.0
2024-01-02,PASS,2,200.0,2,-1.0,-100.0,0.0
2024-01-02,SIM,2,2000.0,0,0.0,0.0,0.0
2024-01-02,SUPERVISION,11,55000.0,4,2.0,10000.0,-1.0
2024-01-03,PASS,3,300.0,2,1.0,100.0,0.0
2024-01-03,SIM,2,2000.0,0,0.0,0.0,0.0
2024-01-03,SUPERVISION,9,45000.0,5,-2.0,-10000.0,1.0
2024-01-04,PASS,3,300.0,3,0.0,0.0,1.0
2024-01-04,SIM,1,1000.0,0,-1.0,-1000.0,0.0
2024-01-04,SUPERVISION,9,45000.0,5,0.0,0.0,0.0
2024-01-05,PASS,4,400.0,2,1.0,100.0,-1.0
2024-01-05,SIM,3,3000.0,2,2.0,2000.0,2.0
2024-01-05,SUPERVISION,8,40000.0,2,-1.0,-5000.0,-3.0
2024-01-06,PASS,3,300.0,2,-1.0,-100.0,0.0
2024-01-06,SIM,3,3000.0,3,0.0,0.0,1.0
2024-01-06,SUPERVISION,9,45000.0,1,1.0,5000.0,-1.0
2024-01-07,PASS,3,300.0,2,0.0,0.0,0.0
2024-01-07,SIM,3,3000.0,3,0.0,0.0,0.0
2024-01-07,SUPERVISION,9,45000.0,1,0.0,0.0,0.0
2024-01-08,PASS,4,400.0,2,1.0,100.0,0.0
2024-01-08,SIM,3,3000.0,2,0.0,0.0,-1.0
2024-01-08,SUPERVISION,9,45000.0,1,0.0,0.0,0.0
2024-01-09,PASS,4,400.0,2,0.0,0.0,0.0
2024-01-09,SIM,2,2000.0,2,-1.0,-1000.0,0.0
2024-01-09,SUPERVISION,9,45000.0,2,0.0,0.0,1.0
2024-01-10,PASS,3,300.0,2,-1.0,-100.0,0.0
2024-01-10,SIM,3,3000.0,2,1.0,1000.0,0.0
2024-01-10,SUPERVISION,10,50000.0,1,1.0,5000.0,-1.0
2024-01-11,PASS,3,300.0,2,0.0,0.0,0.0
2024-01-11,SIM,5,5000.0,1,2.0,2000.0,-1.0
2024-01-11,SUPERVISION,9,45000.0,2,-1.0,-5000.0,1.0
2024-01-12,PASS,3,300.0,3,0.0,0.0,1.0
2024-01-12,SIM,5,5000.0,1,0.0,0.0,0.0
2024-01-12,SUPERVISION,7,35000.0,3,-2.0,-10000.0,1.0
2024-01-13,PASS,3,300.0,3,0.0,0.0,0.0
2024-01-13,SIM,5,5000.0,1,0.0,0.0,0.0
2024-01-13,SUPERVISION,6,30000.0,4,-1.0,-5000.0,1.0
2024-01-14,PASS,3,300.0,3,0.0,0.0,0.0
2024-01-14,SIM,5,5000.0,1,0.0,0.0,0.0
2024-01-14,SUPERVISION,7,35000.0,3,1.0,5000.0,-1.0
2024-01-15,PASS,3,300.0,3,0.0,0.0,0.0
2024-01-15,SIM,5,5000.0,1,0.0,0.0,0.0
2024-01-15,SUPERVISION,7,35000.0,3,0.0,0.0,0.0
2024-01-16,PASS,3,300.0,3,0.0,0.0,0.0
2024-01-16,SIM,5,5000.0,2,0.0,0.0,1.0
2024-01-16,SUPERVISION,6,30000.0,3,-1.0,-5000.0,0.0
2024-01-17,PASS,4,400.0,2,1.0,100.0,-1.0
2024-01-17,SIM,5,5000.0,2,0.0,0.0,0.0
2024-01-17,SUPERVISION,6,30000.0,4,0.0,0.0,1.0
2024-01-18,PASS,4,400.0,2,0.0,0.0,0.0
2024-01-18,SIM,5,5000.0,2,0.0,0.0,0.0
2024-01-18,SUPERVISION,6,30000.0,4,0.0,0.0,0.0
2024-01-19,PASS,4,400.0,2,0.0,0.0,0.0
2024-01-19,SIM,6,6000.0,2,1.0,1000.0,0.0
2024-01-19,SUPERVISION,6,30000.0,3,0.0,0.0,-1.0
2024-01-20,PASS,7,700.0,2,3.0,300.0,0.0
2024-01-20,SIM,3,3000.0,2,-3.0,-3000.0,0.0
2024-01-20,SUPERVISION,8,40000.0,1,2.0,10000.0,-2.0
2024-01-21,PASS,7,700.0,2,0.0,0.0,0.0
2024-01-21,SIM,5,5000.0,1,2.0,2000.0,-1.0
2024-01-21,SUPERVISION,5,25000.0,3,-3.0,-15000.0,2.0
2024-01-22,PASS,7,700.0,2,0.0,0.0,0.0
2024-01-22,SIM,5,5000.0,1,0.0,0.0,0.0
2024-01-22,SUPERVISION,6,30000.0,2,1.0,5000.0,-1.0
2024-01-23,PASS,6,600.0,2,-1.0,-100.0,0.0
2024-01-23,SIM,5,5000.0,2,0.0,0.0,1.0
2024-01-23,SUPERVISION,6,30000.0,2,0.0,0.0,0.0
2024-01-24,PASS,7,700.0,1,1.0,100.0,-1.0
2024-01-24,SIM,4,4000.0,1,-1.0,-1000.0,-1.0
2024-01-24,SUPERVISION,6,30000.0,4,0.0,0.0,2.0
2024-01-25,PASS,6,600.0,2,-1.0,-100.0,1.0
2024-01-25,SIM,4,4000.0,1,0.0,0.0,0.0
2024-01-25,SUPERVISION,6,30000.0,4,0.0,0.0,0.0
2024-01-26,PASS,6,600.0,2,0.0,0.0,0.0
2024-01-26,SIM,4,4000.0,1,0.0,0.0,0.0
2024-01-26,SUPERVISION,6,30000.0,4,0.0,0.0,0.0
2024-01-27,PASS,6,600.0,1,0.0,0.0,-1.0
2024-01-27,SIM,3,3000.0,1,-1.0,-1000.0,0.0
2024-01-27,SUPERVISION,8,40000.0,4,2.0,10000.0,0.0
2024-01-28,PASS,7,700.0,2,1.0,100.0,1.0
2024-01-28,SIM,4,4000.0,1,1.0,1000.0,0.0
2024-01-28,SUPERVISION,7,35000.0,3,-1.0,-5000.0,-1.0
2024-01-29,PASS,7,700.0,1,0.0,0.0,-1.0
2024-01-29,SIM,3,3000.0,1,-1.0,-1000.0,0.0
2024-01-29,SUPERVISION,8,40000.0,4,1.0,5000.0,1.0
2024-01-30,PASS,9,900.0,1,2.0,200.0,0.0
2024-01-30,SIM,3,3000.0,1,0.0,0.0,0.0
2024-01-30,SUPERVISION,5,25000.0,6,-3.0,-15000.0,2.0
2024-01-31,PASS,9,900.0,1,0.0,0.0,0.0
2024-01-31,SIM,5,5000.0,1,2.0,2000.0,0.0
2024-01-31,SUPERVISION,6,30000.0,4,1.0,5000.0,-2.0
2024-02-01,PASS,9,900.0,1,0.0,0.0,0.0
2024-02-01,SIM,4,4000.0,2,-1.0,-1000.0,1.0
2024-02-01,SUPERVISION,7,35000.0,3,1.0,5000.0,-1.0
2024-02-02,PASS,9,900.0,0,0.0,0.0,-1.0
2024-02-02,SIM,5,5000.0,1,1.0,1000.0,-1.0
2024-02-02,SUPERVISION,7,35000.0,4,0.0,0.0,1.0
2024-02-03,PASS,9,900.0,0,0.0,0.0,0.0
2024-02-03,SIM,5,5000.0,1,0.0,0.0,0.0
2024-02-03,SUPERVISION,7,35000.0,4,0.0,0.0,0.0
2024-02-04,PASS,10,1000.0,1,1.0,100.0,1.0
2024-02-04,SIM,5,5000.0,1,0.0,0.0,0.0
2024-02-04,SUPERVISION,7,35000.0,3,0.0,0.0,-1.0
2024-02-05,PASS,10,1000.0,1,0.0,0.0,0.0
2024-02-05,SIM,5,5000.0,1,0.0,0.0,0.0
2024-02-05,SUPERVISION,7,35000.0,4,0.0,0.0,1.0
2024-02-06,PASS,9,900.0,1,-1.0,-100.0,0.0
2024-02-06,SIM,5,5000.0,1,0.0,0.0,0.0
2024-02-06,SUPERVISION,8,40000.0,4,1.0,5000.0,0.0
2024-02-07,PASS,9,900.0,2,0.0,0.0,1.0
2024-02-07,SIM,5,5000.0,1,0.0,0.0,0.0
2024-02-07,SUPERVISION,8,40000.0,3,0.0,0.0,-1.0
2024-02-08,PASS,9,900.0,2,0.0,0.0,0.0
2024-02-08,SIM,5,5000.0,1,0.0,0.0,0.0
2024-02-08,SUPERVISION,8,40000.0,3,0.0,0.0,0.0
2024-02-09,PASS,8,800.0,2,-1.0,-100.0,0.0
2024-02-09,SIM,4,4000.0,1,-1.0,-1000.0,0.0
2024-02-09,SUPERVISION,10,50000.0,3,2.0,10000.0,0.0
2024-02-10,PASS,8,800.0,2,0.0,0.0,0.0
2024-02-10,SIM,5,5000.0,1,1.0,1000.0,0.0
2024-02-10,SUPERVISION,8,40000.0,4,-2.0,-10000.0,1.0
2024-02-11,PASS,7,700.0,2,-1.0,-100.0,0.0
2024-02-11,SIM,4,4000.0,1,-1.0,-1000.0,0.0
2024-02-11,SUPERVISION,9,45000.0,5,1.0,5000.0,1.0
2024-02-12,PASS,7,700.0,2,0.0,0.0,0.0
2024-02-12,SIM,4,4000.0,2,0.0,0.0,1.0
2024-02-12,SUPERVISION,8,40000.0,5,-1.0,-5000.0,0.0
2024-02-13,PASS,7,700.0,3,0.0,0.0,1.0
2024-02-13,SIM,4,4000.0,2,0.0,0.0,0.0
2024-02-13,SUPERVISION,8,40000.0,4,0.0,0.0,-1.0
2024-02-14,PASS,7,700.0,4,0.0,0.0,1.0
2024-02-14,SIM,4,4000.0,1,0.0,0.0,-1.0
2024-02-14,SUPERVISION,8,40000.0,4,0.0,0.0,0.0
2024-02-15,PASS,7,700.0,3,0.0,0.0,-1.0
2024-02-15,SIM,4,4000.0,1,0.0,0.0,0.0
2024-02-15,SUPERVISION,9,45000.0,4,1.0,5000.0,0.0
2024-02-16,PASS,7,700.0,3,0.0,0.0,0.0
2024-02-16,SIM,4,4000.0,1,0.0,0.0,0.0
2024-02-16,SUPERVISION,8,40000.0,5,-1.0,-5000.0,1.0
2024-02-17,PASS,7,700.0,2,0.0,0.0,-1.0
2024-02-17,SIM,4,4000.0,1,0.0,0.0,0.0
2024-02-17,SUPERVISION,9,45000.0,5,1.0,5000.0,0.0
2024-02-18,PASS,8,800.0,2,1.0,100.0,0.0
2024-02-18,SIM,4,4000.0,1,0.0,0.0,0.0
2024-02-18,SUPERVISION,7,35000.0,6,-2.0,-10000.0,1.0
2024-02-19,PASS,7,700.0,2,-1.0,-100.0,0.0
2024-02-19,SIM,5,5000.0,3,1.0,1000.0,2.0
2024-02-19,SUPERVISION,8,40000.0,4,1.0,5000.0,-2.0
2024-02-20,PASS,7,700.0,2,0.0,0.0,0.0
2024-02-20,SIM,6,6000.0,2,1.0,1000.0,-1.0
2024-02-20,SUPERVISION,7,35000.0,5,-1.0,-5000.0,1.0
2024-02-21,PASS,8,800.0,1,1.0,100.0,-1.0
2024-02-21,SIM,5,5000.0,3,-1.0,-1000.0,1.0
2024-02-21,SUPERVISION,7,35000.0,5,0.0,0.0,0.0
2024-02-22,PASS,9,900.0,1,1.0,100.0,0.0
2024-02-22,SIM,5,5000.0,4,0.0,0.0,1.0
2024-02-22,SUPERVISION,7,35000.0,4,0.0,0.0,-1.0
2024-02-23,PASS,8,800.0,2,-1.0,-100.0,1.0
2024-02-23,SIM,6,6000.0,2,1.0,1000.0,-2.0
2024-02-23,SUPERVISION,8,40000.0,4,1.0,5000.0,0.0
2024-02-24,PASS,8,800.0,2,0.0,0.0,0.0
2024-02-24,SIM,5,5000.0,2,-1.0,-1000.0,0.0
2024-02-24,SUPERVISION,9,45000.0,4,1.0,5000.0,0.0
2024-02-25,PASS,9,900.0,1,1.0,100.0,-1.0
2024-02-25,SIM,5,5000.0,2,0.0,0.0,0.0
2024-02-25,SUPERVISION,9,45000.0,5,0.0,0.0,1.0
2024-02-26,PASS,9,900.0,1,0.0,0.0,0.0
2024-02-26,SIM,7,7000.0,2,2.0,2000.0,0.0
2024-02-26,SUPERVISION,8,40000.0,4,-1.0,-5000.0,-1.0
2024-02-27,PASS,11,1100.0,1,2.0,200.0,0.0
2024-02-27,SIM,6,6000.0,3,-1.0,-1000.0,1.0
2024-02-27,SUPERVISION,8,40000.0,4,0.0,0.0,0.0
2024-02-28,PASS,11,1100.0,1,0.0,0.0,0.0
2024-02-28,SIM,6,6000.0,4,0.0,0.0,1.0
2024-02-28,SUPERVISION,8,40000.0,3,0.0,0.0,-1.0
2024-02-29,PASS,11,1100.0,2,0.0,0.0,1.0
2024-02-29,SIM,5,5000.0,3,-1.0,-1000.0,-1.0
2024-02-29,SUPERVISION,8,40000.0,4,0.0,0.0,1.0
2024-03-01,PASS,12,1200.0,1,1.0,100.0,-1.0
2024-03-01,SIM,5,5000.0,3,0.0,0.0,0.0
2024-03-01,SUPERVISION,8,40000.0,4,0.0,0.0,0.0
2024-03-02,PASS,13,1300.0,1,1.0,100.0,0.0
2024-03-02,SIM,5,5000.0,2,0.0,0.0,-1.0
2024-03-02,SUPERVISION,8,40000.0,4,0.0,0.0,0.0
2024-03-03,PASS,11,1100.0,1,-2.0,-200.0,0.0
2024-03-03,SIM,6,6000.0,3,1.0,1000.0,1.0
2024-03-03,SUPERVISION,9,45000.0,3,1.0,5000.0,-1.0
2024-03-04,PASS,11,1100.0,1,0.0,0.0,0.0
2024-03-04,SIM,6,6000.0,3,0.0,0.0,0.0
2024-03-04,SUPERVISION,10,50000.0,3,1.0,5000.0,0.0
2024-03-05,PASS,11,1100.0,1,0.0,0.0,0.0
2024-03-05,SIM,6,6000.0,4,0.0,0.0,1.0
2024-03-05,SUPERVISION,10,50000.0,2,0.0,0.0,-1.0
2024-03-06,PASS,13,1300.0,1,2.0,200.0,0.0
2024-03-06,SIM,6,6000.0,3,0.0,0.0,-1.0
2024-03-06,SUPERVISION,10,50000.0,3,0.0,0.0,1.0
2024-03-07,PASS,12,1200.0,1,-1.0,-100.0,0.0
2024-03-07,SIM,6,6000.0,3,0.0,0.0,0.0
2024-03-07,SUPERVISION,11,55000.0,3,1.0,5000.0,0.0
2024-03-08,PASS,12,1200.0,1,0.0,0.0,0.0
2024-03-08,SIM,5,5000.0,3,-1.0,-1000.0,0.0
2024-03-08,SUPERVISION,13,65000.0,2,2.0,10000.0,-1.0
2024-03-09,PASS,12,1200.0,1,0.0,0.0,0.0
2024-03-09,SIM,5,5000.0,3,0.0,0.0,0.0
2024-03-09,SUPERVISION,12,60000.0,3,-1.0,-5000.0,1.0
2024-03-10,PASS,12,1200.0,1,0.0,0.0,0.0
2024-03-10,SIM,5,5000.0,3,0.0,0.0,0.0
2024-03-10,SUPERVISION,13,65000.0,2,1.0,5000.0,-1.0
2024-03-11,PASS,12,1200.0,1,0.0,0.0,0.0
2024-03-11,SIM,6,6000.0,3,1.0,1000.0,0.0
2024-03-11,SUPERVISION,12,60000.0,2,-1.0,-5000.0,0.0
2024-03-12,PASS,11,1100.0,1,-1.0,-100.0,0.0
2024-03-12,SIM,5,5000.0,3,-1.0,-1000.0,0.0
2024-03-12,SUPERVISION,12,60000.0,4,0.0,0.0,2.0
2024-03-13,PASS,11,1100.0,1,0.0,0.0,0.0
2024-03-13,SIM,5,5000.0,3,0.0,0.0,0.0
2024-03-13,SUPERVISION,12,60000.0,4,0.0,0.0,0.0
2024-03-14,PASS,11,1100.0,1,0.0,0.0,0.0
2024-03-14,SIM,5,5000.0,3,0.0,0.0,0.0
2024-03-14,SUPERVISION,11,55000.0,5,-1.0,-5000.0,1.0
2024-03-15,PASS,11,1100.0,1,0.0,0.0,0.0
2024-03-15,SIM,6,6000.0,2,1.0,1000.0,-1.0
2024-03-15,SUPERVISION,11,55000.0,5,0.0,0.0,0.0
2024-03-16,PASS,12,1200.0,1,1.0,100.0,0.0
2024-03-16,SIM,5,5000.0,3,-1.0,-1000.0,1.0
2024-03-16,SUPERVISION,11,55000.0,4,0.0,0.0,-1.0
2024-03-17,PASS,11,1100.0,2,-1.0,-100.0,1.0
2024-03-17,SIM,5,5000.0,3,0.0,0.0,0.0
2024-03-17,SUPERVISION,12,60000.0,3,1.0,5000.0,-1.0
2024-03-18,PASS,11,1100.0,2,0.0,0.0,0.0
2024-03-18,SIM,5,5000.0,1,0.0,0.0,-2.0
2024-03-18,SUPERVISION,11,55000.0,6,-1.0,-5000.0,3.0
2024-03-19,PASS,12,1200.0,1,1.0,100.0,-1.0
2024-03-19,SIM,5,5000.0,1,0.0,0.0,0.0
2024-03-19,SUPERVISION,11,55000.0,6,0.0,0.0,0.0
2024-03-20,PASS,11,1100.0,1,-1.0,-100.0,0.0
2024-03-20,SIM,5,5000.0,1,0.0,0.0,0.0
2024-03-20,SUPERVISION,12,60000.0,6,1.0,5000.0,0.0
2024-03-21,PASS,12,1200.0,2,1.0,100.0,1.0
2024-03-21,SIM,5,5000.0,2,0.0,0.0,1.0
2024-03-21,SUPERVISION,11,55000.0,4,-1.0,-5000.0,-2.0
2024-03-22,PASS,13,1300.0,1,1.0,100.0,-1.0
2024-03-22,SIM,5,5000.0,2,0.0,0.0,0.0
2024-03-22,SUPERVISION,10,50000.0,5,-1.0,-5000.0,1.0
2024-03-23,PASS,13,1300.0,1,0.0,0.0,0.0
2024-03-23,SIM,6,6000.0,2,1.0,1000.0,0.0
2024-03-23,SUPERVISION,10,50000.0,4,0.0,0.0,-1.0
2024-03-24,PASS,14,1400.0,1,1.0,100.0,0.0
2024-03-24,SIM,6,6000.0,2,0.0,0.0,0.0
2024-03-24,SUPERVISION,9,45000.0,4,-1.0,-5000.0,0.0
2024-03-25,PASS,12,1200.0,1,-2.0,-200.0,0.0
2024-03-25,SIM,7,7000.0,2,1.0,1000.0,0.0
2024-03-25,SUPERVISION,10,50000.0,4,1.0,5000.0,0.0
2024-03-26,PASS,13,1300.0,1,1.0,100.0,0.0
2024-03-26,SIM,8,8000.0,2,1.0,1000.0,0.0
2024-03-26,SUPERVISION,7,35000.0,5,-3.0,-15000.0,1.0
2024-03-27,PASS,13,1300.0,1,0.0,0.0,0.0
2024-03-27,SIM,7,7000.0,3,-1.0,-1000.0,1.0
2024-03-27,SUPERVISION,7,35000.0,5,0.0,0.0,0.0
2024-03-28,PASS,12,1200.0,1,-1.0,-100.0,0.0
2024-03-28,SIM,5,5000.0,3,-2.0,-2000.0,0.0
2024-03-28,SUPERVISION,11,55000.0,4,4.0,20000.0,-1.0
2024-03-29,PASS,12,1200.0,1,0.0,0.0,0.0
2024-03-29,SIM,6,6000.0,2,1.0,1000.0,-1.0
2024-03-29,SUPERVISION,10,50000.0,5,-1.0,-5000.0,1.0
2024-03-30,PASS,12,1200.0,2,0.0,0.0,1.0
2024-03-30,SIM,6,6000.0,2,0.0,0.0,0.0
2024-03-30,SUPERVISION,10,50000.0,4,0.0,0.0,-1.0
2024-03-31,PASS,12,1200.0,1,0.0,0.0,-1.0
2024-03-31,SIM,6,6000.0,2,0.0,0.0,0.0
2024-03-31,SUPERVISION,12,60000.0,3,2.0,10000.0,-1.0
2024-04-01,PASS,12,1200.0,0,0.0,0.0,-1.0
2024-04-01,SIM,7,7000.0,2,1.0,1000.0,0.0
2024-04-01,SUPERVISION,11,55000.0,4,-1.0,-5000.0,1.0
2024-04-02,PASS,12,1200.0,0,0.0,0.0,0.0
2024-04-02,SIM,7,7000.0,2,0.0,0.0,0.0
2024-04-02,SUPERVISION,10,50000.0,5,-1.0,-5000.0,1.0
2024-04-03,PASS,13,1300.0,0,1.0,100.0,0.0
2024-04-03,SIM,7,7000.0,2,0.0,0.0,0.0
2024-04-03,SUPERVISION,10,50000.0,4,0.0,0.0,-1.0
2024-04-04,PASS,12,1200.0,0,-1.0,-100.0,0.0
2024-04-04,SIM,7,7000.0,2,0.0,0.0,0.0
2024-04-04,SUPERVISION,9,45000.0,6,-1.0,-5000.0,2.0
2024-04-05,PASS,12,1200.0,0,0.0,0.0,0.0
2024-04-05,SIM,7,7000.0,3,0.0,0.0,1.0
2024-04-05,SUPERVISION,10,50000.0,4,1.0,5000.0,-2.0
2024-04-06,PASS,13,1300.0,0,1.0,100.0,0.0
2024-04-06,SIM,6,6000.0,3,-1.0,-1000.0,0.0
2024-04-06,SUPERVISION,9,45000.0,5,-1.0,-5000.0,1.0
2024-04-07,PASS,13,1300.0,0,0.0,0.0,0.0
2024-04-07,SIM,6,6000.0,4,0.0,0.0,1.0
2024-04-07,SUPERVISION,8,40000.0,5,-1.0,-5000.0,0.0
2024-04-08,PASS,12,1200.0,0,-1.0,-100.0,0.0
2024-04-08,SIM,6,6000.0,3,0.0,0.0,-1.0
2024-04-08,SUPERVISION,9,45000.0,6,1.0,5000.0,1.0
2024-04-09,PASS,12,1200.0,0,0.0,0.0,0.0
2024-04-09,SIM,6,6000.0,4,0.0,0.0,1.0
2024-04-09,SUPERVISION,9,45000.0,5,0.0,0.0,-1.0
2024-04-10,PASS,12,1200.0,0,0.0,0.0,0.0
2024-04-10,SIM,6,6000.0,4,0.0,0.0,0.0
2024-04-10,SUPERVISION,10,50000.0,4,1.0,5000.0,-1.0
2024-04-11,PASS,12,1200.0,0,0.0,0.0,0.0
2024-04-11,SIM,6,6000.0,3,0.0,0.0,-1.0
2024-04-11,SUPERVISION,8,40000.0,7,-2.0,-10000.0,3.0
2024-04-12,PASS,13,1300.0,2,1.0,100.0,2.0
2024-04-12,SIM,5,5000.0,4,-1.0,-1000.0,1.0
2024-04-12,SUPERVISION,7,35000.0,5,-1.0,-5000.0,-2.0
2024-04-13,PASS,14,1400.0,0,1.0,100.0,-2.0
2024-04-13,SIM,5,5000.0,3,0.0,0.0,-1.0
2024-04-13,SUPERVISION,8,40000.0,6,1.0,5000.0,1.0
2024-04-14,PASS,14,1400.0,1,0.0,0.0,1.0
2024-04-14,SIM,5,5000.0,3,0.0,0.0,0.0
2024-04-14,SUPERVISION,7,35000.0,6,-1.0,-5000.0,0.0
2024-04-15,PASS,14,1400.0,0,0.0,0.0,-1.0
2024-04-15,SIM,5,5000.0,3,0.0,0.0,0.0
2024-04-15,SUPERVISION,7,35000.0,7,0.0,0.0,1.0
2024-04-16,PASS,13,1300.0,0,-1.0,-100.0,0.0
2024-04-16,SIM,5,5000.0,3,0.0,0.0,0.0
2024-04-16,SUPERVISION,8,40000.0,7,1.0,5000.0,0.0
2024-04-17,PASS,13,1300.0,0,0.0,0.0,0.0
2024-04-17,SIM,5,5000.0,3,0.0,0.0,0.0
2024-04-17,SUPERVISION,9,45000.0,6,1.0,5000.0,-1.0
2024-04-18,PASS,13,1300.0,0,0.0,0.0,0.0
2024-04-18,SIM,5,5000.0,3,0.0,0.0,0.0
2024-04-18,SUPERVISION,8,40000.0,7,-1.0,-5000.0,1.0
2024-04-19,PASS,13,1300.0,0,0.0,0.0,0.0
2024-04-19,SIM,5,5000.0,3,0.0,0.0,0.0
2024-04-19,SUPERVISION,9,45000.0,6,1.0,5000.0,-1.0
2024-04-20,PASS,13,1300.0,0,0.0,0.0,0.0
2024-04-20,SIM,6,6000.0,3,1.0,1000.0,0.0
2024-04-20,SUPERVISION,9,45000.0,5,0.0,0.0,-1.0
2024-04-21,PASS,13,1300.0,0,0.0,0.0,0.0
2024-04-21,SIM,5,5000.0,3,-1.0,-1000.0,0.0
2024-04-21,SUPERVISION,9,45000.0,6,0.0,0.0,1.0
2024-04-22,PASS,12,1200.0,0,-1.0,-100.0,0.0
2024-04-22,SIM,4,4000.0,3,-1.0,-1000.0,0.0
2024-04-22,SUPERVISION,11,55000.0,6,2.0,10000.0,0.0
2024-04-23,PASS,11,1100.0,1,-1.0,-100.0,1.0
2024-04-23,SIM,4,4000.0,4,0.0,0.0,1.0
2024-04-23,SUPERVISION,10,50000.0,6,-1.0,-5000.0,0.0
2024-04-24,PASS,11,1100.0,1,0.0,0.0,0.0
2024-04-24,SIM,4,4000.0,3,0.0,0.0,-1.0
2024-04-24,SUPERVISION,9,45000.0,8,-1.0,-5000.0,2.0
2024-04-25,PASS,11,1100.0,1,0.0,0.0,0.0
2024-04-25,SIM,5,5000.0,3,1.0,1000.0,0.0
2024-04-25,SUPERVISION,10,50000.0,6,1.0,5000.0,-2.0
2024-04-26,PASS,11,1100.0,1,0.0,0.0,0.0
2024-04-26,SIM,5,5000.0,2,0.0,0.0,-1.0
2024-04-26,SUPERVISION,12,60000.0,5,2.0,10000.0,-1.0
2024-04-27,PASS,11,1100.0,1,0.0,0.0,0.0
2024-04-27,SIM,5,5000.0,2,0.0,0.0,0.0
2024-04-27,SUPERVISION,12,60000.0,5,0.0,0.0,0.0
2024-04-28,PASS,11,1100.0,1,0.0,0.0,0.0
2024-04-28,SIM,5,5000.0,2,0.0,0.0,0.0
2024-04-28,SUPERVISION,11,55000.0,6,-1.0,-5000.0,1.0
2024-04-29,PASS,11,1100.0,1,0.0,0.0,0.0
2024-04-29,SIM,5,5000.0,3,0.0,0.0,1.0
2024-04-29,SUPERVISION,11,55000.0,5,0.0,0.0,-1.0
2024-04-30,PASS,10,1000.0,1,-1.0,-100.0,0.0
2024-04-30,SIM,6,6000.0,3,1.0,1000.0,0.0
2024-04-30,SUPERVISION,12,60000.0,4,1.0,5000.0,-1.0
2024-05-01,PASS,13,1300.0,1,3.0,300.0,0.0
2024-05-01,SIM,6,6000.0,3,0.0,0.0,0.0
2024-05-01,SUPERVISION,10,50000.0,4,-2.0,-10000.0,0.0
2024-05-02,PASS,13,1300.0,1,0.0,0.0,0.0
2024-05-02,SIM,3,3000.0,4,-3.0,-3000.0,1.0
2024-05-02,SUPERVISION,11,55000.0,5,1.0,5000.0,1.0
2024-05-03,PASS,13,1300.0,1,0.0,0.0,0.0
2024-05-03,SIM,3,3000.0,4,0.0,0.0,0.0
2024-05-03,SUPERVISION,12,60000.0,4,1.0,5000.0,-1.0
2024-05-04,PASS,13,1300.0,1,0.0,0.0,0.0
2024-05-04,SIM,4,4000.0,4,1.0,1000.0,0.0
2024-05-04,SUPERVISION,12,60000.0,3,0.0,0.0,-1.0
2024-05-05,PASS,13,1300.0,1,0.0,0.0,0.0
2024-05-05,SIM,5,5000.0,3,1.0,1000.0,-1.0
2024-05-05,SUPERVISION,11,55000.0,4,-1.0,-5000.0,1.0
2024-05-06,PASS,13,1300.0,1,0.0,0.0,0.0
2024-05-06,SIM,5,5000.0,3,0.0,0.0,0.0
2024-05-06,SUPERVISION,11,55000.0,4,0.0,0.0,0.0
2024-05-07,PASS,12,1200.0,1,-1.0,-100.0,0.0
2024-05-07,SIM,5,5000.0,3,0.0,0.0,0.0
2024-05-07,SUPERVISION,12,60000.0,4,1.0,5000.0,0.0
2024-05-08,PASS,11,1100.0,1,-1.0,-100.0,0.0
2024-05-08,SIM,5,5000.0,3,0.0,0.0,0.0
2024-05-08,SUPERVISION,12,60000.0,5,0.0,0.0,1.0
2024-05-09,PASS,11,1100.0,1,0.0,0.0,0.0
2024-05-09,SIM,5,5000.0,5,0.0,0.0,2.0
2024-05-09,SUPERVISION,12,60000.0,3,0.0,0.0,-2.0
2024-05-10,PASS,12,1200.0,1,1.0,100.0,0.0
2024-05-10,SIM,5,5000.0,3,0.0,0.0,-2.0
2024-05-10,SUPERVISION,13,65000.0,3,1.0,5000.0,0.0
2024-05-11,PASS,13,1300.0,1,1.0,100.0,0.0
2024-05-11,SIM,4,4000.0,3,-1.0,-1000.0,0.0
2024-05-11,SUPERVISION,12,60000.0,4,-1.0,-5000.0,1.0
2024-05-12,PASS,12,1200.0,2,-1.0,-100.0,1.0
2024-05-12,SIM,5,5000.0,3,1.0,1000.0,0.0
2024-05-12,SUPERVISION,11,55000.0,4,-1.0,-5000.0,0.0
2024-05-13,PASS,13,1300.0,1,1.0,100.0,-1.0
2024-05-13,SIM,5,5000.0,3,0.0,0.0,0.0
2024-05-13,SUPERVISION,11,55000.0,4,0.0,0.0,0.0
2024-05-14,PASS,13,1300.0,1,0.0,0.0,0.0
2024-05-14,SIM,4,4000.0,4,-1.0,-1000.0,1.0
2024-05-14,SUPERVISION,11,55000.0,4,0.0,0.0,0.0
2024-05-15,PASS,13,1300.0,1,0.0,0.0,0.0
2024-05-15,SIM,4,4000.0,5,0.0,0.0,1.0
2024-05-15,SUPERVISION,11,55000.0,3,0.0,0.0,-1.0
2024-05-16,PASS,14,1400.0,2,1.0,100.0,1.0
2024-05-16,SIM,4,4000.0,3,0.0,0.0,-2.0
2024-05-16,SUPERVISION,12,60000.0,3,1.0,5000.0,0.0
2024-05-17,PASS,13,1300.0,1,-1.0,-100.0,-1.0
2024-05-17,SIM,3,3000.0,3,-1.0,-1000.0,0.0
2024-05-17,SUPERVISION,13,65000.0,5,1.0,5000.0,2.0
2024-05-18,PASS,13,1300.0,2,0.0,0.0,1.0
2024-05-18,SIM,3,3000.0,3,0.0,0.0,0.0
2024-05-18,SUPERVISION,14,70000.0,3,1.0,5000.0,-2.0
2024-05-19,PASS,13,1300.0,1,0.0,0.0,-1.0
2024-05-19,SIM,4,4000.0,3,1.0,1000.0,0.0
2024-05-19,SUPERVISION,14,70000.0,3,0.0,0.0,0.0
2024-05-20,PASS,13,1300.0,1,0.0,0.0,0.0
2024-05-20,SIM,3,3000.0,4,-1.0,-1000.0,1.0
2024-05-20,SUPERVISION,14,70000.0,3,0.0,0.0,0.0
2024-05-21,PASS,13,1300.0,1,0.0,0.0,0.0
2024-05-21,SIM,4,4000.0,4,1.0,1000.0,0.0
2024-05-21,SUPERVISION,13,65000.0,3,-1.0,-5000.0,0.0
2024-05-22,PASS,13,1300.0,1,0.0,0.0,0.0
2024-05-22,SIM,3,3000.0,4,-1.0,-1000.0,0.0
2024-05-22,SUPERVISION,14,70000.0,3,1.0,5000.0,0.0
2024-05-23,PASS,12,1200.0,1,-1.0,-100.0,0.0
2024-05-23,SIM,4,4000.0,3,1.0,1000.0,-1.0
2024-05-23,SUPERVISION,14,70000.0,4,0.0,0.0,1.0
2024-05-24,PASS,12,1200.0,2,0.0,0.0,1.0
2024-05-24,SIM,3,3000.0,3,-1.0,-1000.0,0.0
2024-05-24,SUPERVISION,14,70000.0,4,0.0,0.0,0.0
2024-05-25,PASS,13,1300.0,1,1.0,100.0,-1.0
2024-05-25,SIM,5,5000.0,3,2.0,2000.0,0.0
2024-05-25,SUPERVISION,12,60000.0,4,-2.0,-10000.0,0.0
2024-05-26,PASS,13,1300.0,1,0.0,0.0,0.0
2024-05-26,SIM,5,5000.0,3,0.0,0.0,0.0
2024-05-26,SUPERVISION,12,60000.0,4,0.0,0.0,0.0
2024-05-27,PASS,15,1500.0,1,2.0,200.0,0.0
2024-05-27,SIM,4,4000.0,3,-1.0,-1000.0,0.0
2024-05-27,SUPERVISION,11,55000.0,4,-1.0,-5000.0,0.0
2024-05-28,PASS,14,1400.0,1,-1.0,-100.0,0.0
2024-05-28,SIM,4,4000.0,3,0.0,0.0,0.0
2024-05-28,SUPERVISION,11,55000.0,5,0.0,0.0,1.0
2024-05-29,PASS,12,1200.0,1,-2.0,-200.0,0.0
2024-05-29,SIM,5,5000.0,3,1.0,1000.0,0.0
2024-05-29,SUPERVISION,13,65000.0,4,2.0,10000.0,-1.0
2024-05-30,PASS,12,1200.0,1,0.0,0.0,0.0
2024-05-30,SIM,4,4000.0,3,-1.0,-1000.0,0.0
2024-05-30,SUPERVISION,11,55000.0,7,-2.0,-10000.0,3.0
2024-05-31,PASS,12,1200.0,1,0.0,0.0,0.0
2024-05-31,SIM,5,5000.0,3,1.0,1000.0,0.0
2024-05-31,SUPERVISION,10,50000.0,7,-1.0,-5000.0,0.0
2024-06-01,PASS,11,1100.0,1,-1.0,-100.0,0.0
2024-06-01,SIM,5,5000.0,2,0.0,0.0,-1.0
2024-06-01,SUPERVISION,10,50000.0,9,0.0,0.0,2.0
2024-06-02,PASS,11,1100.0,1,0.0,0.0,0.0
2024-06-02,SIM,4,4000.0,2,-1.0,-1000.0,0.0
2024-06-02,SUPERVISION,12,60000.0,8,2.0,10000.0,-1.0
2024-06-03,PASS,11,1100.0,1,0.0,0.0,0.0
2024-06-03,SIM,4,4000.0,4,0.0,0.0,2.0
2024-06-03,SUPERVISION,11,55000.0,7,-1.0,-5000.0,-1.0
2024-06-04,PASS,11,1100.0,1,0.0,0.0,0.0
2024-06-04,SIM,6,6000.0,3,2.0,2000.0,-1.0
2024-06-04,SUPERVISION,10,50000.0,7,-1.0,-5000.0,0.0
2024-06-05,PASS,11,1100.0,1,0.0,0.0,0.0
2024-06-05,SIM,6,6000.0,2,0.0,0.0,-1.0
2024-06-05,SUPERVISION,10,50000.0,8,0.0,0.0,1.0
2024-06-06,PASS,12,1200.0,1,1.0,100.0,0.0
2024-06-06,SIM,3,3000.0,4,-3.0,-3000.0,2.0
2024-06-06,SUPERVISION,11,55000.0,7,1.0,5000.0,-1.0
2024-06-07,PASS,11,1100.0,1,-1.0,-100.0,0.0
2024-06-07,SIM,3,3000.0,3,0.0,0.0,-1.0
2024-06-07,SUPERVISION,12,60000.0,8,1.0,5000.0,1.0
2024-06-08,PASS,11,1100.0,1,0.0,0.0,0.0
2024-06-08,SIM,3,3000.0,3,0.0,0.0,0.0
2024-06-08,SUPERVISION,13,65000.0,7,1.0,5000.0,-1.0
2024-06-09,PASS,10,1000.0,2,-1.0,-100.0,1.0
2024-06-09,SIM,4,4000.0,3,1.0,1000.0,0.0
2024-06-09,SUPERVISION,11,55000.0,8,-2.0,-10000.0,1.0
2024-06-10,PASS,10,1000.0,2,0.0,0.0,0.0
2024-06-10,SIM,4,4000.0,2,0.0,0.0,-1.0
2024-06-10,SUPERVISION,12,60000.0,8,1.0,5000.0,0.0
2024-06-11,PASS,10,1000.0,1,0.0,0.0,-1.0
2024-06-11,SIM,5,5000.0,2,1.0,1000.0,0.0
2024-06-11,SUPERVISION,11,55000.0,9,-1.0,-5000.0,1.0
2024-06-12,PASS,10,1000.0,2,0.0,0.0,1.0
2024-06-12,SIM,4,4000.0,3,-1.0,-1000.0,1.0
2024-06-12,SUPERVISION,12,60000.0,7,1.0,5000.0,-2.0
2024-06-13,PASS,10,1000.0,2,0.0,0.0,0.0
2024-06-13,SIM,4,4000.0,3,0.0,0.0,0.0
2024-06-13,SUPERVISION,12,60000.0,7,0.0,0.0,0.0
2024-06-14,PASS,10,1000.0,2,0.0,0.0,0.0
2024-06-14,SIM,4,4000.0,2,0.0,0.0,-1.0
2024-06-14,SUPERVISION,12,60000.0,8,0.0,0.0,1.0
2024-06-15,PASS,10,1000.0,2,0.0,0.0,0.0
2024-06-15,SIM,4,4000.0,2,0.0,0.0,0.0
2024-06-15,SUPERVISION,12,60000.0,8,0.0,0.0,0.0
2024-06-16,PASS,11,1100.0,2,1.0,100.0,0.0
2024-06-16,SIM,4,4000.0,3,0.0,0.0,1.0
2024-06-16,SUPERVISION,12,60000.0,6,0.0,0.0,-2.0
2024-06-17,PASS,10,1000.0,2,-1.0,-100.0,0.0
2024-06-17,SIM,4,4000.0,3,0.0,0.0,0.0
2024-06-17,SUPERVISION,13,65000.0,6,1.0,5000.0,0.0
2024-06-18,PASS,9,900.0,3,-1.0,-100.0,1.0
2024-06-18,SIM,4,4000.0,2,0.0,0.0,-1.0
2024-06-18,SUPERVISION,14,70000.0,6,1.0,5000.0,0.0
2024-06-19,PASS,8,800.0,2,-1.0,-100.0,-1.0
2024-06-19,SIM,5,5000.0,2,1.0,1000.0,0.0
2024-06-19,SUPERVISION,14,70000.0,7,0.0,0.0,1.0
2024-06-20,PASS,9,900.0,2,1.0,100.0,0.0
2024-06-20,SIM,4,4000.0,2,-1.0,-1000.0,0.0
2024-06-20,SUPERVISION,14,70000.0,7,0.0,0.0,0.0
2024-06-21,PASS,9,900.0,2,0.0,0.0,0.0
2024-06-21,SIM,4,4000.0,3,0.0,0.0,1.0
2024-06-21,SUPERVISION,13,65000.0,7,-1.0,-5000.0,0.0
2024-06-22,PASS,8,800.0,2,-1.0,-100.0,0.0
2024-06-22,SIM,4,4000.0,3,0.0,0.0,0.0
2024-06-22,SUPERVISION,14,70000.0,7,1.0,5000.0,0.0
2024-06-23,PASS,8,800.0,2,0.0,0.0,0.0
2024-06-23,SIM,6,6000.0,2,2.0,2000.0,-1.0
2024-06-23,SUPERVISION,13,65000.0,7,-1.0,-5000.0,0.0
2024-06-24,PASS,9,900.0,2,1.0,100.0,0.0
2024-06-24,SIM,5,5000.0,2,-1.0,-1000.0,0.0
2024-06-24,SUPERVISION,13,65000.0,7,0.0,0.0,0.0
2024-06-25,PASS,8,800.0,2,-1.0,-100.0,0.0
2024-06-25,SIM,3,3000.0,2,-2.0,-2000.0,0.0
2024-06-25,SUPERVISION,15,75000.0,8,2.0,10000.0,1.0
2024-06-26,PASS,9,900.0,2,1.0,100.0,0.0
2024-06-26,SIM,3,3000.0,2,0.0,0.0,0.0
2024-06-26,SUPERVISION,15,75000.0,7,0.0,0.0,-1.0
2024-06-27,PASS,8,800.0,2,-1.0,-100.0,0.0
2024-06-27,SIM,3,3000.0,3,0.0,0.0,1.0
2024-06-27,SUPERVISION,16,80000.0,6,1.0,5000.0,-1.0
2024-06-28,PASS,8,800.0,2,0.0,0.0,0.0
2024-06-28,SIM,3,3000.0,3,0.0,0.0,0.0
2024-06-28,SUPERVISION,16,80000.0,6,0.0,0.0,0.0
2024-06-29,PASS,8,800.0,2,0.0,0.0,0.0
2024-06-29,SIM,3,3000.0,3,0.0,0.0,0.0
2024-06-29,SUPERVISION,16,80000.0,6,0.0,0.0,0.0
2024-06-30,PASS,8,800.0,3,0.0,0.0,1.0
2024-06-30,SIM,3,3000.0,3,0.0,0.0,0.0
2024-06-30,SUPERVISION,15,75000.0,6,-1.0,-5000.0,0.0
2024-07-01,PASS,8,800.0,2,0.0,0.0,-1.0
2024-07-01,SIM,4,4000.0,4,1.0,1000.0,1.0
2024-07-01,SUPERVISION,14,70000.0,6,-1.0,-5000.0,0.0
2024-07-02,PASS,8,800.0,2,0.0,0.0,0.0
2024-07-02,SIM,4,4000.0,3,0.0,0.0,-1.0
2024-07-02,SUPERVISION,14,70000.0,7,0.0,0.0,1.0
2024-07-03,PASS,8,800.0,3,0.0,0.0,1.0
2024-07-03,SIM,5,5000.0,3,1.0,1000.0,0.0
2024-07-03,SUPERVISION,13,65000.0,6,-1.0,-5000.0,-1.0
2024-07-04,PASS,8,800.0,2,0.0,0.0,-1.0
2024-07-04,SIM,5,5000.0,3,0.0,0.0,0.0
2024-07-04,SUPERVISION,14,70000.0,6,1.0,5000.0,0.0
2024-07-05,PASS,8,800.0,3,0.0,0.0,1.0
2024-07-05,SIM,5,5000.0,3,0.0,0.0,0.0
2024-07-05,SUPERVISION,13,65000.0,6,-1.0,-5000.0,0.0
2024-07-06,PASS,8,800.0,1,0.0,0.0,-2.0
2024-07-06,SIM,5,5000.0,3,0.0,0.0,0.0
2024-07-06,SUPERVISION,14,70000.0,7,1.0,5000.0,1.0
2024-07-07,PASS,8,800.0,1,0.0,0.0,0.0
2024-07-07,SIM,5,5000.0,3,0.0,0.0,0.0
2024-07-07,SUPERVISION,15,75000.0,6,1.0,5000.0,-1.0
2024-07-08,PASS,8,800.0,1,0.0,0.0,0.0
2024-07-08,SIM,5,5000.0,4,0.0,0.0,1.0
2024-07-08,SUPERVISION,14,70000.0,6,-1.0,-5000.0,0.0
2024-07-09,PASS,8,800.0,2,0.0,0.0,1.0
2024-07-09,SIM,5,5000.0,3,0.0,0.0,-1.0
2024-07-09,SUPERVISION,14,70000.0,6,0.0,0.0,0.0
2024-07-10,PASS,8,800.0,1,0.0,0.0,-1.0
2024-07-10,SIM,5,5000.0,3,0.0,0.0,0.0
2024-07-10,SUPERVISION,14,70000.0,7,0.0,0.0,1.0
2024-07-11,PASS,8,800.0,1,0.0,0.0,0.0
2024-07-11,SIM,5,5000.0,3,0.0,0.0,0.0
2024-07-11,SUPERVISION,16,80000.0,5,2.0,10000.0,-2.0
2024-07-12,PASS,8,800.0,1,0.0,0.0,0.0
2024-07-12,SIM,5,5000.0,3,0.0,0.0,0.0
2024-07-12,SUPERVISION,15,75000.0,6,-1.0,-5000.0,1.0
2024-07-13,PASS,8,800.0,1,0.0,0.0,0.0
2024-07-13,SIM,5,5000.0,3,0.0,0.0,0.0
2024-07-13,SUPERVISION,16,80000.0,5,1.0,5000.0,-1.0
2024-07-14,PASS,10,1000.0,1,2.0,200.0,0.0
2024-07-14,SIM,5,5000.0,3,0.0,0.0,0.0
2024-07-14,SUPERVISION,14,70000.0,5,-2.0,-10000.0,0.0
2024-07-15,PASS,9,900.0,1,-1.0,-100.0,0.0
2024-07-15,SIM,4,4000.0,3,-1.0,-1000.0,0.0
2024-07-15,SUPERVISION,15,75000.0,6,1.0,5000.0,1.0
2024-07-16,PASS,10,1000.0,1,1.0,100.0,0.0
2024-07-16,SIM,4,4000.0,3,0.0,0.0,0.0
2024-07-16,SUPERVISION,14,70000.0,6,-1.0,-5000.0,0.0
2024-07-17,PASS,10,1000.0,1,0.0,0.0,0.0
2024-07-17,SIM,4,4000.0,4,0.0,0.0,1.0
2024-07-17,SUPERVISION,13,65000.0,6,-1.0,-5000.0,0.0
2024-07-18,PASS,10,1000.0,1,0.0,0.0,0.0
2024-07-18,SIM,4,4000.0,3,0.0,0.0,-1.0
2024-07-18,SUPERVISION,14,70000.0,6,1.0,5000.0,0.0
2024-07-19,PASS,10,1000.0,1,0.0,0.0,0.0
2024-07-19,SIM,5,5000.0,4,1.0,1000.0,1.0
2024-07-19,SUPERVISION,13,65000.0,5,-1.0,-5000.0,-1.0
2024-07-20,PASS,10,1000.0,1,0.0,0.0,0.0
2024-07-20,SIM,5,5000.0,3,0.0,0.0,-1.0
2024-07-20,SUPERVISION,14,70000.0,5,1.0,5000.0,0.0
2024-07-21,PASS,10,1000.0,1,0.0,0.0,0.0
2024-07-21,SIM,5,5000.0,3,0.0,0.0,0.0
2024-07-21,SUPERVISION,13,65000.0,6,-1.0,-5000.0,1.0
2024-07-22,PASS,11,1100.0,1,1.0,100.0,0.0
2024-07-22,SIM,5,5000.0,3,0.0,0.0,0.0
2024-07-22,SUPERVISION,14,70000.0,5,1.0,5000.0,-1.0
2024-07-23,PASS,12,1200.0,1,1.0,100.0,0.0
2024-07-23,SIM,5,5000.0,4,0.0,0.0,1.0
2024-07-23,SUPERVISION,12,60000.0,5,-2.0,-10000.0,0.0
2024-07-24,PASS,12,1200.0,1,0.0,0.0,0.0
2024-07-24,SIM,6,6000.0,3,1.0,1000.0,-1.0
2024-07-24,SUPERVISION,14,70000.0,4,2.0,10000.0,-1.0
2024-07-25,PASS,10,1000.0,1,-2.0,-200.0,0.0
2024-07-25,SIM,6,6000.0,4,0.0,0.0,1.0
2024-07-25,SUPERVISION,16,80000.0,3,2.0,10000.0,-1.0
2024-07-26,PASS,11,1100.0,1,1.0,100.0,0.0
2024-07-26,SIM,7,7000.0,4,1.0,1000.0,0.0
2024-07-26,SUPERVISION,13,65000.0,4,-3.0,-15000.0,1.0
2024-07-27,PASS,11,1100.0,1,0.0,0.0,0.0
2024-07-27,SIM,6,6000.0,4,-1.0,-1000.0,0.0
2024-07-27,SUPERVISION,13,65000.0,5,0.0,0.0,1.0
2024-07-28,PASS,11,1100.0,1,0.0,0.0,0.0
2024-07-28,SIM,6,6000.0,4,0.0,0.0,0.0
2024-07-28,SUPERVISION,14,70000.0,4,1.0,5000.0,-1.0
2024-07-29,PASS,11,1100.0,1,0.0,0.0,0.0
2024-07-29,SIM,6,6000.0,5,0.0,0.0,1.0
2024-07-29,SUPERVISION,13,65000.0,4,-1.0,-5000.0,0.0
2024-07-30,PASS,11,1100.0,1,0.0,0.0,0.0
2024-07-30,SIM,5,5000.0,4,-1.0,-1000.0,-1.0
2024-07-30,SUPERVISION,14,70000.0,5,1.0,5000.0,1.0
2024-07-31,PASS,11,1100.0,1,0.0,0.0,0.0
2024-07-31,SIM,6,6000.0,4,1.0,1000.0,0.0
2024-07-31,SUPERVISION,14,70000.0,4,0.0,0.0,-1.0
2024-08-01,PASS,12,1200.0,1,1.0,100.0,0.0
2024-08-01,SIM,5,5000.0,4,-1.0,-1000.0,0.0
2024-08-01,SUPERVISION,13,65000.0,5,-1.0,-5000.0,1.0
2024-08-02,PASS,11,1100.0,1,-1.0,-100.0,0.0
2024-08-02,SIM,5,5000.0,4,0.0,0.0,0.0
2024-08-02,SUPERVISION,13,65000.0,6,0.0,0.0,1.0
2024-08-03,PASS,11,1100.0,1,0.0,0.0,0.0
2024-08-03,SIM,5,5000.0,4,0.0,0.0,0.0
2024-08-03,SUPERVISION,14,70000.0,5,1.0,5000.0,-1.0
2024-08-04,PASS,11,1100.0,1,0.0,0.0,0.0
2024-08-04,SIM,6,6000.0,4,1.0,1000.0,0.0
2024-08-04,SUPERVISION,13,65000.0,5,-1.0,-5000.0,0.0
2024-08-05,PASS,11,1100.0,1,0.0,0.0,0.0
2024-08-05,SIM,7,7000.0,4,1.0,1000.0,0.0
2024-08-05,SUPERVISION,12,60000.0,5,-1.0,-5000.0,0.0
2024-08-06,PASS,12,1200.0,1,1.0,100.0,0.0
2024-08-06,SIM,5,5000.0,5,-2.0,-2000.0,1.0
2024-08-06,SUPERVISION,13,65000.0,4,1.0,5000.0,-1.0
2024-08-07,PASS,11,1100.0,1,-1.0,-100.0,0.0
2024-08-07,SIM,5,5000.0,5,0.0,0.0,0.0
2024-08-07,SUPERVISION,13,65000.0,5,0.0,0.0,1.0
2024-08-08,PASS,11,1100.0,1,0.0,0.0,0.0
2024-08-08,SIM,5,5000.0,6,0.0,0.0,1.0
2024-08-08,SUPERVISION,13,65000.0,4,0.0,0.0,-1.0
2024-08-09,PASS,12,1200.0,1,1.0,100.0,0.0
2024-08-09,SIM,3,3000.0,5,-2.0,-2000.0,-1.0
2024-08-09,SUPERVISION,14,70000.0,5,1.0,5000.0,1.0
2024-08-10,PASS,11,1100.0,1,-1.0,-100.0,0.0
2024-08-10,SIM,3,3000.0,5,0.0,0.0,0.0
2024-08-10,SUPERVISION,15,75000.0,5,1.0,5000.0,0.0
2024-08-11,PASS,11,1100.0,1,0.0,0.0,0.0
2024-08-11,SIM,3,3000.0,6,0.0,0.0,1.0
2024-08-11,SUPERVISION,14,70000.0,5,-1.0,-5000.0,0.0
2024-08-12,PASS,10,1000.0,1,-1.0,-100.0,0.0
2024-08-12,SIM,4,4000.0,6,1.0,1000.0,0.0
2024-08-12,SUPERVISION,14,70000.0,5,0.0,0.0,0.0
2024-08-13,PASS,11,1100.0,1,1.0,100.0,0.0
2024-08-13,SIM,3,3000.0,7,-1.0,-1000.0,1.0
2024-08-13,SUPERVISION,14,70000.0,4,0.0,0.0,-1.0
2024-08-14,PASS,11,1100.0,1,0.0,0.0,0.0
2024-08-14,SIM,4,4000.0,6,1.0,1000.0,-1.0
2024-08-14,SUPERVISION,14,70000.0,4,0.0,0.0,0.0
2024-08-15,PASS,11,1100.0,1,0.0,0.0,0.0
2024-08-15,SIM,3,3000.0,7,-1.0,-1000.0,1.0
2024-08-15,SUPERVISION,14,70000.0,4,0.0,0.0,0.0
2024-08-16,PASS,10,1000.0,2,-1.0,-100.0,1.0
2024-08-16,SIM,3,3000.0,4,0.0,0.0,-3.0
2024-08-16,SUPERVISION,16,80000.0,5,2.0,10000.0,1.0
2024-08-17,PASS,10,1000.0,2,0.0,0.0,0.0
2024-08-17,SIM,4,4000.0,4,1.0,1000.0,0.0
2024-08-17,SUPERVISION,15,75000.0,5,-1.0,-5000.0,0.0
2024-08-18,PASS,12,1200.0,2,2.0,200.0,0.0
2024-08-18,SIM,4,4000.0,5,0.0,0.0,1.0
2024-08-18,SUPERVISION,13,65000.0,4,-2.0,-10000.0,-1.0
2024-08-19,PASS,10,1000.0,2,-2.0,-200.0,0.0
2024-08-19,SIM,6,6000.0,5,2.0,2000.0,0.0
2024-08-19,SUPERVISION,14,70000.0,4,1.0,5000.0,0.0
2024-08-20,PASS,10,1000.0,2,0.0,0.0,0.0
2024-08-20,SIM,5,5000.0,5,-1.0,-1000.0,0.0
2024-08-20,SUPERVISION,15,75000.0,4,1.0,5000.0,0.0
2024-08-21,PASS,10,1000.0,3,0.0,0.0,1.0
2024-08-21,SIM,5,5000.0,5,0.0,0.0,0.0
2024-08-21,SUPERVISION,14,70000.0,4,-1.0,-5000.0,0.0
2024-08-22,PASS,10,1000.0,2,0.0,0.0,-1.0
2024-08-22,SIM,5,5000.0,5,0.0,0.0,0.0
2024-08-22,SUPERVISION,15,75000.0,4,1.0,5000.0,0.0
2024-08-23,PASS,10,1000.0,3,0.0,0.0,1.0
2024-08-23,SIM,5,5000.0,5,0.0,0.0,0.0
2024-08-23,SUPERVISION,14,70000.0,4,-1.0,-5000.0,0.0
2024-08-24,PASS,11,1100.0,2,1.0,100.0,-1.0
2024-08-24,SIM,5,5000.0,6,0.0,0.0,1.0
2024-08-24,SUPERVISION,13,65000.0,4,-1.0,-5000.0,0.0
2024-08-25,PASS,11,1100.0,2,0.0,0.0,0.0
2024-08-25,SIM,5,5000.0,5,0.0,0.0,-1.0
2024-08-25,SUPERVISION,14,70000.0,4,1.0,5000.0,0.0
2024-08-26,PASS,12,1200.0,2,1.0,100.0,0.0
2024-08-26,SIM,5,5000.0,5,0.0,0.0,0.0
2024-08-26,SUPERVISION,13,65000.0,4,-1.0,-5000.0,0.0
2024-08-27,PASS,11,1100.0,2,-1.0,-100.0,0.0
2024-08-27,SIM,5,5000.0,5,0.0,0.0,0.0
2024-08-27,SUPERVISION,13,65000.0,5,0.0,0.0,1.0
2024-08-28,PASS,10,1000.0,2,-1.0,-100.0,0.0
2024-08-28,SIM,5,5000.0,5,0.0,0.0,0.0
2024-08-28,SUPERVISION,14,70000.0,5,1.0,5000.0,0.0
2024-08-29,PASS,9,900.0,2,-1.0,-100.0,0.0
2024-08-29,SIM,6,6000.0,5,1.0,1000.0,0.0
2024-08-29,SUPERVISION,14,70000.0,5,0.0,0.0,0.0
2024-08-30,PASS,9,900.0,3,0.0,0.0,1.0
2024-08-30,SIM,7,7000.0,4,1.0,1000.0,-1.0
2024-08-30,SUPERVISION,12,60000.0,6,-2.0,-10000.0,1.0
2024-08-31,PASS,8,800.0,3,-1.0,-100.0,0.0
2024-08-31,SIM,7,7000.0,3,0.0,0.0,-1.0
2024-08-31,SUPERVISION,14,70000.0,6,2.0,10000.0,0.0
2024-09-01,PASS,8,800.0,3,0.0,0.0,0.0
2024-09-01,SIM,7,7000.0,3,0.0,0.0,0.0
2024-09-01,SUPERVISION,13,65000.0,7,-1.0,-5000.0,1.0
2024-09-02,PASS,8,800.0,3,0.0,0.0,0.0
2024-09-02,SIM,6,6000.0,3,-1.0,-1000.0,0.0
2024-09-02,SUPERVISION,14,70000.0,7,1.0,5000.0,0.0
2024-09-03,PASS,8,800.0,4,0.0,0.0,1.0
2024-09-03,SIM,6,6000.0,3,0.0,0.0,0.0
2024-09-03,SUPERVISION,14,70000.0,6,0.0,0.0,-1.0
2024-09-04,PASS,8,800.0,3,0.0,0.0,-1.0
2024-09-04,SIM,6,6000.0,3,0.0,0.0,0.0
2024-09-04,SUPERVISION,15,75000.0,6,1.0,5000.0,0.0
2024-09-05,PASS,8,800.0,2,0.0,0.0,-1.0
2024-09-05,SIM,6,6000.0,3,0.0,0.0,0.0
2024-09-05,SUPERVISION,15,75000.0,7,0.0,0.0,1.0
2024-09-06,PASS,8,800.0,2,0.0,0.0,0.0
2024-09-06,SIM,6,6000.0,3,0.0,0.0,0.0
2024-09-06,SUPERVISION,13,65000.0,9,-2.0,-10000.0,2.0
2024-09-07,PASS,8,800.0,2,0.0,0.0,0.0
2024-09-07,SIM,6,6000.0,3,0.0,0.0,0.0
2024-09-07,SUPERVISION,15,75000.0,7,2.0,10000.0,-2.0
2024-09-08,PASS,8,800.0,3,0.0,0.0,1.0
2024-09-08,SIM,6,6000.0,3,0.0,0.0,0.0
2024-09-08,SUPERVISION,14,70000.0,7,-1.0,-5000.0,0.0
2024-09-09,PASS,8,800.0,3,0.0,0.0,0.0
2024-09-09,SIM,6,6000.0,3,0.0,0.0,0.0
2024-09-09,SUPERVISION,14,70000.0,7,0.0,0.0,0.0
2024-09-10,PASS,9,900.0,3,1.0,100.0,0.0
2024-09-10,SIM,6,6000.0,3,0.0,0.0,0.0
2024-09-10,SUPERVISION,14,70000.0,6,0.0,0.0,-1.0
2024-09-11,PASS,9,900.0,3,0.0,0.0,0.0
2024-09-11,SIM,6,6000.0,3,0.0,0.0,0.0
2024-09-11,SUPERVISION,15,75000.0,6,1.0,5000.0,0.0
2024-09-12,PASS,10,1000.0,2,1.0,100.0,-1.0
2024-09-12,SIM,6,6000.0,3,0.0,0.0,0.0
2024-09-12,SUPERVISION,15,75000.0,6,0.0,0.0,0.0
2024-09-13,PASS,11,1100.0,2,1.0,100.0,0.0
2024-09-13,SIM,6,6000.0,3,0.0,0.0,0.0
2024-09-13,SUPERVISION,13,65000.0,7,-2.0,-10000.0,1.0
2024-09-14,PASS,9,900.0,2,-2.0,-200.0,0.0
2024-09-14,SIM,6,6000.0,3,0.0,0.0,0.0
2024-09-14,SUPERVISION,15,75000.0,7,2.0,10000.0,0.0
2024-09-15,PASS,9,900.0,2,0.0,0.0,0.0
2024-09-15,SIM,6,6000.0,3,0.0,0.0,0.0
2024-09-15,SUPERVISION,17,85000.0,5,2.0,10000.0,-2.0
2024-09-16,PASS,9,900.0,2,0.0,0.0,0.0
2024-09-16,SIM,6,6000.0,3,0.0,0.0,0.0
2024-09-16,SUPERVISION,16,80000.0,6,-1.0,-5000.0,1.0
2024-09-17,PASS,8,800.0,2,-1.0,-100.0,0.0
2024-09-17,SIM,6,6000.0,3,0.0,0.0,0.0
2024-09-17,SUPERVISION,18,90000.0,5,2.0,10000.0,-1.0
2024-09-18,PASS,8,800.0,2,0.0,0.0,0.0
2024-09-18,SIM,6,6000.0,3,0.0,0.0,0.0
2024-09-18,SUPERVISION,18,90000.0,5,0.0,0.0,0.0
2024-09-19,PASS,9,900.0,2,1.0,100.0,0.0
2024-09-19,SIM,5,5000.0,3,-1.0,-1000.0,0.0
2024-09-19,SUPERVISION,17,85000.0,6,-1.0,-5000.0,1.0
2024-09-20,PASS,9,900.0,2,0.0,0.0,0.0
2024-09-20,SIM,6,6000.0,4,1.0,1000.0,1.0
2024-09-20,SUPERVISION,16,80000.0,5,-1.0,-5000.0,-1.0
2024-09-21,PASS,9,900.0,2,0.0,0.0,0.0
2024-09-21,SIM,6,6000.0,3,0.0,0.0,-1.0
2024-09-21,SUPERVISION,17,85000.0,5,1.0,5000.0,0.0
2024-09-22,PASS,9,900.0,2,0.0,0.0,0.0
2024-09-22,SIM,7,7000.0,3,1.0,1000.0,0.0
2024-09-22,SUPERVISION,15,75000.0,6,-2.0,-10000.0,1.0
2024-09-23,PASS,9,900.0,3,0.0,0.0,1.0
2024-09-23,SIM,7,7000.0,3,0.0,0.0,0.0
2024-09-23,SUPERVISION,15,75000.0,5,0.0,0.0,-1.0
2024-09-24,PASS,9,900.0,3,0.0,0.0,0.0
2024-09-24,SIM,6,6000.0,3,-1.0,-1000.0,0.0
2024-09-24,SUPERVISION,16,80000.0,5,1.0,5000.0,0.0
2024-09-25,PASS,9,900.0,2,0.0,0.0,-1.0
2024-09-25,SIM,6,6000.0,3,0.0,0.0,0.0
2024-09-25,SUPERVISION,17,85000.0,5,1.0,5000.0,0.0
2024-09-26,PASS,9,900.0,2,0.0,0.0,0.0
2024-09-26,SIM,6,6000.0,3,0.0,0.0,0.0
2024-09-26,SUPERVISION,16,80000.0,6,-1.0,-5000.0,1.0
2024-09-27,PASS,10,1000.0,2,1.0,100.0,0.0
2024-09-27,SIM,5,5000.0,3,-1.0,-1000.0,0.0
2024-09-27,SUPERVISION,15,75000.0,7,-1.0,-5000.0,1.0
2024-09-28,PASS,10,1000.0,2,0.0,0.0,0.0
2024-09-28,SIM,5,5000.0,3,0.0,0.0,0.0
2024-09-28,SUPERVISION,15,75000.0,7,0.0,0.0,0.0
2024-09-29,PASS,10,1000.0,4,0.0,0.0,2.0
2024-09-29,SIM,5,5000.0,3,0.0,0.0,0.0
2024-09-29,SUPERVISION,15,75000.0,5,0.0,0.0,-2.0
2024-09-30,PASS,10,1000.0,3,0.0,0.0,-1.0
2024-09-30,SIM,4,4000.0,4,-1.0,-1000.0,1.0
2024-09-30,SUPERVISION,16,80000.0,5,1.0,5000.0,0.0
2024-10-01,PASS,10,1000.0,3,0.0,0.0,0.0
2024-10-01,SIM,4,4000.0,3,0.0,0.0,-1.0
2024-10-01,SUPERVISION,17,85000.0,5,1.0,5000.0,0.0
2024-10-02,PASS,10,1000.0,2,0.0,0.0,-1.0
2024-10-02,SIM,5,5000.0,3,1.0,1000.0,0.0
2024-10-02,SUPERVISION,16,80000.0,6,-1.0,-5000.0,1.0
2024-10-03,PASS,9,900.0,3,-1.0,-100.0,1.0
2024-10-03,SIM,4,4000.0,3,-1.0,-1000.0,0.0
2024-10-03,SUPERVISION,16,80000.0,7,0.0,0.0,1.0
2024-10-04,PASS,9,900.0,2,0.0,0.0,-1.0
2024-10-04,SIM,4,4000.0,3,0.0,0.0,0.0
2024-10-04,SUPERVISION,16,80000.0,8,0.0,0.0,1.0
2024-10-05,PASS,8,800.0,2,-1.0,-100.0,0.0
2024-10-05,SIM,5,5000.0,4,1.0,1000.0,1.0
2024-10-05,SUPERVISION,16,80000.0,7,0.0,0.0,-1.0
2024-10-06,PASS,8,800.0,2,0.0,0.0,0.0
2024-10-06,SIM,4,4000.0,4,-1.0,-1000.0,0.0
2024-10-06,SUPERVISION,17,85000.0,7,1.0,5000.0,0.0
2024-10-07,PASS,9,900.0,3,1.0,100.0,1.0
2024-10-07,SIM,4,4000.0,4,0.0,0.0,0.0
2024-10-07,SUPERVISION,15,75000.0,7,-2.0,-10000.0,0.0
2024-10-08,PASS,9,900.0,3,0.0,0.0,0.0
2024-10-08,SIM,4,4000.0,4,0.0,0.0,0.0
2024-10-08,SUPERVISION,15,75000.0,7,0.0,0.0,0.0
2024-10-09,PASS,9,900.0,3,0.0,0.0,0.0
2024-10-09,SIM,5,5000.0,4,1.0,1000.0,0.0
2024-10-09,SUPERVISION,14,70000.0,7,-1.0,-5000.0,0.0
2024-10-10,PASS,9,900.0,2,0.0,0.0,-1.0
2024-10-10,SIM,4,4000.0,3,-1.0,-1000.0,-1.0
2024-10-10,SUPERVISION,16,80000.0,8,2.0,10000.0,1.0
2024-10-11,PASS,10,1000.0,2,1.0,100.0,0.0
2024-10-11,SIM,3,3000.0,3,-1.0,-1000.0,0.0
2024-10-11,SUPERVISION,15,75000.0,9,-1.0,-5000.0,1.0
2024-10-12,PASS,10,1000.0,2,0.0,0.0,0.0
2024-10-12,SIM,3,3000.0,3,0.0,0.0,0.0
2024-10-12,SUPERVISION,14,70000.0,10,-1.0,-5000.0,1.0
2024-10-13,PASS,10,1000.0,2,0.0,0.0,0.0
2024-10-13,SIM,5,5000.0,3,2.0,2000.0,0.0
2024-10-13,SUPERVISION,14,70000.0,8,0.0,0.0,-2.0
2024-10-14,PASS,10,1000.0,3,0.0,0.0,1.0
2024-10-14,SIM,4,4000.0,3,-1.0,-1000.0,0.0
2024-10-14,SUPERVISION,14,70000.0,8,0.0,0.0,0.0
2024-10-15,PASS,10,1000.0,2,0.0,0.0,-1.0
2024-10-15,SIM,4,4000.0,4,0.0,0.0,1.0
2024-10-15,SUPERVISION,16,80000.0,6,2.0,10000.0,-2.0
2024-10-16,PASS,10,1000.0,2,0.0,0.0,0.0
2024-10-16,SIM,4,4000.0,4,0.0,0.0,0.0
2024-10-16,SUPERVISION,16,80000.0,6,0.0,0.0,0.0
2024-10-17,PASS,10,1000.0,2,0.0,0.0,0.0
2024-10-17,SIM,4,4000.0,4,0.0,0.0,0.0
2024-10-17,SUPERVISION,15,75000.0,7,-1.0,-5000.0,1.0
2024-10-18,PASS,10,1000.0,2,0.0,0.0,0.0
2024-10-18,SIM,5,5000.0,4,1.0,1000.0,0.0
2024-10-18,SUPERVISION,16,80000.0,5,1.0,5000.0,-2.0
2024-10-19,PASS,10,1000.0,2,0.0,0.0,0.0
2024-10-19,SIM,5,5000.0,5,0.0,0.0,1.0
2024-10-19,SUPERVISION,13,65000.0,7,-3.0,-15000.0,2.0
2024-10-20,PASS,10,1000.0,2,0.0,0.0,0.0
2024-10-20,SIM,5,5000.0,4,0.0,0.0,-1.0
2024-10-20,SUPERVISION,13,65000.0,8,0.0,0.0,1.0
2024-10-21,PASS,11,1100.0,2,1.0,100.0,0.0
2024-10-21,SIM,4,4000.0,4,-1.0,-1000.0,0.0
2024-10-21,SUPERVISION,14,70000.0,8,1.0,5000.0,0.0
2024-10-22,PASS,10,1000.0,2,-1.0,-100.0,0.0
2024-10-22,SIM,5,5000.0,4,1.0,1000.0,0.0
2024-10-22,SUPERVISION,15,75000.0,7,1.0,5000.0,-1.0
2024-10-23,PASS,11,1100.0,2,1.0,100.0,0.0
2024-10-23,SIM,5,5000.0,4,0.0,0.0,0.0
2024-10-23,SUPERVISION,15,75000.0,6,0.0,0.0,-1.0
2024-10-24,PASS,11,1100.0,2,0.0,0.0,0.0
2024-10-24,SIM,5,5000.0,6,0.0,0.0,2.0
2024-10-24,SUPERVISION,14,70000.0,5,-1.0,-5000.0,-1.0
2024-10-25,PASS,10,1000.0,3,-1.0,-100.0,1.0
2024-10-25,SIM,5,5000.0,6,0.0,0.0,0.0
2024-10-25,SUPERVISION,14,70000.0,5,0.0,0.0,0.0
2024-10-26,PASS,10,1000.0,3,0.0,0.0,0.0
2024-10-26,SIM,5,5000.0,5,0.0,0.0,-1.0
2024-10-26,SUPERVISION,16,80000.0,4,2.0,10000.0,-1.0
2024-10-27,PASS,10,1000.0,2,0.0,0.0,-1.0
2024-10-27,SIM,5,5000.0,5,0.0,0.0,0.0
2024-10-27,SUPERVISION,14,70000.0,7,-2.0,-10000.0,3.0
2024-10-28,PASS,10,1000.0,2,0.0,0.0,0.0
2024-10-28,SIM,5,5000.0,6,0.0,0.0,1.0
2024-10-28,SUPERVISION,14,70000.0,6,0.0,0.0,-1.0
2024-10-29,PASS,10,1000.0,2,0.0,0.0,0.0
2024-10-29,SIM,6,6000.0,6,1.0,1000.0,0.0
2024-10-29,SUPERVISION,13,65000.0,6,-1.0,-5000.0,0.0
2024-10-30,PASS,10,1000.0,3,0.0,0.0,1.0
2024-10-30,SIM,6,6000.0,5,0.0,0.0,-1.0
2024-10-30,SUPERVISION,13,65000.0,6,0.0,0.0,0.0
2024-10-31,PASS,11,1100.0,3,1.0,100.0,0.0
2024-10-31,SIM,5,5000.0,5,-1.0,-1000.0,0.0
2024-10-31,SUPERVISION,13,65000.0,6,0.0,0.0,0.0
2024-11-01,PASS,12,1200.0,3,1.0,100.0,0.0
2024-11-01,SIM,5,5000.0,5,0.0,0.0,0.0
2024-11-01,SUPERVISION,12,60000.0,6,-1.0,-5000.0,0.0
2024-11-02,PASS,11,1100.0,3,-1.0,-100.0,0.0
2024-11-02,SIM,5,5000.0,5,0.0,0.0,0.0
2024-11-02,SUPERVISION,13,65000.0,6,1.0,5000.0,0.0
2024-11-03,PASS,10,1000.0,3,-1.0,-100.0,0.0
2024-11-03,SIM,5,5000.0,5,0.0,0.0,0.0
2024-11-03,SUPERVISION,14,70000.0,6,1.0,5000.0,0.0
2024-11-04,PASS,10,1000.0,3,0.0,0.0,0.0
2024-11-04,SIM,4,4000.0,5,-1.0,-1000.0,0.0
2024-11-04,SUPERVISION,16,80000.0,5,2.0,10000.0,-1.0
2024-11-05,PASS,10,1000.0,3,0.0,0.0,0.0
2024-11-05,SIM,4,4000.0,5,0.0,0.0,0.0
2024-11-05,SUPERVISION,16,80000.0,5,0.0,0.0,0.0
2024-11-06,PASS,11,1100.0,3,1.0,100.0,0.0
2024-11-06,SIM,4,4000.0,5,0.0,0.0,0.0
2024-11-06,SUPERVISION,14,70000.0,6,-2.0,-10000.0,1.0
2024-11-07,PASS,11,1100.0,1,0.0,0.0,-2.0
2024-11-07,SIM,4,4000.0,5,0.0,0.0,0.0
2024-11-07,SUPERVISION,15,75000.0,7,1.0,5000.0,1.0
2024-11-08,PASS,10,1000.0,1,-1.0,-100.0,0.0
2024-11-08,SIM,4,4000.0,6,0.0,0.0,1.0
2024-11-08,SUPERVISION,16,80000.0,6,1.0,5000.0,-1.0
2024-11-09,PASS,10,1000.0,1,0.0,0.0,0.0
2024-11-09,SIM,3,3000.0,6,-1.0,-1000.0,0.0
2024-11-09,SUPERVISION,17,85000.0,6,1.0,5000.0,0.0
2024-11-10,PASS,10,1000.0,0,0.0,0.0,-1.0
2024-11-10,SIM,3,3000.0,6,0.0,0.0,0.0
2024-11-10,SUPERVISION,17,85000.0,7,0.0,0.0,1.0
2024-11-11,PASS,11,1100.0,0,1.0,100.0,0.0
2024-11-11,SIM,3,3000.0,6,0.0,0.0,0.0
2024-11-11,SUPERVISION,15,75000.0,8,-2.0,-10000.0,1.0
2024-11-12,PASS,10,1000.0,0,-1.0,-100.0,0.0
2024-11-12,SIM,3,3000.0,6,0.0,0.0,0.0
2024-11-12,SUPERVISION,15,75000.0,9,0.0,0.0,1.0
2024-11-13,PASS,10,1000.0,1,0.0,0.0,1.0
2024-11-13,SIM,3,3000.0,5,0.0,0.0,-1.0
2024-11-13,SUPERVISION,15,75000.0,9,0.0,0.0,0.0
2024-11-14,PASS,10,1000.0,1,0.0,0.0,0.0
2024-11-14,SIM,3,3000.0,5,0.0,0.0,0.0
2024-11-14,SUPERVISION,16,80000.0,8,1.0,5000.0,-1.0
2024-11-15,PASS,10,1000.0,0,0.0,0.0,-1.0
2024-11-15,SIM,3,3000.0,7,0.0,0.0,2.0
2024-11-15,SUPERVISION,15,75000.0,8,-1.0,-5000.0,0.0
2024-11-16,PASS,9,900.0,1,-1.0,-100.0,1.0
2024-11-16,SIM,3,3000.0,6,0.0,0.0,-1.0
2024-11-16,SUPERVISION,17,85000.0,7,2.0,10000.0,-1.0
2024-11-17,PASS,9,900.0,1,0.0,0.0,0.0
2024-11-17,SIM,4,4000.0,5,1.0,1000.0,-1.0
2024-11-17,SUPERVISION,16,80000.0,8,-1.0,-5000.0,1.0
2024-11-18,PASS,9,900.0,1,0.0,0.0,0.0
2024-11-18,SIM,4,4000.0,5,0.0,0.0,0.0
2024-11-18,SUPERVISION,16,80000.0,8,0.0,0.0,0.0
2024-11-19,PASS,9,900.0,1,0.0,0.0,0.0
2024-11-19,SIM,4,4000.0,5,0.0,0.0,0.0
2024-11-19,SUPERVISION,17,85000.0,7,1.0,5000.0,-1.0
2024-11-20,PASS,9,900.0,1,0.0,0.0,0.0
2024-11-20,SIM,5,5000.0,5,1.0,1000.0,0.0
2024-11-20,SUPERVISION,16,80000.0,7,-1.0,-5000.0,0.0
2024-11-21,PASS,9,900.0,1,0.0,0.0,0.0
2024-11-21,SIM,5,5000.0,6,0.0,0.0,1.0
2024-11-21,SUPERVISION,16,80000.0,6,0.0,0.0,-1.0
2024-11-22,PASS,9,900.0,1,0.0,0.0,0.0
2024-11-22,SIM,5,5000.0,5,0.0,0.0,-1.0
2024-11-22,SUPERVISION,17,85000.0,6,1.0,5000.0,0.0
2024-11-23,PASS,10,1000.0,1,1.0,100.0,0.0
2024-11-23,SIM,7,7000.0,5,2.0,2000.0,0.0
2024-11-23,SUPERVISION,14,70000.0,6,-3.0,-15000.0,0.0
2024-11-24,PASS,9,900.0,1,-1.0,-100.0,0.0
2024-11-24,SIM,7,7000.0,5,0.0,0.0,0.0
2024-11-24,SUPERVISION,15,75000.0,6,1.0,5000.0,0.0
2024-11-25,PASS,10,1000.0,2,1.0,100.0,1.0
2024-11-25,SIM,7,7000.0,5,0.0,0.0,0.0
2024-11-25,SUPERVISION,13,65000.0,6,-2.0,-10000.0,0.0
2024-11-26,PASS,10,1000.0,2,0.0,0.0,0.0
2024-11-26,SIM,5,5000.0,6,-2.0,-2000.0,1.0
2024-11-26,SUPERVISION,15,75000.0,5,2.0,10000.0,-1.0
2024-11-27,PASS,9,900.0,1,-1.0,-100.0,-1.0
2024-11-27,SIM,6,6000.0,6,1.0,1000.0,0.0
2024-11-27,SUPERVISION,15,75000.0,6,0.0,0.0,1.0
2024-11-28,PASS,8,800.0,1,-1.0,-100.0,0.0
2024-11-28,SIM,5,5000.0,7,-1.0,-1000.0,1.0
2024-11-28,SUPERVISION,15,75000.0,7,0.0,0.0,1.0
2024-11-29,PASS,8,800.0,2,0.0,0.0,1.0
2024-11-29,SIM,6,6000.0,6,1.0,1000.0,-1.0
2024-11-29,SUPERVISION,15,75000.0,6,0.0,0.0,-1.0
2024-11-30,PASS,8,800.0,2,0.0,0.0,0.0
2024-11-30,SIM,6,6000.0,6,0.0,0.0,0.0
2024-11-30,SUPERVISION,16,80000.0,5,1.0,5000.0,-1.0
2024-12-01,PASS,8,800.0,2,0.0,0.0,0.0
2024-12-01,SIM,7,7000.0,6,1.0,1000.0,0.0
2024-12-01,SUPERVISION,15,75000.0,5,-1.0,-5000.0,0.0
2024-12-02,PASS,8,800.0,2,0.0,0.0,0.0
2024-12-02,SIM,6,6000.0,6,-1.0,-1000.0,0.0
2024-12-02,SUPERVISION,16,80000.0,5,1.0,5000.0,0.0
2024-12-03,PASS,8,800.0,2,0.0,0.0,0.0
2024-12-03,SIM,6,6000.0,6,0.0,0.0,0.0
2024-12-03,SUPERVISION,15,75000.0,6,-1.0,-5000.0,1.0
2024-12-04,PASS,10,1000.0,1,2.0,200.0,-1.0
2024-12-04,SIM,7,7000.0,5,1.0,1000.0,-1.0
2024-12-04,SUPERVISION,14,70000.0,6,-1.0,-5000.0,0.0
2024-12-05,PASS,10,1000.0,1,0.0,0.0,0.0
2024-12-05,SIM,7,7000.0,5,0.0,0.0,0.0
2024-12-05,SUPERVISION,14,70000.0,6,0.0,0.0,0.0
2024-12-06,PASS,10,1000.0,0,0.0,0.0,-1.0
2024-12-06,SIM,6,6000.0,5,-1.0,-1000.0,0.0
2024-12-06,SUPERVISION,14,70000.0,8,0.0,0.0,2.0
2024-12-07,PASS,11,1100.0,0,1.0,100.0,0.0
2024-12-07,SIM,5,5000.0,6,-1.0,-1000.0,1.0
2024-12-07,SUPERVISION,15,75000.0,6,1.0,5000.0,-2.0
2024-12-08,PASS,10,1000.0,0,-1.0,-100.0,0.0
2024-12-08,SIM,5,5000.0,5,0.0,0.0,-1.0
2024-12-08,SUPERVISION,17,85000.0,6,2.0,10000.0,0.0
2024-12-09,PASS,10,1000.0,0,0.0,0.0,0.0
2024-12-09,SIM,5,5000.0,6,0.0,0.0,1.0
2024-12-09,SUPERVISION,16,80000.0,6,-1.0,-5000.0,0.0
2024-12-10,PASS,10,1000.0,0,0.0,0.0,0.0
2024-12-10,SIM,5,5000.0,5,0.0,0.0,-1.0
2024-12-10,SUPERVISION,17,85000.0,6,1.0,5000.0,0.0
2024-12-11,PASS,10,1000.0,1,0.0,0.0,1.0
2024-12-11,SIM,5,5000.0,5,0.0,0.0,0.0
2024-12-11,SUPERVISION,15,75000.0,7,-2.0,-10000.0,1.0
2024-12-12,PASS,11,1100.0,1,1.0,100.0,0.0
2024-12-12,SIM,4,4000.0,5,-1.0,-1000.0,0.0
2024-12-12,SUPERVISION,15,75000.0,7,0.0,0.0,0.0
2024-12-13,PASS,11,1100.0,0,0.0,0.0,-1.0
2024-12-13,SIM,4,4000.0,6,0.0,0.0,1.0
2024-12-13,SUPERVISION,14,70000.0,8,-1.0,-5000.0,1.0
2024-12-14,PASS,10,1000.0,0,-1.0,-100.0,0.0
2024-12-14,SIM,5,5000.0,5,1.0,1000.0,-1.0
2024-12-14,SUPERVISION,15,75000.0,8,1.0,5000.0,0.0
2024-12-15,PASS,10,1000.0,0,0.0,0.0,0.0
2024-12-15,SIM,5,5000.0,5,0.0,0.0,0.0
2024-12-15,SUPERVISION,15,75000.0,8,0.0,0.0,0.0
2024-12-16,PASS,10,1000.0,0,0.0,0.0,0.0
2024-12-16,SIM,4,4000.0,4,-1.0,-1000.0,-1.0
2024-12-16,SUPERVISION,17,85000.0,8,2.0,10000.0,0.0
2024-12-17,PASS,10,1000.0,0,0.0,0.0,0.0
2024-12-17,SIM,4,4000.0,4,0.0,0.0,0.0
2024-12-17,SUPERVISION,15,75000.0,10,-2.0,-10000.0,2.0
2024-12-18,PASS,10,1000.0,1,0.0,0.0,1.0
2024-12-18,SIM,4,4000.0,3,0.0,0.0,-1.0
2024-12-18,SUPERVISION,16,80000.0,9,1.0,5000.0,-1.0
2024-12-19,PASS,10,1000.0,1,0.0,0.0,0.0
2024-12-19,SIM,4,4000.0,3,0.0,0.0,0.0
2024-12-19,SUPERVISION,15,75000.0,10,-1.0,-5000.0,1.0
2024-12-20,PASS,10,1000.0,1,0.0,0.0,0.0
2024-12-20,SIM,4,4000.0,4,0.0,0.0,1.0
2024-12-20,SUPERVISION,16,80000.0,8,1.0,5000.0,-2.0
2024-12-21,PASS,10,1000.0,2,0.0,0.0,1.0
2024-12-21,SIM,4,4000.0,3,0.0,0.0,-1.0
2024-12-21,SUPERVISION,16,80000.0,8,0.0,0.0,0.0
2024-12-22,PASS,9,900.0,1,-1.0,-100.0,-1.0
2024-12-22,SIM,4,4000.0,3,0.0,0.0,0.0
2024-12-22,SUPERVISION,17,85000.0,9,1.0,5000.0,1.0
2024-12-23,PASS,9,900.0,1,0.0,0.0,0.0
2024-12-23,SIM,4,4000.0,3,0.0,0.0,0.0
2024-12-23,SUPERVISION,17,85000.0,9,0.0,0.0,0.0
2024-12-24,PASS,9,900.0,1,0.0,0.0,0.0
2024-12-24,SIM,4,4000.0,4,0.0,0.0,1.0
2024-12-24,SUPERVISION,18,90000.0,7,1.0,5000.0,-2.0
2024-12-25,PASS,9,900.0,1,0.0,0.0,0.0
2024-12-25,SIM,5,5000.0,4,1.0,1000.0,0.0
2024-12-25,SUPERVISION,17,85000.0,7,-1.0,-5000.0,0.0
2024-12-26,PASS,9,900.0,1,0.0,0.0,0.0
2024-12-26,SIM,4,4000.0,4,-1.0,-1000.0,0.0
2024-12-26,SUPERVISION,17,85000.0,8,0.0,0.0,1.0
2024-12-27,PASS,9,900.0,1,0.0,0.0,0.0
2024-12-27,SIM,4,4000.0,4,0.0,0.0,0.0
2024-12-27,SUPERVISION,18,90000.0,7,1.0,5000.0,-1.0
2024-12-28,PASS,9,900.0,1,0.0,0.0,0.0
2024-12-28,SIM,4,4000.0,4,0.0,0.0,0.0
2024-12-28,SUPERVISION,18,90000.0,7,0.0,0.0,0.0
2024-12-29,PASS,9,900.0,2,0.0,0.0,1.0
2024-12-29,SIM,5,5000.0,3,1.0,1000.0,-1.0
2024-12-29,SUPERVISION,17,85000.0,7,-1.0,-5000.0,0.0
2024-12-30,PASS,9,900.0,2,0.0,0.0,0.0
2024-12-30,SIM,4,4000.0,3,-1.0,-1000.0,0.0
2024-12-30,SUPERVISION,18,90000.0,7,1.0,5000.0,0.0
2024-12-31,PASS,8,800.0,2,-1.0,-100.0,0.0
2024-12-31,SIM,4,4000.0,3,0.0,0.0,0.0
2024-12-31,SUPERVISION,19,95000.0,7,1.0,5000.0,0.0
2025-01-01,PASS,8,800.0,0,0.0,0.0,-2.0
2025-01-01,SIM,4,4000.0,3,0.0,0.0,0.0
2025-01-01,SUPERVISION,16,80000.0,12,-3.0,-15000.0,5.0
2025-01-02,PASS,8,800.0,1,0.0,0.0,1.0
2025-01-02,SIM,4,4000.0,3,0.0,0.0,0.0
2025-01-02,SUPERVISION,16,80000.0,12,0.0,0.0,0.0
2025-01-03,PASS,8,800.0,0,0.0,0.0,-1.0
2025-01-03,SIM,4,4000.0,3,0.0,0.0,0.0
2025-01-03,SUPERVISION,18,90000.0,11,2.0,10000.0,-1.0
2025-01-04,PASS,8,800.0,0,0.0,0.0,0.0
2025-01-04,SIM,4,4000.0,3,0.0,0.0,0.0
2025-01-04,SUPERVISION,18,90000.0,11,0.0,0.0,0.0
2025-01-05,PASS,8,800.0,0,0.0,0.0,0.0
2025-01-05,SIM,5,5000.0,3,1.0,1000.0,0.0
2025-01-05,SUPERVISION,19,95000.0,10,1.0,5000.0,-1.0
2025-01-06,PASS,8,800.0,0,0.0,0.0,0.0
2025-01-06,SIM,6,6000.0,3,1.0,1000.0,0.0
2025-01-06,SUPERVISION,19,95000.0,10,0.0,0.0,0.0
2025-01-07,PASS,9,900.0,0,1.0,100.0,0.0
2025-01-07,SIM,7,7000.0,4,1.0,1000.0,1.0
2025-01-07,SUPERVISION,17,85000.0,10,-2.0,-10000.0,0.0
2025-01-08,PASS,9,900.0,1,0.0,0.0,1.0
2025-01-08,SIM,7,7000.0,3,0.0,0.0,-1.0
2025-01-08,SUPERVISION,17,85000.0,10,0.0,0.0,0.0
2025-01-09,PASS,9,900.0,0,0.0,0.0,-1.0
2025-01-09,SIM,7,7000.0,3,0.0,0.0,0.0
2025-01-09,SUPERVISION,17,85000.0,11,0.0,0.0,1.0
2025-01-10,PASS,9,900.0,0,0.0,0.0,0.0
2025-01-10,SIM,7,7000.0,3,0.0,0.0,0.0
2025-01-10,SUPERVISION,18,90000.0,10,1.0,5000.0,-1.0
2025-01-11,PASS,9,900.0,1,0.0,0.0,1.0
2025-01-11,SIM,7,7000.0,3,0.0,0.0,0.0
2025-01-11,SUPERVISION,18,90000.0,9,0.0,0.0,-1.0
2025-01-12,PASS,9,900.0,0,0.0,0.0,-1.0
2025-01-12,SIM,8,8000.0,4,1.0,1000.0,1.0
2025-01-12,SUPERVISION,17,85000.0,9,-1.0,-5000.0,0.0
2025-01-13,PASS,9,900.0,0,0.0,0.0,0.0
2025-01-13,SIM,9,9000.0,4,1.0,1000.0,0.0
2025-01-13,SUPERVISION,16,80000.0,9,-1.0,-5000.0,0.0
2025-01-14,PASS,9,900.0,0,0.0,0.0,0.0
2025-01-14,SIM,10,10000.0,3,1.0,1000.0,-1.0
2025-01-14,SUPERVISION,16,80000.0,9,0.0,0.0,0.0
2025-01-15,PASS,10,1000.0,0,1.0,100.0,0.0
2025-01-15,SIM,8,8000.0,4,-2.0,-2000.0,1.0
2025-01-15,SUPERVISION,16,80000.0,9,0.0,0.0,0.0
2025-01-16,PASS,9,900.0,0,-1.0,-100.0,0.0
2025-01-16,SIM,8,8000.0,3,0.0,0.0,-1.0
2025-01-16,SUPERVISION,18,90000.0,9,2.0,10000.0,0.0
2025-01-17,PASS,10,1000.0,0,1.0,100.0,0.0
2025-01-17,SIM,8,8000.0,3,0.0,0.0,0.0
2025-01-17,SUPERVISION,16,80000.0,10,-2.0,-10000.0,1.0
2025-01-18,PASS,10,1000.0,0,0.0,0.0,0.0
2025-01-18,SIM,9,9000.0,3,1.0,1000.0,0.0
2025-01-18,SUPERVISION,14,70000.0,11,-2.0,-10000.0,1.0
2025-01-19,PASS,9,900.0,0,-1.0,-100.0,0.0
2025-01-19,SIM,8,8000.0,3,-1.0,-1000.0,0.0
2025-01-19,SUPERVISION,14,70000.0,13,0.0,0.0,2.0
2025-01-20,PASS,10,1000.0,0,1.0,100.0,0.0
2025-01-20,SIM,7,7000.0,3,-1.0,-1000.0,0.0
2025-01-20,SUPERVISION,17,85000.0,10,3.0,15000.0,-3.0
2025-01-21,PASS,10,1000.0,0,0.0,0.0,0.0
2025-01-21,SIM,7,7000.0,3,0.0,0.0,0.0
2025-01-21,SUPERVISION,17,85000.0,11,0.0,0.0,1.0
2025-01-22,PASS,11,1100.0,0,1.0,100.0,0.0
2025-01-22,SIM,7,7000.0,3,0.0,0.0,0.0
2025-01-22,SUPERVISION,16,80000.0,11,-1.0,-5000.0,0.0
2025-01-23,PASS,11,1100.0,0,0.0,0.0,0.0
2025-01-23,SIM,8,8000.0,2,1.0,1000.0,-1.0
2025-01-23,SUPERVISION,16,80000.0,11,0.0,0.0,0.0
2025-01-24,PASS,10,1000.0,0,-1.0,-100.0,0.0
2025-01-24,SIM,7,7000.0,3,-1.0,-1000.0,1.0
2025-01-24,SUPERVISION,18,90000.0,10,2.0,10000.0,-1.0
2025-01-25,PASS,10,1000.0,0,0.0,0.0,0.0
2025-01-25,SIM,7,7000.0,3,0.0,0.0,0.0
2025-01-25,SUPERVISION,17,85000.0,11,-1.0,-5000.0,1.0
2025-01-26,PASS,11,1100.0,0,1.0,100.0,0.0
2025-01-26,SIM,8,8000.0,2,1.0,1000.0,-1.0
2025-01-26,SUPERVISION,16,80000.0,11,-1.0,-5000.0,0.0
2025-01-27,PASS,11,1100.0,0,0.0,0.0,0.0
2025-01-27,SIM,8,8000.0,2,0.0,0.0,0.0
2025-01-27,SUPERVISION,15,75000.0,12,-1.0,-5000.0,1.0
2025-01-28,PASS,10,1000.0,0,-1.0,-100.0,0.0
2025-01-28,SIM,9,9000.0,2,1.0,1000.0,0.0
2025-01-28,SUPERVISION,16,80000.0,11,1.0,5000.0,-1.0
2025-01-29,PASS,12,1200.0,0,2.0,200.0,0.0
2025-01-29,SIM,8,8000.0,2,-1.0,-1000.0,0.0
2025-01-29,SUPERVISION,15,75000.0,12,-1.0,-5000.0,1.0
2025-01-30,PASS,12,1200.0,0,0.0,0.0,0.0
2025-01-30,SIM,6,6000.0,2,-2.0,-2000.0,0.0
2025-01-30,SUPERVISION,17,85000.0,12,2.0,10000.0,0.0
2025-01-31,PASS,12,1200.0,1,0.0,0.0,1.0
2025-01-31,SIM,7,7000.0,2,1.0,1000.0,0.0
2025-01-31,SUPERVISION,16,80000.0,11,-1.0,-5000.0,-1.0
2025-02-01,PASS,12,1200.0,1,0.0,0.0,0.0
2025-02-01,SIM,6,6000.0,3,-1.0,-1000.0,1.0
2025-02-01,SUPERVISION,16,80000.0,11,0.0,0.0,0.0
2025-02-02,PASS,12,1200.0,3,0.0,0.0,2.0
2025-02-02,SIM,6,6000.0,3,0.0,0.0,0.0
2025-02-02,SUPERVISION,15,75000.0,10,-1.0,-5000.0,-1.0
2025-02-03,PASS,13,1300.0,1,1.0,100.0,-2.0
2025-02-03,SIM,6,6000.0,4,0.0,0.0,1.0
2025-02-03,SUPERVISION,15,75000.0,11,0.0,0.0,1.0
2025-02-04,PASS,14,1400.0,1,1.0,100.0,0.0
2025-02-04,SIM,6,6000.0,5,0.0,0.0,1.0
2025-02-04,SUPERVISION,15,75000.0,9,0.0,0.0,-2.0
2025-02-05,PASS,16,1600.0,1,2.0,200.0,0.0
2025-02-05,SIM,7,7000.0,4,1.0,1000.0,-1.0
2025-02-05,SUPERVISION,14,70000.0,10,-1.0,-5000.0,1.0
2025-02-06,PASS,16,1600.0,2,0.0,0.0,1.0
2025-02-06,SIM,7,7000.0,6,0.0,0.0,2.0
2025-02-06,SUPERVISION,16,80000.0,6,2.0,10000.0,-4.0
2025-02-07,PASS,17,1700.0,1,1.0,100.0,-1.0
2025-02-07,SIM,6,6000.0,7,-1.0,-1000.0,1.0
2025-02-07,SUPERVISION,16,80000.0,6,0.0,0.0,0.0
2025-02-08,PASS,16,1600.0,3,-1.0,-100.0,2.0
2025-02-08,SIM,7,7000.0,6,1.0,1000.0,-1.0
2025-02-08,SUPERVISION,15,75000.0,6,-1.0,-5000.0,0.0
2025-02-09,PASS,18,1800.0,3,2.0,200.0,0.0
2025-02-09,SIM,7,7000.0,6,0.0,0.0,0.0
2025-02-09,SUPERVISION,14,70000.0,7,-1.0,-5000.0,1.0
2025-02-10,PASS,18,1800.0,3,0.0,0.0,0.0
2025-02-10,SIM,7,7000.0,6,0.0,0.0,0.0
2025-02-10,SUPERVISION,14,70000.0,7,0.0,0.0,0.0
2025-02-11,PASS,19,1900.0,4,1.0,100.0,1.0
2025-02-11,SIM,7,7000.0,5,0.0,0.0,-1.0
2025-02-11,SUPERVISION,14,70000.0,6,0.0,0.0,-1.0
2025-02-12,PASS,19,1900.0,5,0.0,0.0,1.0
2025-02-12,SIM,7,7000.0,4,0.0,0.0,-1.0
2025-02-12,SUPERVISION,13,65000.0,7,-1.0,-5000.0,1.0
2025-02-13,PASS,19,1900.0,4,0.0,0.0,-1.0
2025-02-13,SIM,7,7000.0,6,0.0,0.0,2.0
2025-02-13,SUPERVISION,13,65000.0,6,0.0,0.0,-1.0
2025-02-14,PASS,19,1900.0,4,0.0,0.0,0.0
2025-02-14,SIM,8,8000.0,5,1.0,1000.0,-1.0
2025-02-14,SUPERVISION,12,60000.0,7,-1.0,-5000.0,1.0
2025-02-15,PASS,19,1900.0,5,0.0,0.0,1.0
2025-02-15,SIM,7,7000.0,6,-1.0,-1000.0,1.0
2025-02-15,SUPERVISION,12,60000.0,6,0.0,0.0,-1.0
2025-02-16,PASS,20,2000.0,4,1.0,100.0,-1.0
2025-02-16,SIM,7,7000.0,5,0.0,0.0,-1.0
2025-02-16,SUPERVISION,13,65000.0,7,1.0,5000.0,1.0
2025-02-17,PASS,21,2100.0,4,1.0,100.0,0.0
2025-02-17,SIM,8,8000.0,5,1.0,1000.0,0.0
2025-02-17,SUPERVISION,13,65000.0,5,0.0,0.0,-2.0
2025-02-18,PASS,20,2000.0,4,-1.0,-100.0,0.0
2025-02-18,SIM,8,8000.0,6,0.0,0.0,1.0
2025-02-18,SUPERVISION,13,65000.0,5,0.0,0.0,0.0
2025-02-19,PASS,21,2100.0,5,1.0,100.0,1.0
2025-02-19,SIM,7,7000.0,4,-1.0,-1000.0,-2.0
2025-02-19,SUPERVISION,14,70000.0,5,1.0,5000.0,0.0
2025-02-20,PASS,20,2000.0,5,-1.0,-100.0,0.0
2025-02-20,SIM,7,7000.0,5,0.0,0.0,1.0
2025-02-20,SUPERVISION,14,70000.0,5,0.0,0.0,0.0
2025-02-21,PASS,19,1900.0,5,-1.0,-100.0,0.0
2025-02-21,SIM,7,7000.0,4,0.0,0.0,-1.0
2025-02-21,SUPERVISION,15,75000.0,6,1.0,5000.0,1.0
2025-02-22,PASS,19,1900.0,5,0.0,0.0,0.0
2025-02-22,SIM,7,7000.0,5,0.0,0.0,1.0
2025-02-22,SUPERVISION,15,75000.0,5,0.0,0.0,-1.0
2025-02-23,PASS,19,1900.0,3,0.0,0.0,-2.0
2025-02-23,SIM,7,7000.0,4,0.0,0.0,-1.0
2025-02-23,SUPERVISION,16,80000.0,7,1.0,5000.0,2.0
2025-02-24,PASS,18,1800.0,4,-1.0,-100.0,1.0
2025-02-24,SIM,8,8000.0,4,1.0,1000.0,0.0
2025-02-24,SUPERVISION,15,75000.0,7,-1.0,-5000.0,0.0
2025-02-25,PASS,18,1800.0,3,0.0,0.0,-1.0
2025-02-25,SIM,9,9000.0,4,1.0,1000.0,0.0
2025-02-25,SUPERVISION,16,80000.0,6,1.0,5000.0,-1.0
2025-02-26,PASS,17,1700.0,3,-1.0,-100.0,0.0
2025-02-26,SIM,9,9000.0,4,0.0,0.0,0.0
2025-02-26,SUPERVISION,17,85000.0,7,1.0,5000.0,1.0
2025-02-27,PASS,18,1800.0,3,1.0,100.0,0.0
2025-02-27,SIM,8,8000.0,5,-1.0,-1000.0,1.0
2025-02-27,SUPERVISION,17,85000.0,6,0.0,0.0,-1.0
2025-02-28,PASS,18,1800.0,4,0.0,0.0,1.0
2025-02-28,SIM,9,9000.0,5,1.0,1000.0,0.0
2025-02-28,SUPERVISION,15,75000.0,6,-2.0,-10000.0,0.0
2025-03-01,PASS,19,1900.0,3,1.0,100.0,-1.0
2025-03-01,SIM,8,8000.0,6,-1.0,-1000.0,1.0
2025-03-01,SUPERVISION,15,75000.0,6,0.0,0.0,0.0
2025-03-02,PASS,18,1800.0,3,-1.0,-100.0,0.0
2025-03-02,SIM,9,9000.0,6,1.0,1000.0,0.0
2025-03-02,SUPERVISION,16,80000.0,7,1.0,5000.0,1.0
2025-03-03,PASS,18,1800.0,4,0.0,0.0,1.0
2025-03-03,SIM,10,10000.0,6,1.0,1000.0,0.0
2025-03-03,SUPERVISION,16,80000.0,6,0.0,0.0,-1.0
2025-03-04,PASS,17,1700.0,5,-1.0,-100.0,1.0
2025-03-04,SIM,8,8000.0,7,-2.0,-2000.0,1.0
2025-03-04,SUPERVISION,18,90000.0,5,2.0,10000.0,-1.0
2025-03-05,PASS,19,1900.0,3,2.0,200.0,-2.0
2025-03-05,SIM,8,8000.0,7,0.0,0.0,0.0
2025-03-05,SUPERVISION,18,90000.0,5,0.0,0.0,0.0
2025-03-06,PASS,19,1900.0,4,0.0,0.0,1.0
2025-03-06,SIM,8,8000.0,6,0.0,0.0,-1.0
2025-03-06,SUPERVISION,18,90000.0,5,0.0,0.0,0.0
2025-03-07,PASS,18,1800.0,3,-1.0,-100.0,-1.0
2025-03-07,SIM,9,9000.0,6,1.0,1000.0,0.0
2025-03-07,SUPERVISION,18,90000.0,6,0.0,0.0,1.0
2025-03-08,PASS,19,1900.0,3,1.0,100.0,0.0
2025-03-08,SIM,9,9000.0,6,0.0,0.0,0.0
2025-03-08,SUPERVISION,17,85000.0,6,-1.0,-5000.0,0.0
2025-03-09,PASS,18,1800.0,4,-1.0,-100.0,1.0
2025-03-09,SIM,8,8000.0,6,-1.0,-1000.0,0.0
2025-03-09,SUPERVISION,19,95000.0,5,2.0,10000.0,-1.0
2025-03-10,PASS,19,1900.0,4,1.0,100.0,0.0
2025-03-10,SIM,9,9000.0,6,1.0,1000.0,0.0
2025-03-10,SUPERVISION,17,85000.0,6,-2.0,-10000.0,1.0
2025-03-11,PASS,17,1700.0,3,-2.0,-200.0,-1.0
2025-03-11,SIM,9,9000.0,6,0.0,0.0,0.0
2025-03-11,SUPERVISION,19,95000.0,7,2.0,10000.0,1.0
2025-03-12,PASS,17,1700.0,3,0.0,0.0,0.0
2025-03-12,SIM,9,9000.0,6,0.0,0.0,0.0
2025-03-12,SUPERVISION,20,100000.0,6,1.0,5000.0,-1.0
2025-03-13,PASS,18,1800.0,3,1.0,100.0,0.0
2025-03-13,SIM,9,9000.0,6,0.0,0.0,0.0
2025-03-13,SUPERVISION,19,95000.0,6,-1.0,-5000.0,0.0
2025-03-14,PASS,17,1700.0,3,-1.0,-100.0,0.0
2025-03-14,SIM,9,9000.0,6,0.0,0.0,0.0
2025-03-14,SUPERVISION,19,95000.0,7,0.0,0.0,1.0
2025-03-15,PASS,18,1800.0,3,1.0,100.0,0.0
2025-03-15,SIM,7,7000.0,7,-2.0,-2000.0,1.0
2025-03-15,SUPERVISION,19,95000.0,7,0.0,0.0,0.0
2025-03-16,PASS,17,1700.0,5,-1.0,-100.0,2.0
2025-03-16,SIM,7,7000.0,6,0.0,0.0,-1.0
2025-03-16,SUPERVISION,19,95000.0,7,0.0,0.0,0.0
2025-03-17,PASS,16,1600.0,4,-1.0,-100.0,-1.0
2025-03-17,SIM,7,7000.0,6,0.0,0.0,0.0
2025-03-17,SUPERVISION,19,95000.0,9,0.0,0.0,2.0
2025-03-18,PASS,17,1700.0,4,1.0,100.0,0.0
2025-03-18,SIM,8,8000.0,7,1.0,1000.0,1.0
2025-03-18,SUPERVISION,19,95000.0,6,0.0,0.0,-3.0
2025-03-19,PASS,17,1700.0,3,0.0,0.0,-1.0
2025-03-19,SIM,8,8000.0,7,0.0,0.0,0.0
2025-03-19,SUPERVISION,19,95000.0,7,0.0,0.0,1.0
2025-03-20,PASS,16,1600.0,3,-1.0,-100.0,0.0
2025-03-20,SIM,8,8000.0,7,0.0,0.0,0.0
2025-03-20,SUPERVISION,20,100000.0,7,1.0,5000.0,0.0
2025-03-21,PASS,15,1500.0,3,-1.0,-100.0,0.0
2025-03-21,SIM,10,10000.0,7,2.0,2000.0,0.0
2025-03-21,SUPERVISION,20,100000.0,6,0.0,0.0,-1.0
2025-03-22,PASS,15,1500.0,4,0.0,0.0,1.0
2025-03-22,SIM,9,9000.0,8,-1.0,-1000.0,1.0
2025-03-22,SUPERVISION,20,100000.0,5,0.0,0.0,-1.0
2025-03-23,PASS,15,1500.0,4,0.0,0.0,0.0
2025-03-23,SIM,9,9000.0,9,0.0,0.0,1.0
2025-03-23,SUPERVISION,20,100000.0,4,0.0,0.0,-1.0
2025-03-24,PASS,15,1500.0,3,0.0,0.0,-1.0
2025-03-24,SIM,9,9000.0,8,0.0,0.0,-1.0
2025-03-24,SUPERVISION,19,95000.0,7,-1.0,-5000.0,3.0
2025-03-25,PASS,15,1500.0,3,0.0,0.0,0.0
2025-03-25,SIM,9,9000.0,8,0.0,0.0,0.0
2025-03-25,SUPERVISION,18,90000.0,8,-1.0,-5000.0,1.0
2025-03-26,PASS,18,1800.0,2,3.0,300.0,-1.0
2025-03-26,SIM,10,10000.0,8,1.0,1000.0,0.0
2025-03-26,SUPERVISION,18,90000.0,7,0.0,0.0,-1.0
2025-03-27,PASS,18,1800.0,2,0.0,0.0,0.0
2025-03-27,SIM,11,11000.0,9,1.0,1000.0,1.0
2025-03-27,SUPERVISION,18,90000.0,5,0.0,0.0,-2.0
2025-03-28,PASS,18,1800.0,2,0.0,0.0,0.0
2025-03-28,SIM,10,10000.0,9,-1.0,-1000.0,0.0
2025-03-28,SUPERVISION,19,95000.0,5,1.0,5000.0,0.0
2025-03-29,PASS,18,1800.0,2,0.0,0.0,0.0
2025-03-29,SIM,11,11000.0,8,1.0,1000.0,-1.0
2025-03-29,SUPERVISION,19,95000.0,5,0.0,0.0,0.0
2025-03-30,PASS,19,1900.0,2,1.0,100.0,0.0
2025-03-30,SIM,11,11000.0,8,0.0,0.0,0.0
2025-03-30,SUPERVISION,18,90000.0,5,-1.0,-5000.0,0.0
2025-03-31,PASS,20,2000.0,2,1.0,100.0,0.0
2025-03-31,SIM,10,10000.0,9,-1.0,-1000.0,1.0
2025-03-31,SUPERVISION,17,85000.0,5,-1.0,-5000.0,0.0
2025-04-01,PASS,20,2000.0,3,0.0,0.0,1.0
2025-04-01,SIM,11,11000.0,7,1.0,1000.0,-2.0
2025-04-01,SUPERVISION,16,80000.0,6,-1.0,-5000.0,1.0
2025-04-02,PASS,20,2000.0,3,0.0,0.0,0.0
2025-04-02,SIM,11,11000.0,6,0.0,0.0,-1.0
2025-04-02,SUPERVISION,16,80000.0,7,0.0,0.0,1.0
2025-04-03,PASS,20,2000.0,3,0.0,0.0,0.0
2025-04-03,SIM,12,12000.0,6,1.0,1000.0,0.0
2025-04-03,SUPERVISION,16,80000.0,6,0.0,0.0,-1.0
2025-04-04,PASS,20,2000.0,3,0.0,0.0,0.0
2025-04-04,SIM,11,11000.0,6,-1.0,-1000.0,0.0
2025-04-04,SUPERVISION,17,85000.0,6,1.0,5000.0,0.0
2025-04-05,PASS,19,1900.0,5,-1.0,-100.0,2.0
2025-04-05,SIM,11,11000.0,4,0.0,0.0,-2.0
2025-04-05,SUPERVISION,16,80000.0,8,-1.0,-5000.0,2.0
2025-04-06,PASS,19,1900.0,5,0.0,0.0,0.0
2025-04-06,SIM,10,10000.0,4,-1.0,-1000.0,0.0
2025-04-06,SUPERVISION,17,85000.0,8,1.0,5000.0,0.0
2025-04-07,PASS,19,1900.0,5,0.0,0.0,0.0
2025-04-07,SIM,11,11000.0,4,1.0,1000.0,0.0
2025-04-07,SUPERVISION,18,90000.0,6,1.0,5000.0,-2.0
2025-04-08,PASS,20,2000.0,5,1.0,100.0,0.0
2025-04-08,SIM,9,9000.0,5,-2.0,-2000.0,1.0
2025-04-08,SUPERVISION,18,90000.0,6,0.0,0.0,0.0
2025-04-09,PASS,19,1900.0,5,-1.0,-100.0,0.0
2025-04-09,SIM,10,10000.0,5,1.0,1000.0,0.0
2025-04-09,SUPERVISION,18,90000.0,6,0.0,0.0,0.0
2025-04-10,PASS,18,1800.0,5,-1.0,-100.0,0.0
2025-04-10,SIM,9,9000.0,4,-1.0,-1000.0,-1.0
2025-04-10,SUPERVISION,20,100000.0,7,2.0,10000.0,1.0
2025-04-11,PASS,17,1700.0,5,-1.0,-100.0,0.0
2025-04-11,SIM,9,9000.0,4,0.0,0.0,0.0
2025-04-11,SUPERVISION,20,100000.0,8,0.0,0.0,1.0
2025-04-12,PASS,19,1900.0,5,2.0,200.0,0.0
2025-04-12,SIM,8,8000.0,5,-1.0,-1000.0,1.0
2025-04-12,SUPERVISION,19,95000.0,7,-1.0,-5000.0,-1.0
2025-04-13,PASS,17,1700.0,5,-2.0,-200.0,0.0
2025-04-13,SIM,9,9000.0,6,1.0,1000.0,1.0
2025-04-13,SUPERVISION,18,90000.0,8,-1.0,-5000.0,1.0
2025-04-14,PASS,17,1700.0,5,0.0,0.0,0.0
2025-04-14,SIM,9,9000.0,6,0.0,0.0,0.0
2025-04-14,SUPERVISION,19,95000.0,7,1.0,5000.0,-1.0
2025-04-15,PASS,17,1700.0,5,0.0,0.0,0.0
2025-04-15,SIM,9,9000.0,6,0.0,0.0,0.0
2025-04-15,SUPERVISION,19,95000.0,7,0.0,0.0,0.0
2025-04-16,PASS,17,1700.0,5,0.0,0.0,0.0
2025-04-16,SIM,10,10000.0,6,1.0,1000.0,0.0
2025-04-16,SUPERVISION,18,90000.0,7,-1.0,-5000.0,0.0
2025-04-17,PASS,18,1800.0,5,1.0,100.0,0.0
2025-04-17,SIM,8,8000.0,8,-2.0,-2000.0,2.0
2025-04-17,SUPERVISION,17,85000.0,7,-1.0,-5000.0,0.0
2025-04-18,PASS,18,1800.0,4,0.0,0.0,-1.0
2025-04-18,SIM,8,8000.0,7,0.0,0.0,-1.0
2025-04-18,SUPERVISION,18,90000.0,8,1.0,5000.0,1.0
2025-04-19,PASS,18,1800.0,4,0.0,0.0,0.0
2025-04-19,SIM,8,8000.0,7,0.0,0.0,0.0
2025-04-19,SUPERVISION,17,85000.0,9,-1.0,-5000.0,1.0
2025-04-20,PASS,18,1800.0,5,0.0,0.0,1.0
2025-04-20,SIM,8,8000.0,7,0.0,0.0,0.0
2025-04-20,SUPERVISION,17,85000.0,8,0.0,0.0,-1.0
2025-04-21,PASS,18,1800.0,5,0.0,0.0,0.0
2025-04-21,SIM,9,9000.0,6,1.0,1000.0,-1.0
2025-04-21,SUPERVISION,17,85000.0,8,0.0,0.0,0.0
2025-04-22,PASS,18,1800.0,5,0.0,0.0,0.0
2025-04-22,SIM,10,10000.0,6,1.0,1000.0,0.0
2025-04-22,SUPERVISION,16,80000.0,8,-1.0,-5000.0,0.0
2025-04-23,PASS,18,1800.0,5,0.0,0.0,0.0
2025-04-23,SIM,10,10000.0,6,0.0,0.0,0.0
2025-04-23,SUPERVISION,16,80000.0,8,0.0,0.0,0.0
2025-04-24,PASS,18,1800.0,5,0.0,0.0,0.0
2025-04-24,SIM,10,10000.0,7,0.0,0.0,1.0
2025-04-24,SUPERVISION,16,80000.0,7,0.0,0.0,-1.0
2025-04-25,PASS,18,1800.0,5,0.0,0.0,0.0
2025-04-25,SIM,11,11000.0,6,1.0,1000.0,-1.0
2025-04-25,SUPERVISION,16,80000.0,7,0.0,0.0,0.0
2025-04-26,PASS,18,1800.0,5,0.0,0.0,0.0
2025-04-26,SIM,10,10000.0,6,-1.0,-1000.0,0.0
2025-04-26,SUPERVISION,16,80000.0,8,0.0,0.0,1.0
2025-04-27,PASS,18,1800.0,5,0.0,0.0,0.0
2025-04-27,SIM,10,10000.0,6,0.0,0.0,0.0
2025-04-27,SUPERVISION,17,85000.0,7,1.0,5000.0,-1.0
2025-04-28,PASS,19,1900.0,5,1.0,100.0,0.0
2025-04-28,SIM,11,11000.0,6,1.0,1000.0,0.0
2025-04-28,SUPERVISION,17,85000.0,6,0.0,0.0,-1.0
2025-04-29,PASS,19,1900.0,4,0.0,0.0,-1.0
2025-04-29,SIM,10,10000.0,6,-1.0,-1000.0,0.0
2025-04-29,SUPERVISION,18,90000.0,7,1.0,5000.0,1.0
2025-04-30,PASS,19,1900.0,4,0.0,0.0,0.0
2025-04-30,SIM,10,10000.0,6,0.0,0.0,0.0
2025-04-30,SUPERVISION,18,90000.0,7,0.0,0.0,0.0
2025-05-01,PASS,18,1800.0,4,-1.0,-100.0,0.0
2025-05-01,SIM,11,11000.0,6,1.0,1000.0,0.0
2025-05-01,SUPERVISION,18,90000.0,7,0.0,0.0,0.0
2025-05-02,PASS,18,1800.0,3,0.0,0.0,-1.0
2025-05-02,SIM,10,10000.0,6,-1.0,-1000.0,0.0
2025-05-02,SUPERVISION,18,90000.0,9,0.0,0.0,2.0
2025-05-03,PASS,19,1900.0,3,1.0,100.0,0.0
2025-05-03,SIM,10,10000.0,7,0.0,0.0,1.0
2025-05-03,SUPERVISION,16,80000.0,9,-2.0,-10000.0,0.0
2025-05-04,PASS,18,1800.0,3,-1.0,-100.0,0.0
2025-05-04,SIM,9,9000.0,7,-1.0,-1000.0,0.0
2025-05-04,SUPERVISION,17,85000.0,10,1.0,5000.0,1.0
2025-05-05,PASS,19,1900.0,3,1.0,100.0,0.0
2025-05-05,SIM,8,8000.0,7,-1.0,-1000.0,0.0
2025-05-05,SUPERVISION,17,85000.0,10,0.0,0.0,0.0
2025-05-06,PASS,20,2000.0,3,1.0,100.0,0.0
2025-05-06,SIM,8,8000.0,7,0.0,0.0,0.0
2025-05-06,SUPERVISION,16,80000.0,10,-1.0,-5000.0,0.0
2025-05-07,PASS,18,1800.0,4,-2.0,-200.0,1.0
2025-05-07,SIM,9,9000.0,4,1.0,1000.0,-3.0
2025-05-07,SUPERVISION,18,90000.0,11,2.0,10000.0,1.0
2025-05-08,PASS,18,1800.0,5,0.0,0.0,1.0
2025-05-08,SIM,9,9000.0,3,0.0,0.0,-1.0
2025-05-08,SUPERVISION,18,90000.0,11,0.0,0.0,0.0
2025-05-09,PASS,18,1800.0,5,0.0,0.0,0.0
2025-05-09,SIM,9,9000.0,4,0.0,0.0,1.0
2025-05-09,SUPERVISION,19,95000.0,9,1.0,5000.0,-2.0
2025-05-10,PASS,19,1900.0,6,1.0,100.0,1.0
2025-05-10,SIM,9,9000.0,5,0.0,0.0,1.0
2025-05-10,SUPERVISION,17,85000.0,8,-2.0,-10000.0,-1.0
2025-05-11,PASS,18,1800.0,6,-1.0,-100.0,0.0
2025-05-11,SIM,9,9000.0,6,0.0,0.0,1.0
2025-05-11,SUPERVISION,18,90000.0,7,1.0,5000.0,-1.0
2025-05-12,PASS,18,1800.0,5,0.0,0.0,-1.0
2025-05-12,SIM,9,9000.0,5,0.0,0.0,-1.0
2025-05-12,SUPERVISION,17,85000.0,10,-1.0,-5000.0,3.0
2025-05-13,PASS,17,1700.0,5,-1.0,-100.0,0.0
2025-05-13,SIM,9,9000.0,6,0.0,0.0,1.0
2025-05-13,SUPERVISION,19,95000.0,8,2.0,10000.0,-2.0
2025-05-14,PASS,17,1700.0,5,0.0,0.0,0.0
2025-05-14,SIM,9,9000.0,6,0.0,0.0,0.0
2025-05-14,SUPERVISION,20,100000.0,7,1.0,5000.0,-1.0
2025-05-15,PASS,17,1700.0,4,0.0,0.0,-1.0
2025-05-15,SIM,9,9000.0,6,0.0,0.0,0.0
2025-05-15,SUPERVISION,19,95000.0,9,-1.0,-5000.0,2.0
2025-05-16,PASS,18,1800.0,5,1.0,100.0,1.0
2025-05-16,SIM,9,9000.0,6,0.0,0.0,0.0
2025-05-16,SUPERVISION,19,95000.0,7,0.0,0.0,-2.0
2025-05-17,PASS,18,1800.0,4,0.0,0.0,-1.0
2025-05-17,SIM,8,8000.0,6,-1.0,-1000.0,0.0
2025-05-17,SUPERVISION,19,95000.0,9,0.0,0.0,2.0
2025-05-18,PASS,18,1800.0,5,0.0,0.0,1.0
2025-05-18,SIM,8,8000.0,5,0.0,0.0,-1.0
2025-05-18,SUPERVISION,20,100000.0,8,1.0,5000.0,-1.0
2025-05-19,PASS,19,1900.0,5,1.0,100.0,0.0
2025-05-19,SIM,8,8000.0,5,0.0,0.0,0.0
2025-05-19,SUPERVISION,19,95000.0,8,-1.0,-5000.0,0.0
2025-05-20,PASS,17,1700.0,5,-2.0,-200.0,0.0
2025-05-20,SIM,9,9000.0,5,1.0,1000.0,0.0
2025-05-20,SUPERVISION,20,100000.0,8,1.0,5000.0,0.0
2025-05-21,PASS,17,1700.0,5,0.0,0.0,0.0
2025-05-21,SIM,9,9000.0,5,0.0,0.0,0.0
2025-05-21,SUPERVISION,20,100000.0,8,0.0,0.0,0.0
2025-05-22,PASS,17,1700.0,4,0.0,0.0,-1.0
2025-05-22,SIM,9,9000.0,5,0.0,0.0,0.0
2025-05-22,SUPERVISION,20,100000.0,9,0.0,0.0,1.0
2025-05-23,PASS,17,1700.0,5,0.0,0.0,1.0
2025-05-23,SIM,8,8000.0,5,-1.0,-1000.0,0.0
2025-05-23,SUPERVISION,21,105000.0,8,1.0,5000.0,-1.0
2025-05-24,PASS,17,1700.0,4,0.0,0.0,-1.0
2025-05-24,SIM,9,9000.0,6,1.0,1000.0,1.0
2025-05-24,SUPERVISION,20,100000.0,8,-1.0,-5000.0,0.0
2025-05-25,PASS,17,1700.0,4,0.0,0.0,0.0
2025-05-25,SIM,9,9000.0,5,0.0,0.0,-1.0
2025-05-25,SUPERVISION,20,100000.0,9,0.0,0.0,1.0
2025-05-26,PASS,17,1700.0,4,0.0,0.0,0.0
2025-05-26,SIM,10,10000.0,5,1.0,1000.0,0.0
2025-05-26,SUPERVISION,19,95000.0,9,-1.0,-5000.0,0.0
2025-05-27,PASS,17,1700.0,5,0.0,0.0,1.0
2025-05-27,SIM,11,11000.0,4,1.0,1000.0,-1.0
2025-05-27,SUPERVISION,18,90000.0,9,-1.0,-5000.0,0.0
2025-05-28,PASS,19,1900.0,5,2.0,200.0,0.0
2025-05-28,SIM,9,9000.0,4,-2.0,-2000.0,0.0
2025-05-28,SUPERVISION,18,90000.0,10,0.0,0.0,1.0
2025-05-29,PASS,19,1900.0,5,0.0,0.0,0.0
2025-05-29,SIM,10,10000.0,4,1.0,1000.0,0.0
2025-05-29,SUPERVISION,18,90000.0,10,0.0,0.0,0.0
2025-05-30,PASS,19,1900.0,5,0.0,0.0,0.0
2025-05-30,SIM,11,11000.0,4,1.0,1000.0,0.0
2025-05-30,SUPERVISION,18,90000.0,9,0.0,0.0,-1.0
2025-05-31,PASS,18,1800.0,5,-1.0,-100.0,0.0
2025-05-31,SIM,12,12000.0,5,1.0,1000.0,1.0
2025-05-31,SUPERVISION,16,80000.0,10,-2.0,-10000.0,1.0
2025-06-01,PASS,18,1800.0,6,0.0,0.0,1.0
2025-06-01,SIM,12,12000.0,5,0.0,0.0,0.0
2025-06-01,SUPERVISION,16,80000.0,9,0.0,0.0,-1.0
2025-06-02,PASS,18,1800.0,5,0.0,0.0,-1.0
2025-06-02,SIM,12,12000.0,5,0.0,0.0,0.0
2025-06-02,SUPERVISION,16,80000.0,10,0.0,0.0,1.0
2025-06-03,PASS,17,1700.0,5,-1.0,-100.0,0.0
2025-06-03,SIM,11,11000.0,6,-1.0,-1000.0,1.0
2025-06-03,SUPERVISION,18,90000.0,9,2.0,10000.0,-1.0
2025-06-04,PASS,17,1700.0,5,0.0,0.0,0.0
2025-06-04,SIM,10,10000.0,5,-1.0,-1000.0,-1.0
2025-06-04,SUPERVISION,20,100000.0,9,2.0,10000.0,0.0
2025-06-05,PASS,17,1700.0,5,0.0,0.0,0.0
2025-06-05,SIM,11,11000.0,5,1.0,1000.0,0.0
2025-06-05,SUPERVISION,19,95000.0,9,-1.0,-5000.0,0.0
2025-06-06,PASS,17,1700.0,5,0.0,0.0,0.0
2025-06-06,SIM,10,10000.0,5,-1.0,-1000.0,0.0
2025-06-06,SUPERVISION,20,100000.0,9,1.0,5000.0,0.0
2025-06-07,PASS,16,1600.0,7,-1.0,-100.0,2.0
2025-06-07,SIM,10,10000.0,6,0.0,0.0,1.0
2025-06-07,SUPERVISION,20,100000.0,7,0.0,0.0,-2.0
2025-06-08,PASS,16,1600.0,7,0.0,0.0,0.0
2025-06-08,SIM,10,10000.0,6,0.0,0.0,0.0
2025-06-08,SUPERVISION,20,100000.0,7,0.0,0.0,0.0
2025-06-09,PASS,16,1600.0,6,0.0,0.0,-1.0
2025-06-09,SIM,10,10000.0,5,0.0,0.0,-1.0
2025-06-09,SUPERVISION,21,105000.0,8,1.0,5000.0,1.0
2025-06-10,PASS,16,1600.0,4,0.0,0.0,-2.0
2025-06-10,SIM,10,10000.0,5,0.0,0.0,0.0
2025-06-10,SUPERVISION,21,105000.0,10,0.0,0.0,2.0
2025-06-11,PASS,15,1500.0,5,-1.0,-100.0,1.0
2025-06-11,SIM,10,10000.0,4,0.0,0.0,-1.0
2025-06-11,SUPERVISION,22,110000.0,10,1.0,5000.0,0.0
2025-06-12,PASS,15,1500.0,5,0.0,0.0,0.0
2025-06-12,SIM,10,10000.0,4,0.0,0.0,0.0
2025-06-12,SUPERVISION,22,110000.0,10,0.0,0.0,0.0
2025-06-13,PASS,15,1500.0,5,0.0,0.0,0.0
2025-06-13,SIM,10,10000.0,5,0.0,0.0,1.0
2025-06-13,SUPERVISION,21,105000.0,10,-1.0,-5000.0,0.0
2025-06-14,PASS,15,1500.0,5,0.0,0.0,0.0
2025-06-14,SIM,10,10000.0,4,0.0,0.0,-1.0
2025-06-14,SUPERVISION,21,105000.0,11,0.0,0.0,1.0
2025-06-15,PASS,14,1400.0,5,-1.0,-100.0,0.0
2025-06-15,SIM,11,11000.0,4,1.0,1000.0,0.0
2025-06-15,SUPERVISION,20,100000.0,12,-1.0,-5000.0,1.0
2025-06-16,PASS,15,1500.0,5,1.0,100.0,0.0
2025-06-16,SIM,11,11000.0,5,0.0,0.0,1.0
2025-06-16,SUPERVISION,19,95000.0,11,-1.0,-5000.0,-1.0
2025-06-17,PASS,16,1600.0,6,1.0,100.0,1.0
2025-06-17,SIM,9,9000.0,5,-2.0,-2000.0,0.0
2025-06-17,SUPERVISION,19,95000.0,11,0.0,0.0,0.0
2025-06-18,PASS,16,1600.0,7,0.0,0.0,1.0
2025-06-18,SIM,10,10000.0,3,1.0,1000.0,-2.0
2025-06-18,SUPERVISION,19,95000.0,11,0.0,0.0,0.0
2025-06-19,PASS,16,1600.0,6,0.0,0.0,-1.0
2025-06-19,SIM,9,9000.0,4,-1.0,-1000.0,1.0
2025-06-19,SUPERVISION,19,95000.0,12,0.0,0.0,1.0
2025-06-20,PASS,16,1600.0,6,0.0,0.0,0.0
2025-06-20,SIM,9,9000.0,3,0.0,0.0,-1.0
2025-06-20,SUPERVISION,18,90000.0,14,-1.0,-5000.0,2.0
2025-06-21,PASS,16,1600.0,7,0.0,0.0,1.0
2025-06-21,SIM,9,9000.0,3,0.0,0.0,0.0
2025-06-21,SUPERVISION,19,95000.0,12,1.0,5000.0,-2.0
2025-06-22,PASS,16,1600.0,5,0.0,0.0,-2.0
2025-06-22,SIM,9,9000.0,4,0.0,0.0,1.0
2025-06-22,SUPERVISION,18,90000.0,14,-1.0,-5000.0,2.0
2025-06-23,PASS,16,1600.0,5,0.0,0.0,0.0
2025-06-23,SIM,8,8000.0,7,-1.0,-1000.0,3.0
2025-06-23,SUPERVISION,18,90000.0,12,0.0,0.0,-2.0
2025-06-24,PASS,16,1600.0,5,0.0,0.0,0.0
2025-06-24,SIM,8,8000.0,5,0.0,0.0,-2.0
2025-06-24,SUPERVISION,18,90000.0,14,0.0,0.0,2.0
2025-06-25,PASS,16,1600.0,5,0.0,0.0,0.0
2025-06-25,SIM,8,8000.0,5,0.0,0.0,0.0
2025-06-25,SUPERVISION,19,95000.0,13,1.0,5000.0,-1.0
2025-06-26,PASS,16,1600.0,5,0.0,0.0,0.0
2025-06-26,SIM,8,8000.0,6,0.0,0.0,1.0
2025-06-26,SUPERVISION,19,95000.0,12,0.0,0.0,-1.0
2025-06-27,PASS,16,1600.0,5,0.0,0.0,0.0
2025-06-27,SIM,10,10000.0,4,2.0,2000.0,-2.0
2025-06-27,SUPERVISION,19,95000.0,12,0.0,0.0,0.0
2025-06-28,PASS,16,1600.0,5,0.0,0.0,0.0
2025-06-28,SIM,9,9000.0,4,-1.0,-1000.0,0.0
2025-06-28,SUPERVISION,19,95000.0,13,0.0,0.0,1.0
2025-06-29,PASS,16,1600.0,6,0.0,0.0,1.0
2025-06-29,SIM,9,9000.0,4,0.0,0.0,0.0
2025-06-29,SUPERVISION,20,100000.0,12,1.0,5000.0,-1.0
2025-06-30,PASS,16,1600.0,6,0.0,0.0,0.0
2025-06-30,SIM,9,9000.0,4,0.0,0.0,0.0
2025-06-30,SUPERVISION,19,95000.0,13,-1.0,-5000.0,1.0
2025-07-01,PASS,17,1700.0,5,1.0,100.0,-1.0
2025-07-01,SIM,9,9000.0,4,0.0,0.0,0.0
2025-07-01,SUPERVISION,19,95000.0,13,0.0,0.0,0.0
2025-07-02,PASS,16,1600.0,5,-1.0,-100.0,0.0
2025-07-02,SIM,9,9000.0,5,0.0,0.0,1.0
2025-07-02,SUPERVISION,19,95000.0,13,0.0,0.0,0.0
2025-07-03,PASS,16,1600.0,5,0.0,0.0,0.0
2025-07-03,SIM,9,9000.0,4,0.0,0.0,-1.0
2025-07-03,SUPERVISION,20,100000.0,13,1.0,5000.0,0.0
2025-07-04,PASS,16,1600.0,5,0.0,0.0,0.0
2025-07-04,SIM,9,9000.0,4,0.0,0.0,0.0
2025-07-04,SUPERVISION,21,105000.0,12,1.0,5000.0,-1.0
2025-07-05,PASS,16,1600.0,5,0.0,0.0,0.0
2025-07-05,SIM,10,10000.0,4,1.0,1000.0,0.0
2025-07-05,SUPERVISION,19,95000.0,13,-2.0,-10000.0,1.0
2025-07-06,PASS,18,1800.0,5,2.0,200.0,0.0
2025-07-06,SIM,9,9000.0,5,-1.0,-1000.0,1.0
2025-07-06,SUPERVISION,19,95000.0,11,0.0,0.0,-2.0
2025-07-07,PASS,17,1700.0,6,-1.0,-100.0,1.0
2025-07-07,SIM,8,8000.0,5,-1.0,-1000.0,0.0
2025-07-07,SUPERVISION,20,100000.0,11,1.0,5000.0,0.0
2025-07-08,PASS,17,1700.0,6,0.0,0.0,0.0
2025-07-08,SIM,8,8000.0,5,0.0,0.0,0.0
2025-07-08,SUPERVISION,20,100000.0,11,0.0,0.0,0.0
2025-07-09,PASS,17,1700.0,5,0.0,0.0,-1.0
2025-07-09,SIM,8,8000.0,6,0.0,0.0,1.0
2025-07-09,SUPERVISION,18,90000.0,13,-2.0,-10000.0,2.0
2025-07-10,PASS,17,1700.0,6,0.0,0.0,1.0
2025-07-10,SIM,8,8000.0,5,0.0,0.0,-1.0
2025-07-10,SUPERVISION,18,90000.0,13,0.0,0.0,0.0
2025-07-11,PASS,17,1700.0,6,0.0,0.0,0.0
2025-07-11,SIM,8,8000.0,5,0.0,0.0,0.0
2025-07-11,SUPERVISION,19,95000.0,12,1.0,5000.0,-1.0
2025-07-12,PASS,17,1700.0,4,0.0,0.0,-2.0
2025-07-12,SIM,8,8000.0,5,0.0,0.0,0.0
2025-07-12,SUPERVISION,19,95000.0,14,0.0,0.0,2.0
2025-07-13,PASS,17,1700.0,4,0.0,0.0,0.0
2025-07-13,SIM,8,8000.0,5,0.0,0.0,0.0
2025-07-13,SUPERVISION,20,100000.0,14,1.0,5000.0,0.0
2025-07-14,PASS,17,1700.0,5,0.0,0.0,1.0
2025-07-14,SIM,8,8000.0,4,0.0,0.0,-1.0
2025-07-14,SUPERVISION,20,100000.0,14,0.0,0.0,0.0
2025-07-15,PASS,17,1700.0,4,0.0,0.0,-1.0
2025-07-15,SIM,8,8000.0,4,0.0,0.0,0.0
2025-07-15,SUPERVISION,21,105000.0,14,1.0,5000.0,0.0
2025-07-16,PASS,17,1700.0,5,0.0,0.0,1.0
2025-07-16,SIM,8,8000.0,4,0.0,0.0,0.0
2025-07-16,SUPERVISION,20,100000.0,14,-1.0,-5000.0,0.0
2025-07-17,PASS,18,1800.0,4,1.0,100.0,-1.0
2025-07-17,SIM,8,8000.0,4,0.0,0.0,0.0
2025-07-17,SUPERVISION,19,95000.0,15,-1.0,-5000.0,1.0
2025-07-18,PASS,18,1800.0,4,0.0,0.0,0.0
2025-07-18,SIM,8,8000.0,4,0.0,0.0,0.0
2025-07-18,SUPERVISION,19,95000.0,15,0.0,0.0,0.0
2025-07-19,PASS,17,1700.0,4,-1.0,-100.0,0.0
2025-07-19,SIM,9,9000.0,4,1.0,1000.0,0.0
2025-07-19,SUPERVISION,19,95000.0,15,0.0,0.0,0.0
2025-07-20,PASS,17,1700.0,5,0.0,0.0,1.0
2025-07-20,SIM,8,8000.0,4,-1.0,-1000.0,0.0
2025-07-20,SUPERVISION,20,100000.0,14,1.0,5000.0,-1.0
2025-07-21,PASS,17,1700.0,4,0.0,0.0,-1.0
2025-07-21,SIM,8,8000.0,4,0.0,0.0,0.0
2025-07-21,SUPERVISION,20,100000.0,15,0.0,0.0,1.0
2025-07-22,PASS,17,1700.0,5,0.0,0.0,1.0
2025-07-22,SIM,8,8000.0,4,0.0,0.0,0.0
2025-07-22,SUPERVISION,20,100000.0,14,0.0,0.0,-1.0
2025-07-23,PASS,17,1700.0,3,0.0,0.0,-2.0
2025-07-23,SIM,8,8000.0,4,0.0,0.0,0.0
2025-07-23,SUPERVISION,20,100000.0,16,0.0,0.0,2.0
2025-07-24,PASS,17,1700.0,3,0.0,0.0,0.0
2025-07-24,SIM,8,8000.0,4,0.0,0.0,0.0
2025-07-24,SUPERVISION,20,100000.0,16,0.0,0.0,0.0
2025-07-25,PASS,17,1700.0,4,0.0,0.0,1.0
2025-07-25,SIM,8,8000.0,4,0.0,0.0,0.0
2025-07-25,SUPERVISION,20,100000.0,15,0.0,0.0,-1.0
2025-07-26,PASS,17,1700.0,3,0.0,0.0,-1.0
2025-07-26,SIM,8,8000.0,4,0.0,0.0,0.0
2025-07-26,SUPERVISION,20,100000.0,16,0.0,0.0,1.0
2025-07-27,PASS,16,1600.0,4,-1.0,-100.0,1.0
2025-07-27,SIM,8,8000.0,4,0.0,0.0,0.0
2025-07-27,SUPERVISION,20,100000.0,16,0.0,0.0,0.0
2025-07-28,PASS,16,1600.0,4,0.0,0.0,0.0
2025-07-28,SIM,8,8000.0,4,0.0,0.0,0.0
2025-07-28,SUPERVISION,20,100000.0,16,0.0,0.0,0.0
2025-07-29,PASS,16,1600.0,4,0.0,0.0,0.0
2025-07-29,SIM,8,8000.0,4,0.0,0.0,0.0
2025-07-29,SUPERVISION,19,95000.0,17,-1.0,-5000.0,1.0
2025-07-30,PASS,16,1600.0,4,0.0,0.0,0.0
2025-07-30,SIM,8,8000.0,4,0.0,0.0,0.0
2025-07-30,SUPERVISION,20,100000.0,16,1.0,5000.0,-1.0
2025-07-31,PASS,16,1600.0,4,0.0,0.0,0.0
2025-07-31,SIM,8,8000.0,4,0.0,0.0,0.0
2025-07-31,SUPERVISION,21,105000.0,15,1.0,5000.0,-1.0
2025-08-01,PASS,17,1700.0,5,1.0,100.0,1.0
2025-08-01,SIM,8,8000.0,4,0.0,0.0,0.0
2025-08-01,SUPERVISION,21,105000.0,13,0.0,0.0,-2.0
2025-08-02,PASS,18,1800.0,3,1.0,100.0,-2.0
2025-08-02,SIM,8,8000.0,5,0.0,0.0,1.0
2025-08-02,SUPERVISION,21,105000.0,13,0.0,0.0,0.0
2025-08-03,PASS,17,1700.0,3,-1.0,-100.0,0.0
2025-08-03,SIM,8,8000.0,4,0.0,0.0,-1.0
2025-08-03,SUPERVISION,22,110000.0,14,1.0,5000.0,1.0
2025-08-04,PASS,16,1600.0,4,-1.0,-100.0,1.0
2025-08-04,SIM,8,8000.0,5,0.0,0.0,1.0
2025-08-04,SUPERVISION,21,105000.0,14,-1.0,-5000.0,0.0
2025-08-05,PASS,16,1600.0,5,0.0,0.0,1.0
2025-08-05,SIM,9,9000.0,4,1.0,1000.0,-1.0
2025-08-05,SUPERVISION,22,110000.0,12,1.0,5000.0,-2.0
2025-08-06,PASS,16,1600.0,5,0.0,0.0,0.0
2025-08-06,SIM,8,8000.0,4,-1.0,-1000.0,0.0
2025-08-06,SUPERVISION,23,115000.0,12,1.0,5000.0,0.0
2025-08-07,PASS,16,1600.0,3,0.0,0.0,-2.0
2025-08-07,SIM,9,9000.0,5,1.0,1000.0,1.0
2025-08-07,SUPERVISION,21,105000.0,14,-2.0,-10000.0,2.0
2025-08-08,PASS,16,1600.0,6,0.0,0.0,3.0
2025-08-08,SIM,8,8000.0,4,-1.0,-1000.0,-1.0
2025-08-08,SUPERVISION,21,105000.0,13,0.0,0.0,-1.0
2025-08-09,PASS,17,1700.0,4,1.0,100.0,-2.0
2025-08-09,SIM,8,8000.0,4,0.0,0.0,0.0
2025-08-09,SUPERVISION,20,100000.0,15,-1.0,-5000.0,2.0
2025-08-10,PASS,18,1800.0,3,1.0,100.0,-1.0
2025-08-10,SIM,8,8000.0,4,0.0,0.0,0.0
2025-08-10,SUPERVISION,21,105000.0,14,1.0,5000.0,-1.0
2025-08-11,PASS,17,1700.0,3,-1.0,-100.0,0.0
2025-08-11,SIM,9,9000.0,5,1.0,1000.0,1.0
2025-08-11,SUPERVISION,21,105000.0,13,0.0,0.0,-1.0
2025-08-12,PASS,17,1700.0,3,0.0,0.0,0.0
2025-08-12,SIM,8,8000.0,6,-1.0,-1000.0,1.0
2025-08-12,SUPERVISION,21,105000.0,13,0.0,0.0,0.0
2025-08-13,PASS,17,1700.0,3,0.0,0.0,0.0
2025-08-13,SIM,9,9000.0,6,1.0,1000.0,0.0
2025-08-13,SUPERVISION,21,105000.0,12,0.0,0.0,-1.0
2025-08-14,PASS,18,1800.0,3,1.0,100.0,0.0
2025-08-14,SIM,9,9000.0,7,0.0,0.0,1.0
2025-08-14,SUPERVISION,20,100000.0,11,-1.0,-5000.0,-1.0
2025-08-15,PASS,19,1900.0,3,1.0,100.0,0.0
2025-08-15,SIM,9,9000.0,6,0.0,0.0,-1.0
2025-08-15,SUPERVISION,19,95000.0,12,-1.0,-5000.0,1.0
2025-08-16,PASS,18,1800.0,3,-1.0,-100.0,0.0
2025-08-16,SIM,9,9000.0,7,0.0,0.0,1.0
2025-08-16,SUPERVISION,19,95000.0,12,0.0,0.0,0.0
2025-08-17,PASS,18,1800.0,3,0.0,0.0,0.0
2025-08-17,SIM,9,9000.0,7,0.0,0.0,0.0
2025-08-17,SUPERVISION,20,100000.0,11,1.0,5000.0,-1.0
2025-08-18,PASS,18,1800.0,3,0.0,0.0,0.0
2025-08-18,SIM,8,8000.0,7,-1.0,-1000.0,0.0
2025-08-18,SUPERVISION,20,100000.0,12,0.0,0.0,1.0
2025-08-19,PASS,17,1700.0,4,-1.0,-100.0,1.0
2025-08-19,SIM,9,9000.0,6,1.0,1000.0,-1.0
2025-08-19,SUPERVISION,21,105000.0,11,1.0,5000.0,-1.0
2025-08-20,PASS,17,1700.0,4,0.0,0.0,0.0
2025-08-20,SIM,9,9000.0,7,0.0,0.0,1.0
2025-08-20,SUPERVISION,21,105000.0,10,0.0,0.0,-1.0
2025-08-21,PASS,16,1600.0,4,-1.0,-100.0,0.0
2025-08-21,SIM,9,9000.0,7,0.0,0.0,0.0
2025-08-21,SUPERVISION,22,110000.0,10,1.0,5000.0,0.0
2025-08-22,PASS,16,1600.0,4,0.0,0.0,0.0
2025-08-22,SIM,10,10000.0,7,1.0,1000.0,0.0
2025-08-22,SUPERVISION,21,105000.0,10,-1.0,-5000.0,0.0
2025-08-23,PASS,18,1800.0,5,2.0,200.0,1.0
2025-08-23,SIM,8,8000.0,6,-2.0,-2000.0,-1.0
2025-08-23,SUPERVISION,21,105000.0,10,0.0,0.0,0.0
2025-08-24,PASS,17,1700.0,6,-1.0,-100.0,1.0
2025-08-24,SIM,8,8000.0,5,0.0,0.0,-1.0
2025-08-24,SUPERVISION,21,105000.0,11,0.0,0.0,1.0
2025-08-25,PASS,17,1700.0,6,0.0,0.0,0.0
2025-08-25,SIM,8,8000.0,6,0.0,0.0,1.0
2025-08-25,SUPERVISION,21,105000.0,10,0.0,0.0,-1.0
2025-08-26,PASS,17,1700.0,6,0.0,0.0,0.0
2025-08-26,SIM,8,8000.0,5,0.0,0.0,-1.0
2025-08-26,SUPERVISION,22,110000.0,10,1.0,5000.0,0.0
2025-08-27,PASS,17,1700.0,7,0.0,0.0,1.0
2025-08-27,SIM,8,8000.0,5,0.0,0.0,0.0
2025-08-27,SUPERVISION,20,100000.0,11,-2.0,-10000.0,1.0
2025-08-28,PASS,18,1800.0,6,1.0,100.0,-1.0
2025-08-28,SIM,7,7000.0,7,-1.0,-1000.0,2.0
2025-08-28,SUPERVISION,18,90000.0,12,-2.0,-10000.0,1.0
2025-08-29,PASS,17,1700.0,7,-1.0,-100.0,1.0
2025-08-29,SIM,7,7000.0,6,0.0,0.0,-1.0
2025-08-29,SUPERVISION,18,90000.0,13,0.0,0.0,1.0
2025-08-30,PASS,17,1700.0,6,0.0,0.0,-1.0
2025-08-30,SIM,7,7000.0,7,0.0,0.0,1.0
2025-08-30,SUPERVISION,20,100000.0,11,2.0,10000.0,-2.0
2025-08-31,PASS,17,1700.0,6,0.0,0.0,0.0
2025-08-31,SIM,8,8000.0,6,1.0,1000.0,-1.0
2025-08-31,SUPERVISION,20,100000.0,11,0.0,0.0,0.0
2025-09-01,PASS,17,1700.0,8,0.0,0.0,2.0
2025-09-01,SIM,8,8000.0,5,0.0,0.0,-1.0
2025-09-01,SUPERVISION,19,95000.0,11,-1.0,-5000.0,0.0
2025-09-02,PASS,17,1700.0,7,0.0,0.0,-1.0
2025-09-02,SIM,8,8000.0,5,0.0,0.0,0.0
2025-09-02,SUPERVISION,20,100000.0,11,1.0,5000.0,0.0
2025-09-03,PASS,19,1900.0,6,2.0,200.0,-1.0
2025-09-03,SIM,7,7000.0,5,-1.0,-1000.0,0.0
2025-09-03,SUPERVISION,19,95000.0,13,-1.0,-5000.0,2.0
2025-09-04,PASS,18,1800.0,6,-1.0,-100.0,0.0
2025-09-04,SIM,7,7000.0,5,0.0,0.0,0.0
2025-09-04,SUPERVISION,21,105000.0,12,2.0,10000.0,-1.0
2025-09-05,PASS,19,1900.0,5,1.0,100.0,-1.0
2025-09-05,SIM,7,7000.0,5,0.0,0.0,0.0
2025-09-05,SUPERVISION,20,100000.0,13,-1.0,-5000.0,1.0
2025-09-06,PASS,19,1900.0,5,0.0,0.0,0.0
2025-09-06,SIM,7,7000.0,7,0.0,0.0,2.0
2025-09-06,SUPERVISION,20,100000.0,11,0.0,0.0,-2.0
2025-09-07,PASS,18,1800.0,6,-1.0,-100.0,1.0
2025-09-07,SIM,8,8000.0,8,1.0,1000.0,1.0
2025-09-07,SUPERVISION,21,105000.0,8,1.0,5000.0,-3.0
2025-09-08,PASS,19,1900.0,8,1.0,100.0,2.0
2025-09-08,SIM,8,8000.0,8,0.0,0.0,0.0
2025-09-08,SUPERVISION,20,100000.0,7,-1.0,-5000.0,-1.0
2025-09-09,PASS,19,1900.0,7,0.0,0.0,-1.0
2025-09-09,SIM,8,8000.0,8,0.0,0.0,0.0
2025-09-09,SUPERVISION,21,105000.0,7,1.0,5000.0,0.0
2025-09-10,PASS,19,1900.0,7,0.0,0.0,0.0
2025-09-10,SIM,8,8000.0,8,0.0,0.0,0.0
2025-09-10,SUPERVISION,21,105000.0,7,0.0,0.0,0.0
2025-09-11,PASS,19,1900.0,7,0.0,0.0,0.0
2025-09-11,SIM,8,8000.0,9,0.0,0.0,1.0
2025-09-11,SUPERVISION,20,100000.0,7,-1.0,-5000.0,0.0
2025-09-12,PASS,19,1900.0,6,0.0,0.0,-1.0
2025-09-12,SIM,8,8000.0,8,0.0,0.0,-1.0
2025-09-12,SUPERVISION,19,95000.0,10,-1.0,-5000.0,3.0
2025-09-13,PASS,19,1900.0,6,0.0,0.0,0.0
2025-09-13,SIM,9,9000.0,8,1.0,1000.0,0.0
2025-09-13,SUPERVISION,18,90000.0,10,-1.0,-5000.0,0.0
2025-09-14,PASS,19,1900.0,6,0.0,0.0,0.0
2025-09-14,SIM,9,9000.0,8,0.0,0.0,0.0
2025-09-14,SUPERVISION,18,90000.0,10,0.0,0.0,0.0
2025-09-15,PASS,19,1900.0,6,0.0,0.0,0.0
2025-09-15,SIM,9,9000.0,8,0.0,0.0,0.0
2025-09-15,SUPERVISION,18,90000.0,10,0.0,0.0,0.0
2025-09-16,PASS,20,2000.0,5,1.0,100.0,-1.0
2025-09-16,SIM,9,9000.0,8,0.0,0.0,0.0
2025-09-16,SUPERVISION,17,85000.0,11,-1.0,-5000.0,1.0
2025-09-17,PASS,19,1900.0,5,-1.0,-100.0,0.0
2025-09-17,SIM,9,9000.0,8,0.0,0.0,0.0
2025-09-17,SUPERVISION,18,90000.0,11,1.0,5000.0,0.0
2025-09-18,PASS,19,1900.0,5,0.0,0.0,0.0
2025-09-18,SIM,8,8000.0,9,-1.0,-1000.0,1.0
2025-09-18,SUPERVISION,19,95000.0,10,1.0,5000.0,-1.0
2025-09-19,PASS,18,1800.0,5,-1.0,-100.0,0.0
2025-09-19,SIM,9,9000.0,9,1.0,1000.0,0.0
2025-09-19,SUPERVISION,19,95000.0,10,0.0,0.0,0.0
2025-09-20,PASS,19,1900.0,6,1.0,100.0,1.0
2025-09-20,SIM,7,7000.0,8,-2.0,-2000.0,-1.0
2025-09-20,SUPERVISION,20,100000.0,10,1.0,5000.0,0.0
2025-09-21,PASS,20,2000.0,6,1.0,100.0,0.0
2025-09-21,SIM,6,6000.0,8,-1.0,-1000.0,0.0
2025-09-21,SUPERVISION,19,95000.0,11,-1.0,-5000.0,1.0
2025-09-22,PASS,20,2000.0,6,0.0,0.0,0.0
2025-09-22,SIM,7,7000.0,8,1.0,1000.0,0.0
2025-09-22,SUPERVISION,18,90000.0,11,-1.0,-5000.0,0.0
2025-09-23,PASS,20,2000.0,5,0.0,0.0,-1.0
2025-09-23,SIM,8,8000.0,7,1.0,1000.0,-1.0
2025-09-23,SUPERVISION,19,95000.0,11,1.0,5000.0,0.0
2025-09-24,PASS,20,2000.0,5,0.0,0.0,0.0
2025-09-24,SIM,8,8000.0,7,0.0,0.0,0.0
2025-09-24,SUPERVISION,18,90000.0,12,-1.0,-5000.0,1.0
2025-09-25,PASS,20,2000.0,6,0.0,0.0,1.0
2025-09-25,SIM,8,8000.0,7,0.0,0.0,0.0
2025-09-25,SUPERVISION,19,95000.0,10,1.0,5000.0,-2.0
2025-09-26,PASS,20,2000.0,5,0.0,0.0,-1.0
2025-09-26,SIM,8,8000.0,7,0.0,0.0,0.0
2025-09-26,SUPERVISION,20,100000.0,10,1.0,5000.0,0.0
2025-09-27,PASS,20,2000.0,5,0.0,0.0,0.0
2025-09-27,SIM,8,8000.0,7,0.0,0.0,0.0
2025-09-27,SUPERVISION,20,100000.0,10,0.0,0.0,0.0
2025-09-28,PASS,20,2000.0,5,0.0,0.0,0.0
2025-09-28,SIM,9,9000.0,7,1.0,1000.0,0.0
2025-09-28,SUPERVISION,19,95000.0,10,-1.0,-5000.0,0.0
2025-09-29,PASS,20,2000.0,5,0.0,0.0,0.0
2025-09-29,SIM,8,8000.0,7,-1.0,-1000.0,0.0
2025-09-29,SUPERVISION,19,95000.0,11,0.0,0.0,1.0
2025-09-30,PASS,20,2000.0,5,0.0,0.0,0.0
2025-09-30,SIM,8,8000.0,7,0.0,0.0,0.0
2025-09-30,SUPERVISION,19,95000.0,11,0.0,0.0,0.0
2025-10-01,PASS,20,2000.0,5,0.0,0.0,0.0
2025-10-01,SIM,8,8000.0,8,0.0,0.0,1.0
2025-10-01,SUPERVISION,18,90000.0,11,-1.0,-5000.0,0.0
2025-10-02,PASS,20,2000.0,5,0.0,0.0,0.0
2025-10-02,SIM,8,8000.0,8,0.0,0.0,0.0
2025-10-02,SUPERVISION,19,95000.0,10,1.0,5000.0,-1.0
2025-10-03,PASS,21,2100.0,6,1.0,100.0,1.0
2025-10-03,SIM,7,7000.0,8,-1.0,-1000.0,0.0
2025-10-03,SUPERVISION,18,90000.0,10,-1.0,-5000.0,0.0
2025-10-04,PASS,22,2200.0,5,1.0,100.0,-1.0
2025-10-04,SIM,8,8000.0,8,1.0,1000.0,0.0
2025-10-04,SUPERVISION,18,90000.0,9,0.0,0.0,-1.0
2025-10-05,PASS,21,2100.0,5,-1.0,-100.0,0.0
2025-10-05,SIM,7,7000.0,8,-1.0,-1000.0,0.0
2025-10-05,SUPERVISION,17,85000.0,12,-1.0,-5000.0,3.0
2025-10-06,PASS,21,2100.0,6,0.0,0.0,1.0
2025-10-06,SIM,8,8000.0,7,1.0,1000.0,-1.0
2025-10-06,SUPERVISION,16,80000.0,12,-1.0,-5000.0,0.0
2025-10-07,PASS,22,2200.0,6,1.0,100.0,0.0
2025-10-07,SIM,7,7000.0,7,-1.0,-1000.0,0.0
2025-10-07,SUPERVISION,18,90000.0,11,2.0,10000.0,-1.0
2025-10-08,PASS,22,2200.0,6,0.0,0.0,0.0
2025-10-08,SIM,7,7000.0,7,0.0,0.0,0.0
2025-10-08,SUPERVISION,18,90000.0,11,0.0,0.0,0.0
2025-10-09,PASS,22,2200.0,6,0.0,0.0,0.0
2025-10-09,SIM,7,7000.0,7,0.0,0.0,0.0
2025-10-09,SUPERVISION,18,90000.0,11,0.0,0.0,0.0
2025-10-10,PASS,22,2200.0,5,0.0,0.0,-1.0
2025-10-10,SIM,8,8000.0,7,1.0,1000.0,0.0
2025-10-10,SUPERVISION,17,85000.0,12,-1.0,-5000.0,1.0
2025-10-11,PASS,21,2100.0,5,-1.0,-100.0,0.0
2025-10-11,SIM,7,7000.0,7,-1.0,-1000.0,0.0
2025-10-11,SUPERVISION,20,100000.0,11,3.0,15000.0,-1.0
2025-10-12,PASS,21,2100.0,5,0.0,0.0,0.0
2025-10-12,SIM,7,7000.0,7,0.0,0.0,0.0
2025-10-12,SUPERVISION,19,95000.0,12,-1.0,-5000.0,1.0
2025-10-13,PASS,21,2100.0,5,0.0,0.0,0.0
2025-10-13,SIM,6,6000.0,7,-1.0,-1000.0,0.0
2025-10-13,SUPERVISION,22,110000.0,10,3.0,15000.0,-2.0
2025-10-14,PASS,20,2000.0,5,-1.0,-100.0,0.0
2025-10-14,SIM,7,7000.0,7,1.0,1000.0,0.0
2025-10-14,SUPERVISION,22,110000.0,10,0.0,0.0,0.0
2025-10-15,PASS,22,2200.0,5,2.0,200.0,0.0
2025-10-15,SIM,6,6000.0,6,-1.0,-1000.0,-1.0
2025-10-15,SUPERVISION,21,105000.0,11,-1.0,-5000.0,1.0
2025-10-16,PASS,21,2100.0,5,-1.0,-100.0,0.0
2025-10-16,SIM,6,6000.0,7,0.0,0.0,1.0
2025-10-16,SUPERVISION,21,105000.0,11,0.0,0.0,0.0
2025-10-17,PASS,20,2000.0,5,-1.0,-100.0,0.0
2025-10-17,SIM,7,7000.0,6,1.0,1000.0,-1.0
2025-10-17,SUPERVISION,22,110000.0,11,1.0,5000.0,0.0
2025-10-18,PASS,21,2100.0,5,1.0,100.0,0.0
2025-10-18,SIM,7,7000.0,6,0.0,0.0,0.0
2025-10-18,SUPERVISION,20,100000.0,12,-2.0,-10000.0,1.0
2025-10-19,PASS,20,2000.0,5,-1.0,-100.0,0.0
2025-10-19,SIM,7,7000.0,7,0.0,0.0,1.0
2025-10-19,SUPERVISION,21,105000.0,11,1.0,5000.0,-1.0
2025-10-20,PASS,21,2100.0,5,1.0,100.0,0.0
2025-10-20,SIM,6,6000.0,6,-1.0,-1000.0,-1.0
2025-10-20,SUPERVISION,21,105000.0,12,0.0,0.0,1.0
2025-10-21,PASS,23,2300.0,5,2.0,200.0,0.0
2025-10-21,SIM,6,6000.0,6,0.0,0.0,0.0
2025-10-21,SUPERVISION,22,110000.0,11,1.0,5000.0,-1.0
2025-10-22,PASS,22,2200.0,5,-1.0,-100.0,0.0
2025-10-22,SIM,7,7000.0,7,1.0,1000.0,1.0
2025-10-22,SUPERVISION,22,110000.0,10,0.0,0.0,-1.0
2025-10-23,PASS,23,2300.0,5,1.0,100.0,0.0
2025-10-23,SIM,8,8000.0,7,1.0,1000.0,0.0
2025-10-23,SUPERVISION,21,105000.0,9,-1.0,-5000.0,-1.0
2025-10-24,PASS,22,2200.0,5,-1.0,-100.0,0.0
2025-10-24,SIM,9,9000.0,7,1.0,1000.0,0.0
2025-10-24,SUPERVISION,21,105000.0,9,0.0,0.0,0.0
2025-10-25,PASS,21,2100.0,6,-1.0,-100.0,1.0
2025-10-25,SIM,7,7000.0,7,-2.0,-2000.0,0.0
2025-10-25,SUPERVISION,23,115000.0,9,2.0,10000.0,0.0
2025-10-26,PASS,22,2200.0,5,1.0,100.0,-1.0
2025-10-26,SIM,7,7000.0,6,0.0,0.0,-1.0
2025-10-26,SUPERVISION,22,110000.0,11,-1.0,-5000.0,2.0
2025-10-27,PASS,21,2100.0,5,-1.0,-100.0,0.0
2025-10-27,SIM,7,7000.0,7,0.0,0.0,1.0
2025-10-27,SUPERVISION,22,110000.0,11,0.0,0.0,0.0
2025-10-28,PASS,21,2100.0,5,0.0,0.0,0.0
2025-10-28,SIM,7,7000.0,8,0.0,0.0,1.0
2025-10-28,SUPERVISION,22,110000.0,10,0.0,0.0,-1.0
2025-10-29,PASS,21,2100.0,5,0.0,0.0,0.0
2025-10-29,SIM,7,7000.0,8,0.0,0.0,0.0
2025-10-29,SUPERVISION,22,110000.0,10,0.0,0.0,0.0
2025-10-30,PASS,21,2100.0,5,0.0,0.0,0.0
2025-10-30,SIM,7,7000.0,7,0.0,0.0,-1.0
2025-10-30,SUPERVISION,22,110000.0,11,0.0,0.0,1.0
2025-10-31,PASS,22,2200.0,5,1.0,100.0,0.0
2025-10-31,SIM,7,7000.0,7,0.0,0.0,0.0
2025-10-31,SUPERVISION,21,105000.0,11,-1.0,-5000.0,0.0
2025-11-01,PASS,23,2300.0,5,1.0,100.0,0.0
2025-11-01,SIM,7,7000.0,6,0.0,0.0,-1.0
2025-11-01,SUPERVISION,20,100000.0,12,-1.0,-5000.0,1.0
2025-11-02,PASS,23,2300.0,5,0.0,0.0,0.0
2025-11-02,SIM,8,8000.0,6,1.0,1000.0,0.0
2025-11-02,SUPERVISION,19,95000.0,12,-1.0,-5000.0,0.0
2025-11-03,PASS,23,2300.0,5,0.0,0.0,0.0
2025-11-03,SIM,8,8000.0,5,0.0,0.0,-1.0
2025-11-03,SUPERVISION,19,95000.0,13,0.0,0.0,1.0
2025-11-04,PASS,22,2200.0,5,-1.0,-100.0,0.0
2025-11-04,SIM,7,7000.0,5,-1.0,-1000.0,0.0
2025-11-04,SUPERVISION,22,110000.0,12,3.0,15000.0,-1.0
2025-11-05,PASS,22,2200.0,5,0.0,0.0,0.0
2025-11-05,SIM,8,8000.0,5,1.0,1000.0,0.0
2025-11-05,SUPERVISION,20,100000.0,13,-2.0,-10000.0,1.0
2025-11-06,PASS,20,2000.0,5,-2.0,-200.0,0.0
2025-11-06,SIM,9,9000.0,6,1.0,1000.0,1.0
2025-11-06,SUPERVISION,20,100000.0,13,0.0,0.0,0.0
2025-11-07,PASS,21,2100.0,5,1.0,100.0,0.0
2025-11-07,SIM,9,9000.0,6,0.0,0.0,0.0
2025-11-07,SUPERVISION,21,105000.0,11,1.0,5000.0,-2.0
2025-11-08,PASS,20,2000.0,5,-1.0,-100.0,0.0
2025-11-08,SIM,9,9000.0,6,0.0,0.0,0.0
2025-11-08,SUPERVISION,22,110000.0,11,1.0,5000.0,0.0
2025-11-09,PASS,20,2000.0,5,0.0,0.0,0.0
2025-11-09,SIM,8,8000.0,5,-1.0,-1000.0,-1.0
2025-11-09,SUPERVISION,23,115000.0,12,1.0,5000.0,1.0
2025-11-10,PASS,20,2000.0,5,0.0,0.0,0.0
2025-11-10,SIM,9,9000.0,5,1.0,1000.0,0.0
2025-11-10,SUPERVISION,22,110000.0,12,-1.0,-5000.0,0.0
2025-11-11,PASS,21,2100.0,5,1.0,100.0,0.0
2025-11-11,SIM,9,9000.0,4,0.0,0.0,-1.0
2025-11-11,SUPERVISION,21,105000.0,13,-1.0,-5000.0,1.0
2025-11-12,PASS,21,2100.0,5,0.0,0.0,0.0
2025-11-12,SIM,9,9000.0,4,0.0,0.0,0.0
2025-11-12,SUPERVISION,21,105000.0,13,0.0,0.0,0.0
2025-11-13,PASS,21,2100.0,5,0.0,0.0,0.0
2025-11-13,SIM,9,9000.0,4,0.0,0.0,0.0
2025-11-13,SUPERVISION,20,100000.0,14,-1.0,-5000.0,1.0
2025-11-14,PASS,21,2100.0,5,0.0,0.0,0.0
2025-11-14,SIM,10,10000.0,4,1.0,1000.0,0.0
2025-11-14,SUPERVISION,20,100000.0,13,0.0,0.0,-1.0
2025-11-15,PASS,21,2100.0,5,0.0,0.0,0.0
2025-11-15,SIM,11,11000.0,4,1.0,1000.0,0.0
2025-11-15,SUPERVISION,19,95000.0,13,-1.0,-5000.0,0.0
2025-11-16,PASS,21,2100.0,5,0.0,0.0,0.0
2025-11-16,SIM,9,9000.0,6,-2.0,-2000.0,2.0
2025-11-16,SUPERVISION,21,105000.0,11,2.0,10000.0,-2.0
2025-11-17,PASS,20,2000.0,5,-1.0,-100.0,0.0
2025-11-17,SIM,9,9000.0,6,0.0,0.0,0.0
2025-11-17,SUPERVISION,22,110000.0,11,1.0,5000.0,0.0
2025-11-18,PASS,21,2100.0,5,1.0,100.0,0.0
2025-11-18,SIM,10,10000.0,6,1.0,1000.0,0.0
2025-11-18,SUPERVISION,20,100000.0,11,-2.0,-10000.0,0.0
2025-11-19,PASS,20,2000.0,5,-1.0,-100.0,0.0
2025-11-19,SIM,10,10000.0,6,0.0,0.0,0.0
2025-11-19,SUPERVISION,21,105000.0,11,1.0,5000.0,0.0
2025-11-20,PASS,20,2000.0,5,0.0,0.0,0.0
2025-11-20,SIM,11,11000.0,6,1.0,1000.0,0.0
2025-11-20,SUPERVISION,20,100000.0,11,-1.0,-5000.0,0.0
2025-11-21,PASS,21,2100.0,6,1.0,100.0,1.0
2025-11-21,SIM,9,9000.0,5,-2.0,-2000.0,-1.0
2025-11-21,SUPERVISION,20,100000.0,12,0.0,0.0,1.0
2025-11-22,PASS,20,2000.0,7,-1.0,-100.0,1.0
2025-11-22,SIM,9,9000.0,5,0.0,0.0,0.0
2025-11-22,SUPERVISION,20,100000.0,12,0.0,0.0,0.0
2025-11-23,PASS,20,2000.0,7,0.0,0.0,0.0
2025-11-23,SIM,9,9000.0,5,0.0,0.0,0.0
2025-11-23,SUPERVISION,21,105000.0,11,1.0,5000.0,-1.0
2025-11-24,PASS,20,2000.0,6,0.0,0.0,-1.0
2025-11-24,SIM,9,9000.0,5,0.0,0.0,0.0
2025-11-24,SUPERVISION,22,110000.0,11,1.0,5000.0,0.0
2025-11-25,PASS,21,2100.0,6,1.0,100.0,0.0
2025-11-25,SIM,8,8000.0,5,-1.0,-1000.0,0.0
2025-11-25,SUPERVISION,21,105000.0,12,-1.0,-5000.0,1.0
2025-11-26,PASS,20,2000.0,6,-1.0,-100.0,0.0
2025-11-26,SIM,8,8000.0,5,0.0,0.0,0.0
2025-11-26,SUPERVISION,24,120000.0,10,3.0,15000.0,-2.0
2025-11-27,PASS,19,1900.0,6,-1.0,-100.0,0.0
2025-11-27,SIM,8,8000.0,5,0.0,0.0,0.0
2025-11-27,SUPERVISION,23,115000.0,12,-1.0,-5000.0,2.0
2025-11-28,PASS,19,1900.0,7,0.0,0.0,1.0
2025-11-28,SIM,8,8000.0,5,0.0,0.0,0.0
2025-11-28,SUPERVISION,22,110000.0,12,-1.0,-5000.0,0.0
2025-11-29,PASS,19,1900.0,6,0.0,0.0,-1.0
2025-11-29,SIM,8,8000.0,6,0.0,0.0,1.0
2025-11-29,SUPERVISION,22,110000.0,12,0.0,0.0,0.0
2025-11-30,PASS,20,2000.0,6,1.0,100.0,0.0
2025-11-30,SIM,9,9000.0,6,1.0,1000.0,0.0
2025-11-30,SUPERVISION,23,115000.0,9,1.0,5000.0,-3.0
2025-12-01,PASS,20,2000.0,6,0.0,0.0,0.0
2025-12-01,SIM,9,9000.0,4,0.0,0.0,-2.0
2025-12-01,SUPERVISION,23,115000.0,11,0.0,0.0,2.0
2025-12-02,PASS,19,1900.0,6,-1.0,-100.0,0.0
2025-12-02,SIM,8,8000.0,4,-1.0,-1000.0,0.0
2025-12-02,SUPERVISION,24,120000.0,12,1.0,5000.0,1.0
2025-12-03,PASS,19,1900.0,6,0.0,0.0,0.0
2025-12-03,SIM,8,8000.0,4,0.0,0.0,0.0
2025-12-03,SUPERVISION,24,120000.0,12,0.0,0.0,0.0
2025-12-04,PASS,19,1900.0,6,0.0,0.0,0.0
2025-12-04,SIM,8,8000.0,4,0.0,0.0,0.0
2025-12-04,SUPERVISION,24,120000.0,12,0.0,0.0,0.0
2025-12-05,PASS,19,1900.0,6,0.0,0.0,0.0
2025-12-05,SIM,8,8000.0,4,0.0,0.0,0.0
2025-12-05,SUPERVISION,24,120000.0,12,0.0,0.0,0.0
2025-12-06,PASS,19,1900.0,6,0.0,0.0,0.0
2025-12-06,SIM,8,8000.0,4,0.0,0.0,0.0
2025-12-06,SUPERVISION,25,125000.0,11,1.0,5000.0,-1.0
2025-12-07,PASS,20,2000.0,6,1.0,100.0,0.0
2025-12-07,SIM,8,8000.0,5,0.0,0.0,1.0
2025-12-07,SUPERVISION,23,115000.0,11,-2.0,-10000.0,0.0
2025-12-08,PASS,20,2000.0,6,0.0,0.0,0.0
2025-12-08,SIM,9,9000.0,4,1.0,1000.0,-1.0
2025-12-08,SUPERVISION,23,115000.0,11,0.0,0.0,0.0
2025-12-09,PASS,19,1900.0,6,-1.0,-100.0,0.0
2025-12-09,SIM,9,9000.0,4,0.0,0.0,0.0
2025-12-09,SUPERVISION,24,120000.0,11,1.0,5000.0,0.0
2025-12-10,PASS,21,2100.0,6,2.0,200.0,0.0
2025-12-10,SIM,9,9000.0,4,0.0,0.0,0.0
2025-12-10,SUPERVISION,23,115000.0,11,-1.0,-5000.0,0.0
2025-12-11,PASS,21,2100.0,7,0.0,0.0,1.0
2025-12-11,SIM,8,8000.0,5,-1.0,-1000.0,1.0
2025-12-11,SUPERVISION,22,110000.0,11,-1.0,-5000.0,0.0
2025-12-12,PASS,20,2000.0,8,-1.0,-100.0,1.0
2025-12-12,SIM,8,8000.0,6,0.0,0.0,1.0
2025-12-12,SUPERVISION,23,115000.0,9,1.0,5000.0,-2.0
2025-12-13,PASS,20,2000.0,7,0.0,0.0,-1.0
2025-12-13,SIM,8,8000.0,6,0.0,0.0,0.0
2025-12-13,SUPERVISION,22,110000.0,11,-1.0,-5000.0,2.0
2025-12-14,PASS,21,2100.0,7,1.0,100.0,0.0
2025-12-14,SIM,8,8000.0,6,0.0,0.0,0.0
2025-12-14,SUPERVISION,21,105000.0,11,-1.0,-5000.0,0.0
2025-12-15,PASS,20,2000.0,7,-1.0,-100.0,0.0
2025-12-15,SIM,8,8000.0,6,0.0,0.0,0.0
2025-12-15,SUPERVISION,21,105000.0,12,0.0,0.0,1.0
2025-12-16,PASS,21,2100.0,7,1.0,100.0,0.0
2025-12-16,SIM,8,8000.0,6,0.0,0.0,0.0
2025-12-16,SUPERVISION,22,110000.0,10,1.0,5000.0,-2.0
2025-12-17,PASS,21,2100.0,5,0.0,0.0,-2.0
2025-12-17,SIM,8,8000.0,6,0.0,0.0,0.0
2025-12-17,SUPERVISION,23,115000.0,11,1.0,5000.0,1.0
2025-12-18,PASS,21,2100.0,5,0.0,0.0,0.0
2025-12-18,SIM,8,8000.0,7,0.0,0.0,1.0
2025-12-18,SUPERVISION,22,110000.0,11,-1.0,-5000.0,0.0
2025-12-19,PASS,21,2100.0,5,0.0,0.0,0.0
2025-12-19,SIM,8,8000.0,9,0.0,0.0,2.0
2025-12-19,SUPERVISION,22,110000.0,9,0.0,0.0,-2.0
2025-12-20,PASS,21,2100.0,4,0.0,0.0,-1.0
2025-12-20,SIM,8,8000.0,8,0.0,0.0,-1.0
2025-12-20,SUPERVISION,21,105000.0,12,-1.0,-5000.0,3.0
2025-12-21,PASS,21,2100.0,4,0.0,0.0,0.0
2025-12-21,SIM,9,9000.0,7,1.0,1000.0,-1.0
2025-12-21,SUPERVISION,21,105000.0,12,0.0,0.0,0.0
2025-12-22,PASS,21,2100.0,5,0.0,0.0,1.0
2025-12-22,SIM,8,8000.0,7,-1.0,-1000.0,0.0
2025-12-22,SUPERVISION,22,110000.0,11,1.0,5000.0,-1.0
2025-12-23,PASS,21,2100.0,5,0.0,0.0,0.0
2025-12-23,SIM,9,9000.0,7,1.0,1000.0,0.0
2025-12-23,SUPERVISION,21,105000.0,11,-1.0,-5000.0,0.0
2025-12-24,PASS,21,2100.0,5,0.0,0.0,0.0
2025-12-24,SIM,9,9000.0,7,0.0,0.0,0.0
2025-12-24,SUPERVISION,22,110000.0,10,1.0,5000.0,-1.0
2025-12-25,PASS,20,2000.0,5,-1.0,-100.0,0.0
2025-12-25,SIM,9,9000.0,7,0.0,0.0,0.0
2025-12-25,SUPERVISION,22,110000.0,11,0.0,0.0,1.0
2025-12-26,PASS,20,2000.0,4,0.0,0.0,-1.0
2025-12-26,SIM,9,9000.0,7,0.0,0.0,0.0
2025-12-26,SUPERVISION,21,105000.0,13,-1.0,-5000.0,2.0
2025-12-27,PASS,19,1900.0,4,-1.0,-100.0,0.0
2025-12-27,SIM,10,10000.0,8,1.0,1000.0,1.0
2025-12-27,SUPERVISION,22,110000.0,11,1.0,5000.0,-2.0
2025-12-28,PASS,19,1900.0,6,0.0,0.0,2.0
2025-12-28,SIM,10,10000.0,7,0.0,0.0,-1.0
2025-12-28,SUPERVISION,21,105000.0,11,-1.0,-5000.0,0.0
2025-12-29,PASS,19,1900.0,5,0.0,0.0,-1.0
2025-12-29,SIM,10,10000.0,7,0.0,0.0,0.0
2025-12-29,SUPERVISION,22,110000.0,11,1.0,5000.0,0.0
2025-12-30,PASS,19,1900.0,5,0.0,0.0,0.0
2025-12-30,SIM,10,10000.0,7,0.0,0.0,0.0
2025-12-30,SUPERVISION,24,120000.0,10,2.0,10000.0,-1.0
2025-12-31,PASS,19,1900.0,5,0.0,0.0,0.0
2025-12-31,SIM,11,11000.0,7,1.0,1000.0,0.0
2025-12-31,SUPERVISION,24,120000.0,10,0.0,0.0,0.0
2026-01-01,PASS,19,1900.0,5,0.0,0.0,0.0
2026-01-01,SIM,10,10000.0,7,-1.0,-1000.0,0.0
2026-01-01,SUPERVISION,25,125000.0,10,1.0,5000.0,0.0
2026-01-02,PASS,19,1900.0,5,0.0,0.0,0.0
2026-01-02,SIM,9,9000.0,7,-1.0,-1000.0,0.0
2026-01-02,SUPERVISION,26,130000.0,10,1.0,5000.0,0.0
2026-01-03,PASS,20,2000.0,5,1.0,100.0,0.0
2026-01-03,SIM,9,9000.0,7,0.0,0.0,0.0
2026-01-03,SUPERVISION,25,125000.0,10,-1.0,-5000.0,0.0
2026-01-04,PASS,21,2100.0,5,1.0,100.0,0.0
2026-01-04,SIM,10,10000.0,6,1.0,1000.0,-1.0
2026-01-04,SUPERVISION,24,120000.0,12,-1.0,-5000.0,2.0
2026-01-05,PASS,20,2000.0,5,-1.0,-100.0,0.0
2026-01-05,SIM,10,10000.0,6,0.0,0.0,0.0
2026-01-05,SUPERVISION,24,120000.0,13,0.0,0.0,1.0
2026-01-06,PASS,20,2000.0,5,0.0,0.0,0.0
2026-01-06,SIM,9,9000.0,6,-1.0,-1000.0,0.0
2026-01-06,SUPERVISION,25,125000.0,13,1.0,5000.0,0.0
2026-01-07,PASS,21,2100.0,5,1.0,100.0,0.0
2026-01-07,SIM,9,9000.0,6,0.0,0.0,0.0
2026-01-07,SUPERVISION,25,125000.0,12,0.0,0.0,-1.0
2026-01-08,PASS,21,2100.0,6,0.0,0.0,1.0
2026-01-08,SIM,10,10000.0,6,1.0,1000.0,0.0
2026-01-08,SUPERVISION,25,125000.0,11,0.0,0.0,-1.0
2026-01-09,PASS,19,1900.0,6,-2.0,-200.0,0.0
2026-01-09,SIM,11,11000.0,5,1.0,1000.0,-1.0
2026-01-09,SUPERVISION,26,130000.0,12,1.0,5000.0,1.0
2026-01-10,PASS,19,1900.0,6,0.0,0.0,0.0
2026-01-10,SIM,11,11000.0,6,0.0,0.0,1.0
2026-01-10,SUPERVISION,25,125000.0,12,-1.0,-5000.0,0.0
2026-01-11,PASS,20,2000.0,6,1.0,100.0,0.0
2026-01-11,SIM,11,11000.0,6,0.0,0.0,0.0
2026-01-11,SUPERVISION,25,125000.0,11,0.0,0.0,-1.0
2026-01-12,PASS,18,1800.0,6,-2.0,-200.0,0.0
2026-01-12,SIM,10,10000.0,8,-1.0,-1000.0,2.0
2026-01-12,SUPERVISION,27,135000.0,10,2.0,10000.0,-1.0
2026-01-13,PASS,19,1900.0,6,1.0,100.0,0.0
2026-01-13,SIM,12,12000.0,7,2.0,2000.0,-1.0
2026-01-13,SUPERVISION,28,140000.0,10,1.0,5000.0,0.0
2026-01-14,PASS,19,1900.0,6,0.0,0.0,0.0
2026-01-14,SIM,12,12000.0,8,0.0,0.0,1.0
2026-01-14,SUPERVISION,28,140000.0,9,0.0,0.0,-1.0
2026-01-15,PASS,19,1900.0,6,0.0,0.0,0.0
2026-01-15,SIM,12,12000.0,8,0.0,0.0,0.0
2026-01-15,SUPERVISION,27,135000.0,10,-1.0,-5000.0,1.0
2026-01-16,PASS,19,1900.0,6,0.0,0.0,0.0
2026-01-16,SIM,13,13000.0,8,1.0,1000.0,0.0
2026-01-16,SUPERVISION,26,130000.0,10,-1.0,-5000.0,0.0
2026-01-17,PASS,19,1900.0,6,0.0,0.0,0.0
2026-01-17,SIM,13,13000.0,7,0.0,0.0,-1.0
2026-01-17,SUPERVISION,25,125000.0,12,-1.0,-5000.0,2.0
2026-01-18,PASS,19,1900.0,6,0.0,0.0,0.0
2026-01-18,SIM,13,13000.0,8,0.0,0.0,1.0
2026-01-18,SUPERVISION,25,125000.0,11,0.0,0.0,-1.0
2026-01-19,PASS,19,1900.0,6,0.0,0.0,0.0
2026-01-19,SIM,13,13000.0,8,0.0,0.0,0.0
2026-01-19,SUPERVISION,25,125000.0,11,0.0,0.0,0.0
2026-01-20,PASS,19,1900.0,6,0.0,0.0,0.0
2026-01-20,SIM,14,14000.0,7,1.0,1000.0,-1.0
2026-01-20,SUPERVISION,25,125000.0,11,0.0,0.0,0.0
2026-01-21,PASS,20,2000.0,6,1.0,100.0,0.0
2026-01-21,SIM,14,14000.0,7,0.0,0.0,0.0
2026-01-21,SUPERVISION,25,125000.0,11,0.0,0.0,0.0
2026-01-22,PASS,20,2000.0,5,0.0,0.0,-1.0
2026-01-22,SIM,13,13000.0,7,-1.0,-1000.0,0.0
2026-01-22,SUPERVISION,25,125000.0,13,0.0,0.0,2.0
2026-01-23,PASS,20,2000.0,5,0.0,0.0,0.0
2026-01-23,SIM,13,13000.0,7,0.0,0.0,0.0
2026-01-23,SUPERVISION,27,135000.0,11,2.0,10000.0,-2.0
2026-01-24,PASS,20,2000.0,5,0.0,0.0,0.0
2026-01-24,SIM,13,13000.0,8,0.0,0.0,1.0
2026-01-24,SUPERVISION,26,130000.0,11,-1.0,-5000.0,0.0
2026-01-25,PASS,20,2000.0,5,0.0,0.0,0.0
2026-01-25,SIM,13,13000.0,9,0.0,0.0,1.0
2026-01-25,SUPERVISION,26,130000.0,10,0.0,0.0,-1.0
2026-01-26,PASS,22,2200.0,5,2.0,200.0,0.0
2026-01-26,SIM,12,12000.0,9,-1.0,-1000.0,0.0
2026-01-26,SUPERVISION,27,135000.0,9,1.0,5000.0,-1.0
2026-01-27,PASS,22,2200.0,6,0.0,0.0,1.0
2026-01-27,SIM,12,12000.0,8,0.0,0.0,-1.0
2026-01-27,SUPERVISION,27,135000.0,9,0.0,0.0,0.0
2026-01-28,PASS,23,2300.0,6,1.0,100.0,0.0
2026-01-28,SIM,12,12000.0,8,0.0,0.0,0.0
2026-01-28,SUPERVISION,26,130000.0,10,-1.0,-5000.0,1.0
2026-01-29,PASS,23,2300.0,6,0.0,0.0,0.0
2026-01-29,SIM,12,12000.0,7,0.0,0.0,-1.0
2026-01-29,SUPERVISION,28,140000.0,10,2.0,10000.0,0.0
2026-01-30,PASS,22,2200.0,5,-1.0,-100.0,-1.0
2026-01-30,SIM,13,13000.0,6,1.0,1000.0,-1.0
2026-01-30,SUPERVISION,27,135000.0,13,-1.0,-5000.0,3.0
2026-01-31,PASS,22,2200.0,6,0.0,0.0,1.0
2026-01-31,SIM,14,14000.0,7,1.0,1000.0,1.0
2026-01-31,SUPERVISION,27,135000.0,10,0.0,0.0,-3.0
2026-02-01,PASS,23,2300.0,6,1.0,100.0,0.0
2026-02-01,SIM,14,14000.0,7,0.0,0.0,0.0
2026-02-01,SUPERVISION,27,135000.0,9,0.0,0.0,-1.0
2026-02-02,PASS,22,2200.0,5,-1.0,-100.0,-1.0
2026-02-02,SIM,15,15000.0,7,1.0,1000.0,0.0
2026-02-02,SUPERVISION,27,135000.0,10,0.0,0.0,1.0
2026-02-03,PASS,23,2300.0,5,1.0,100.0,0.0
2026-02-03,SIM,14,14000.0,7,-1.0,-1000.0,0.0
2026-02-03,SUPERVISION,27,135000.0,10,0.0,0.0,0.0
2026-02-04,PASS,22,2200.0,6,-1.0,-100.0,1.0
2026-02-04,SIM,14,14000.0,6,0.0,0.0,-1.0
2026-02-04,SUPERVISION,29,145000.0,10,2.0,10000.0,0.0
2026-02-05,PASS,22,2200.0,6,0.0,0.0,0.0
2026-02-05,SIM,14,14000.0,6,0.0,0.0,0.0
2026-02-05,SUPERVISION,27,135000.0,12,-2.0,-10000.0,2.0
2026-02-06,PASS,23,2300.0,5,1.0,100.0,-1.0
2026-02-06,SIM,14,14000.0,6,0.0,0.0,0.0
2026-02-06,SUPERVISION,29,145000.0,10,2.0,10000.0,-2.0
2026-02-07,PASS,21,2100.0,5,-2.0,-200.0,0.0
2026-02-07,SIM,14,14000.0,7,0.0,0.0,1.0
2026-02-07,SUPERVISION,31,155000.0,9,2.0,10000.0,-1.0
2026-02-08,PASS,22,2200.0,5,1.0,100.0,0.0
2026-02-08,SIM,13,13000.0,7,-1.0,-1000.0,0.0
2026-02-08,SUPERVISION,30,150000.0,10,-1.0,-5000.0,1.0
2026-02-09,PASS,20,2000.0,5,-2.0,-200.0,0.0
2026-02-09,SIM,13,13000.0,7,0.0,0.0,0.0
2026-02-09,SUPERVISION,31,155000.0,11,1.0,5000.0,1.0
2026-02-10,PASS,21,2100.0,5,1.0,100.0,0.0
2026-02-10,SIM,13,13000.0,7,0.0,0.0,0.0
2026-02-10,SUPERVISION,32,160000.0,9,1.0,5000.0,-2.0
2026-02-11,PASS,20,2000.0,5,-1.0,-100.0,0.0
2026-02-11,SIM,12,12000.0,6,-1.0,-1000.0,-1.0
2026-02-11,SUPERVISION,33,165000.0,11,1.0,5000.0,2.0
2026-02-12,PASS,21,2100.0,5,1.0,100.0,0.0
2026-02-12,SIM,12,12000.0,6,0.0,0.0,0.0
2026-02-12,SUPERVISION,31,155000.0,13,-2.0,-10000.0,2.0
2026-02-13,PASS,22,2200.0,5,1.0,100.0,0.0
2026-02-13,SIM,11,11000.0,8,-1.0,-1000.0,2.0
2026-02-13,SUPERVISION,30,150000.0,12,-1.0,-5000.0,-1.0
2026-02-14,PASS,22,2200.0,6,0.0,0.0,1.0
2026-02-14,SIM,11,11000.0,8,0.0,0.0,0.0
2026-02-14,SUPERVISION,30,150000.0,11,0.0,0.0,-1.0
2026-02-15,PASS,23,2300.0,5,1.0,100.0,-1.0
2026-02-15,SIM,11,11000.0,8,0.0,0.0,0.0
2026-02-15,SUPERVISION,30,150000.0,11,0.0,0.0,0.0
2026-02-16,PASS,23,2300.0,5,0.0,0.0,0.0
2026-02-16,SIM,12,12000.0,7,1.0,1000.0,-1.0
2026-02-16,SUPERVISION,29,145000.0,12,-1.0,-5000.0,1.0
2026-02-17,PASS,21,2100.0,7,-2.0,-200.0,2.0
2026-02-17,SIM,12,12000.0,8,0.0,0.0,1.0
2026-02-17,SUPERVISION,30,150000.0,11,1.0,5000.0,-1.0
2026-02-18,PASS,21,2100.0,6,0.0,0.0,-1.0
2026-02-18,SIM,12,12000.0,7,0.0,0.0,-1.0
2026-02-18,SUPERVISION,31,155000.0,12,1.0,5000.0,1.0
2026-02-19,PASS,21,2100.0,7,0.0,0.0,1.0
2026-02-19,SIM,12,12000.0,7,0.0,0.0,0.0
2026-02-19,SUPERVISION,31,155000.0,11,0.0,0.0,-1.0
2026-02-20,PASS,21,2100.0,5,0.0,0.0,-2.0
2026-02-20,SIM,12,12000.0,7,0.0,0.0,0.0
2026-02-20,SUPERVISION,32,160000.0,12,1.0,5000.0,1.0
2026-02-21,PASS,20,2000.0,6,-1.0,-100.0,1.0
2026-02-21,SIM,13,13000.0,7,1.0,1000.0,0.0
2026-02-21,SUPERVISION,32,160000.0,11,0.0,0.0,-1.0
2026-02-22,PASS,20,2000.0,5,0.0,0.0,-1.0
2026-02-22,SIM,13,13000.0,7,0.0,0.0,0.0
2026-02-22,SUPERVISION,32,160000.0,12,0.0,0.0,1.0
2026-02-23,PASS,20,2000.0,5,0.0,0.0,0.0
2026-02-23,SIM,13,13000.0,7,0.0,0.0,0.0
2026-02-23,SUPERVISION,32,160000.0,12,0.0,0.0,0.0
2026-02-24,PASS,19,1900.0,7,-1.0,-100.0,2.0
2026-02-24,SIM,14,14000.0,7,1.0,1000.0,0.0
2026-02-24,SUPERVISION,32,160000.0,10,0.0,0.0,-2.0
2026-02-25,PASS,19,1900.0,5,0.0,0.0,-2.0
2026-02-25,SIM,14,14000.0,7,0.0,0.0,0.0
2026-02-25,SUPERVISION,33,165000.0,11,1.0,5000.0,1.0
2026-02-26,PASS,19,1900.0,5,0.0,0.0,0.0
2026-02-26,SIM,13,13000.0,7,-1.0,-1000.0,0.0
2026-02-26,SUPERVISION,33,165000.0,12,0.0,0.0,1.0
2026-02-27,PASS,21,2100.0,5,2.0,200.0,0.0
2026-02-27,SIM,12,12000.0,7,-1.0,-1000.0,0.0
2026-02-27,SUPERVISION,32,160000.0,12,-1.0,-5000.0,0.0
2026-02-28,PASS,19,1900.0,5,-2.0,-200.0,0.0
2026-02-28,SIM,13,13000.0,7,1.0,1000.0,0.0
2026-02-28,SUPERVISION,34,170000.0,11,2.0,10000.0,-1.0
2026-03-01,PASS,19,1900.0,5,0.0,0.0,0.0
2026-03-01,SIM,13,13000.0,7,0.0,0.0,0.0
2026-03-01,SUPERVISION,35,175000.0,11,1.0,5000.0,0.0
2026-03-02,PASS,19,1900.0,6,0.0,0.0,1.0
2026-03-02,SIM,13,13000.0,7,0.0,0.0,0.0
2026-03-02,SUPERVISION,33,165000.0,12,-2.0,-10000.0,1.0
2026-03-03,PASS,18,1800.0,5,-1.0,-100.0,-1.0
2026-03-03,SIM,13,13000.0,7,0.0,0.0,0.0
2026-03-03,SUPERVISION,34,170000.0,13,1.0,5000.0,1.0
2026-03-04,PASS,20,2000.0,5,2.0,200.0,0.0
2026-03-04,SIM,14,14000.0,7,1.0,1000.0,0.0
2026-03-04,SUPERVISION,32,160000.0,12,-2.0,-10000.0,-1.0
2026-03-05,PASS,19,1900.0,6,-1.0,-100.0,1.0
2026-03-05,SIM,13,13000.0,7,-1.0,-1000.0,0.0
2026-03-05,SUPERVISION,32,160000.0,13,0.0,0.0,1.0
2026-03-06,PASS,20,2000.0,5,1.0,100.0,-1.0
2026-03-06,SIM,13,13000.0,7,0.0,0.0,0.0
2026-03-06,SUPERVISION,33,165000.0,12,1.0,5000.0,-1.0
2026-03-07,PASS,19,1900.0,5,-1.0,-100.0,0.0
2026-03-07,SIM,13,13000.0,7,0.0,0.0,0.0
2026-03-07,SUPERVISION,33,165000.0,13,0.0,0.0,1.0
2026-03-08,PASS,18,1800.0,6,-1.0,-100.0,1.0
2026-03-08,SIM,14,14000.0,7,1.0,1000.0,0.0
2026-03-08,SUPERVISION,34,170000.0,12,1.0,5000.0,-1.0
2026-03-09,PASS,18,1800.0,6,0.0,0.0,0.0
2026-03-09,SIM,15,15000.0,7,1.0,1000.0,0.0
2026-03-09,SUPERVISION,34,170000.0,12,0.0,0.0,0.0
2026-03-10,PASS,18,1800.0,5,0.0,0.0,-1.0
2026-03-10,SIM,16,16000.0,8,1.0,1000.0,1.0
2026-03-10,SUPERVISION,33,165000.0,12,-1.0,-5000.0,0.0
2026-03-11,PASS,18,1800.0,5,0.0,0.0,0.0
2026-03-11,SIM,16,16000.0,7,0.0,0.0,-1.0
2026-03-11,SUPERVISION,34,170000.0,12,1.0,5000.0,0.0
2026-03-12,PASS,18,1800.0,5,0.0,0.0,0.0
2026-03-12,SIM,17,17000.0,8,1.0,1000.0,1.0
2026-03-12,SUPERVISION,32,160000.0,12,-2.0,-10000.0,0.0
2026-03-13,PASS,19,1900.0,6,1.0,100.0,1.0
2026-03-13,SIM,15,15000.0,8,-2.0,-2000.0,0.0
2026-03-13,SUPERVISION,32,160000.0,12,0.0,0.0,0.0
2026-03-14,PASS,20,2000.0,6,1.0,100.0,0.0
2026-03-14,SIM,15,15000.0,8,0.0,0.0,0.0
2026-03-14,SUPERVISION,32,160000.0,11,0.0,0.0,-1.0
2026-03-15,PASS,19,1900.0,5,-1.0,-100.0,-1.0
2026-03-15,SIM,14,14000.0,9,-1.0,-1000.0,1.0
2026-03-15,SUPERVISION,33,165000.0,12,1.0,5000.0,1.0
2026-03-16,PASS,19,1900.0,5,0.0,0.0,0.0
2026-03-16,SIM,14,14000.0,9,0.0,0.0,0.0
2026-03-16,SUPERVISION,32,160000.0,13,-1.0,-5000.0,1.0
2026-03-17,PASS,19,1900.0,6,0.0,0.0,1.0
2026-03-17,SIM,14,14000.0,8,0.0,0.0,-1.0
2026-03-17,SUPERVISION,33,165000.0,12,1.0,5000.0,-1.0
2026-03-18,PASS,19,1900.0,5,0.0,0.0,-1.0
2026-03-18,SIM,14,14000.0,9,0.0,0.0,1.0
2026-03-18,SUPERVISION,33,165000.0,12,0.0,0.0,0.0
2026-03-19,PASS,19,1900.0,6,0.0,0.0,1.0
2026-03-19,SIM,14,14000.0,9,0.0,0.0,0.0
2026-03-19,SUPERVISION,32,160000.0,12,-1.0,-5000.0,0.0
2026-03-20,PASS,19,1900.0,6,0.0,0.0,0.0
2026-03-20,SIM,14,14000.0,10,0.0,0.0,1.0
2026-03-20,SUPERVISION,33,165000.0,10,1.0,5000.0,-2.0
2026-03-21,PASS,19,1900.0,5,0.0,0.0,-1.0
2026-03-21,SIM,14,14000.0,10,0.0,0.0,0.0
2026-03-21,SUPERVISION,33,165000.0,11,0.0,0.0,1.0
2026-03-22,PASS,18,1800.0,5,-1.0,-100.0,0.0
2026-03-22,SIM,15,15000.0,10,1.0,1000.0,0.0
2026-03-22,SUPERVISION,35,175000.0,10,2.0,10000.0,-1.0
2026-03-23,PASS,18,1800.0,6,0.0,0.0,1.0
2026-03-23,SIM,14,14000.0,10,-1.0,-1000.0,0.0
2026-03-23,SUPERVISION,36,180000.0,9,1.0,5000.0,-1.0
2026-03-24,PASS,18,1800.0,6,0.0,0.0,0.0
2026-03-24,SIM,14,14000.0,10,0.0,0.0,0.0
2026-03-24,SUPERVISION,35,175000.0,10,-1.0,-5000.0,1.0
2026-03-25,PASS,18,1800.0,5,0.0,0.0,-1.0
2026-03-25,SIM,14,14000.0,10,0.0,0.0,0.0
2026-03-25,SUPERVISION,35,175000.0,11,0.0,0.0,1.0
2026-03-26,PASS,18,1800.0,5,0.0,0.0,0.0
2026-03-26,SIM,16,16000.0,10,2.0,2000.0,0.0
2026-03-26,SUPERVISION,37,185000.0,9,2.0,10000.0,-2.0
2026-03-27,PASS,18,1800.0,5,0.0,0.0,0.0
2026-03-27,SIM,15,15000.0,10,-1.0,-1000.0,0.0
2026-03-27,SUPERVISION,37,185000.0,10,0.0,0.0,1.0
2026-03-28,PASS,18,1800.0,5,0.0,0.0,0.0
2026-03-28,SIM,16,16000.0,8,1.0,1000.0,-2.0
2026-03-28,SUPERVISION,36,180000.0,12,-1.0,-5000.0,2.0
2026-03-29,PASS,20,2000.0,5,2.0,200.0,0.0
2026-03-29,SIM,15,15000.0,8,-1.0,-1000.0,0.0
2026-03-29,SUPERVISION,36,180000.0,12,0.0,0.0,0.0
2026-03-30,PASS,19,1900.0,5,-1.0,-100.0,0.0
2026-03-30,SIM,16,16000.0,9,1.0,1000.0,1.0
2026-03-30,SUPERVISION,37,185000.0,10,1.0,5000.0,-2.0
2026-03-31,PASS,21,2100.0,5,2.0,200.0,0.0
2026-03-31,SIM,15,15000.0,9,-1.0,-1000.0,0.0
2026-03-31,SUPERVISION,39,195000.0,10,2.0,10000.0,0.0
2026-04-01,PASS,20,2000.0,6,-1.0,-100.0,1.0
2026-04-01,SIM,14,14000.0,8,-1.0,-1000.0,-1.0
2026-04-01,SUPERVISION,40,200000.0,11,1.0,5000.0,1.0
2026-04-02,PASS,20,2000.0,6,0.0,0.0,0.0
2026-04-02,SIM,14,14000.0,8,0.0,0.0,0.0
2026-04-02,SUPERVISION,40,200000.0,11,0.0,0.0,0.0
2026-04-03,PASS,19,1900.0,4,-1.0,-100.0,-2.0
2026-04-03,SIM,14,14000.0,8,0.0,0.0,0.0
2026-04-03,SUPERVISION,41,205000.0,13,1.0,5000.0,2.0
2026-04-04,PASS,19,1900.0,4,0.0,0.0,0.0
2026-04-04,SIM,14,14000.0,9,0.0,0.0,1.0
2026-04-04,SUPERVISION,41,205000.0,12,0.0,0.0,-1.0
2026-04-05,PASS,19,1900.0,4,0.0,0.0,0.0
2026-04-05,SIM,15,15000.0,9,1.0,1000.0,0.0
2026-04-05,SUPERVISION,41,205000.0,11,0.0,0.0,-1.0
2026-04-06,PASS,19,1900.0,5,0.0,0.0,1.0
2026-04-06,SIM,14,14000.0,7,-1.0,-1000.0,-2.0
2026-04-06,SUPERVISION,42,210000.0,12,1.0,5000.0,1.0
2026-04-07,PASS,18,1800.0,5,-1.0,-100.0,0.0
2026-04-07,SIM,16,16000.0,7,2.0,2000.0,0.0
2026-04-07,SUPERVISION,40,200000.0,13,-2.0,-10000.0,1.0
2026-04-08,PASS,18,1800.0,6,0.0,0.0,1.0
2026-04-08,SIM,18,18000.0,7,2.0,2000.0,0.0
2026-04-08,SUPERVISION,39,195000.0,12,-1.0,-5000.0,-1.0
2026-04-09,PASS,17,1700.0,5,-1.0,-100.0,-1.0
2026-04-09,SIM,20,20000.0,7,2.0,2000.0,0.0
2026-04-09,SUPERVISION,39,195000.0,12,0.0,0.0,0.0
2026-04-10,PASS,17,1700.0,5,0.0,0.0,0.0
2026-04-10,SIM,17,17000.0,7,-3.0,-3000.0,0.0
2026-04-10,SUPERVISION,42,210000.0,12,3.0,15000.0,0.0
2026-04-11,PASS,18,1800.0,5,1.0,100.0,0.0
2026-04-11,SIM,17,17000.0,8,0.0,0.0,1.0
2026-04-11,SUPERVISION,42,210000.0,10,0.0,0.0,-2.0
2026-04-12,PASS,17,1700.0,5,-1.0,-100.0,0.0
2026-04-12,SIM,18,18000.0,8,1.0,1000.0,0.0
2026-04-12,SUPERVISION,41,205000.0,11,-1.0,-5000.0,1.0
2026-04-13,PASS,17,1700.0,5,0.0,0.0,0.0
2026-04-13,SIM,17,17000.0,8,-1.0,-1000.0,0.0
2026-04-13,SUPERVISION,42,210000.0,11,1.0,5000.0,0.0
2026-04-14,PASS,17,1700.0,5,0.0,0.0,0.0
2026-04-14,SIM,18,18000.0,8,1.0,1000.0,0.0
2026-04-14,SUPERVISION,40,200000.0,12,-2.0,-10000.0,1.0
2026-04-15,PASS,17,1700.0,5,0.0,0.0,0.0
2026-04-15,SIM,16,16000.0,9,-2.0,-2000.0,1.0
2026-04-15,SUPERVISION,40,200000.0,13,0.0,0.0,1.0
2026-04-16,PASS,16,1600.0,6,-1.0,-100.0,1.0
2026-04-16,SIM,16,16000.0,8,0.0,0.0,-1.0
2026-04-16,SUPERVISION,41,205000.0,13,1.0,5000.0,0.0
2026-04-17,PASS,16,1600.0,6,0.0,0.0,0.0
2026-04-17,SIM,15,15000.0,8,-1.0,-1000.0,0.0
2026-04-17,SUPERVISION,43,215000.0,12,2.0,10000.0,-1.0
2026-04-18,PASS,16,1600.0,6,0.0,0.0,0.0
2026-04-18,SIM,15,15000.0,8,0.0,0.0,0.0
2026-04-18,SUPERVISION,42,210000.0,13,-1.0,-5000.0,1.0
2026-04-19,PASS,16,1600.0,6,0.0,0.0,0.0
2026-04-19,SIM,15,15000.0,8,0.0,0.0,0.0
2026-04-19,SUPERVISION,43,215000.0,12,1.0,5000.0,-1.0
2026-04-20,PASS,16,1600.0,7,0.0,0.0,1.0
2026-04-20,SIM,15,15000.0,8,0.0,0.0,0.0
2026-04-20,SUPERVISION,43,215000.0,11,0.0,0.0,-1.0
2026-04-21,PASS,15,1500.0,6,-1.0,-100.0,-1.0
2026-04-21,SIM,16,16000.0,9,1.0,1000.0,1.0
2026-04-21,SUPERVISION,44,220000.0,10,1.0,5000.0,-1.0
2026-04-22,PASS,14,1400.0,6,-1.0,-100.0,0.0
2026-04-22,SIM,17,17000.0,8,1.0,1000.0,-1.0
2026-04-22,SUPERVISION,45,225000.0,10,1.0,5000.0,0.0
2026-04-23,PASS,15,1500.0,6,1.0,100.0,0.0
2026-04-23,SIM,16,16000.0,8,-1.0,-1000.0,0.0
2026-04-23,SUPERVISION,45,225000.0,10,0.0,0.0,0.0
2026-04-24,PASS,14,1400.0,6,-1.0,-100.0,0.0
2026-04-24,SIM,16,16000.0,8,0.0,0.0,0.0
2026-04-24,SUPERVISION,47,235000.0,9,2.0,10000.0,-1.0
2026-04-25,PASS,12,1200.0,6,-2.0,-200.0,0.0
2026-04-25,SIM,16,16000.0,8,0.0,0.0,0.0
2026-04-25,SUPERVISION,49,245000.0,9,2.0,10000.0,0.0
